sample_idx,segment_idx,ee_x,ee_y,base_x,base_y,j1_x,j1_y,j2_x,j2_y,j3_x,j3_y,theta1,theta2,theta3
0,0,295.0,15.000000000000002,15.0,15.0,165.68965517241378,-63.693251451563654,305.0,15.0,295.0,15.000000000000002,-0.4812657048460797,0.995459232092684,2.627399126343189
1,0,294.9924588863482,15.004055682896542,15.0,15.0,165.68670115045592,-63.69890784752472,304.9924587596413,15.00246378557263,294.9924588863482,15.004055682896542,-0.4813032419377708,0.995555058575838,2.6271816472186624
2,0,294.9700400501695,15.016112746965264,15.0,15.0,165.67791941685712,-63.715720159362775,304.9700380502556,15.009788328161449,294.9700400501695,15.016112746965264,-0.48141481649346324,0.9958399069173324,2.626535121243381
3,0,294.9330502486296,15.036006215274778,15.0,15.0,165.66343078797897,-63.743448128691156,304.9330402618146,15.021873409440772,294.9330502486296,15.036006215274778,-0.48159884679153736,0.9963097844536983,2.625468434873759
4,0,294.88179623889397,15.063571110893657,15.0,15.0,165.64335648176308,-63.78184529387754,304.8817651080061,15.038618820661696,294.88179623889397,15.063571110893657,-0.4818537176845992,0.9969606408990823,2.623990498762821
5,0,294.8165847781282,15.098642456890564,15.0,15.0,165.6178180911463,-63.83065947626193,304.8165098233454,15.059924372789453,294.8165847781282,15.098642456890564,-0.4821777832202687,0.9977883730290351,2.6221102456972014
6,0,294.73772262349746,15.141055276334107,15.0,15.0,165.58693755899714,-63.8896332644708,304.7375693561316,15.085689909659465,294.73772262349746,15.141055276334107,-0.4825693692516911,0.998788829392072,2.619836628496095
7,0,294.64551653216756,15.190644592292898,15.0,15.0,165.5508371544694,-63.95850449500949,304.64523655727544,15.11581532358062,294.64551653216756,15.190644592292898,-0.48302677602773203,0.9999578150225903,2.617178617888537
8,0,294.5402732613039,15.247245427835544,15.0,15.0,165.50963945068062,-64.037006727394,304.53980236502275,15.150200572847908,294.5402732613039,15.247245427835544,-0.4835482807532314,1.001291096129953,2.6141452003845673
9,0,294.42229956807205,15.310692806030678,15.0,15.0,165.46346730363436,-64.12486971217176,304.4215559856009,15.188745700660888,294.42229956807205,15.310692806030678,-0.4841321401101639,1.0027844047398824,2.6107453761550055
10,0,294.2919022096374,15.38082174994689,15.0,15.0,165.4124438323127,-64.22181985028733,304.2907850698152,15.23135085497664,294.2919022096374,15.38082174994689,-0.48477659273114054,1.0044334432658482,2.606988156933557
11,0,294.1493879431655,15.457467282652772,15.0,15.0,165.3566923998691,-64.32758064236636,304.14777588561947,15.277916308858536,294.1493879431655,15.457467282652772,-0.48547986161733625,1.0062338889898028,2.6028825639540107
12,0,293.9950635258219,15.540464427217067,15.0,15.0,165.29633659585457,-64.44187312661748,303.9928134866829,15.328342480913122,293.9950635258219,15.540464427217067,-0.48624015649364166,1.0081813984333838,2.598437625934184
13,0,293.829235714772,15.629648206708215,15.0,15.0,165.23150021940847,-64.56441630418634,303.82618187697017,15.382529955437164,293.829235714772,15.629648206708215,-0.48705567609459305,1.010271611602555,2.593662377117214
14,0,293.6522112671813,15.72485364419494,15.0,15.0,165.16230726334769,-64.69492755092988,303.6481641713512,15.440379501929058,293.6522112671813,15.72485364419494,-0.4879246103753983,1.012500156090519,2.5885658553796738
15,0,293.4642969402155,15.825915762745826,15.0,15.0,165.0888818990801,-64.83312301472361,303.45904275224734,15.501792093644,293.4642969402155,15.825915762745826,-0.488845142643201,1.0148626510256784,2.5831571004148675
16,0,293.2657994910398,15.932669585429478,15.0,15.0,165.01134846226876,-64.97871799755094,303.2590994223185,15.56666892490449,293.2657994910398,15.932669585429478,-0.48981545160450296,1.0173547108533068,2.577445151998589
17,0,293.0570256768199,16.044950135314544,15.0,15.0,164.92983143916805,-65.13142732176095,303.0486155531911,15.634911426902761,293.0570256768199,16.044950135314544,-0.4908337133254535,1.0199719489414425,2.5714390483435157
18,0,292.8382822547212,16.16259243546961,15.0,15.0,164.84445545354737,-65.29096568001822,302.8278722302168,15.706421281759319,292.8382822547212,16.16259243546961,-0.4918981031025012,1.0227099810033866,2.565147824547358
19,0,292.60987598190934,16.285431508963295,15.0,15.0,164.7553452541151,-65.45704796859494,302.59715039325204,15.781100434628755,292.60987598190934,16.285431508963295,-0.4930067972416296,1.0255644283309104,2.5585805111388953
20,0,292.3721136155497,16.413302378864234,15.0,15.0,164.6626257023508,-65.6293896037794,302.3567309734375,15.858851103668101,292.3721136155497,16.413302378864234,-0.49415797474511436,1.0285309208339726,2.55174613272501
21,0,292.1253019128078,16.546040068241027,15.0,15.0,164.5664217606493,-65.80770682129011,302.10689502595557,15.93957578770899,292.1253019128078,16.546040068241027,-0.49534981890539476,1.0316050998843165,2.544653706740962
22,0,291.86974763084913,16.683479600162322,15.0,15.0,164.46685848067742,-65.99171695869367,301.8479238587357,16.023177271498852,291.86974763084913,16.683479600162322,-0.4965805188062859,1.0347826209618298,2.5373122423052457
23,0,291.60575752683917,16.825455997696675,15.0,15.0,164.3640609918414,-66.18113872092137,301.58009915707385,16.109558628399142,291.60575752683917,16.825455997696675,-0.4978482707323064,1.038059156103882,2.5297307391795743
24,0,291.3336383579436,16.971804283912714,15.0,15.0,164.2581544897608,-66.37569242907057,301.3037031041279,16.19862322045296,291.3336383579436,16.971804283912714,-0.499151279487424,1.0414303961591482,2.5219181868338056
25,0,291.05369688132765,17.12235948187903,15.0,15.0,164.1492642246441,-66.57510025275668,301.0190184972466,16.290274695754903,291.05369688132765,17.12235948187903,-0.5004877596249735,1.0448920528485441,2.5138835636149253
26,0,290.766239854157,17.276956614664368,15.0,15.0,164.03751548946138,-66.7790864263508,300.7263288600871,16.384416983079063,290.766239854157,17.276956614664368,-0.5018559365908968,1.0484398606369116,2.505635836018597
27,0,290.4715740335971,17.435430705337208,15.0,15.0,163.92303360780983,-66.9873774495022,300.4259185504709,16.480954283740388,290.4715740335971,17.435430705337208,-0.5032540477828202,1.0520695784200258,2.497183958061237
28,0,290.17000617681344,17.597616776966216,15.0,15.0,163.80594392137039,-67.19970227239253,300.1180728639281,16.579791060687015,290.17000617681344,17.597616776966216,-0.5046803435277468,1.0557769910322268,2.4885368707500763
29,0,289.86184304097145,17.76334985261995,15.0,15.0,163.68637177685727,-67.41579246621475,299.803078132877,16.68083202483774,289.86184304097145,17.76334985261995,-0.506133087981403,1.0595579105806907,2.4797035016482285
30,0,289.54739138323686,17.932464955367163,15.0,15.0,163.56444251236607,-67.63538237940135,299.4812218213852,16.783982118700578,289.54739138323686,17.932464955367163,-0.5076105599524454,1.0634081776128805,2.470692764531452
31,0,289.226957960775,18.104797108276315,15.0,15.0,163.44028144303132,-67.85820928015315,299.1527926154572,16.889146497323395,289.226957960775,18.104797108276315,-0.5091110536548803,1.0673236621241826,2.461513559132933
32,0,288.9008495307513,18.280181334416127,15.0,15.0,163.31401384591166,-68.08401348583689,298.8180805087952,16.99623050664823,288.9008495307513,18.280181334416127,-0.5106328793921256,1.0713002644130836,2.4521747709721673
33,0,288.56937285033143,18.45845265685516,15.0,15.0,163.18576494402777,-68.3125384798312,298.4773768839799,17.105139659353853,288.56937285033143,18.45845265685516,-0.5121743641761998,1.075333915791496,2.442685271263827
34,0,288.2328346766807,18.639446098662056,15.0,15.0,163.0556598894863,-68.5435310164034,298.13097458901734,17.215779608289978,288.2328346766807,18.639446098662056,-0.5137338522855178,1.0794205791580225,2.4330539169022893
35,0,287.8915417669648,18.82299668290535,15.0,15.0,162.92382374563374,-68.7767412141979,297.7791680092063,17.328056117619383,287.8915417669648,18.82299668290535,-0.5153097057647462,1.0835562494420274,2.4232895505174215
36,0,287.5458008783491,19.008939432653825,15.0,15.0,162.79038146819317,-69.01192263890847,297.4222531342746,17.441875031799853,287.5458008783491,19.008939432653825,-0.5169003048700974,1.0877369539264192,2.413401000597093
37,0,287.1959187679992,19.19710937097595,15.0,15.0,162.65545788534902,-69.24883237569483,297.06052762074546,17.557142242549105,287.1959187679992,19.19710937097595,-0.5185040484633543,1.0919587524569876,2.403397081671862
38,0,286.84220219308054,19.387341520940396,15.0,15.0,162.51917767675607,-69.48723109188556,296.6942908494907,17.673763653951596,286.84220219308054,19.387341520940396,-0.5201193543577829,1.0962177375460485,2.393286594557245
39,0,286.48495791075857,19.57947090561576,15.0,15.0,162.38166535146274,-69.72688309048931,296.32384397843936,17.79164514587383,286.48495791075857,19.57947090561576,-0.5217446596189488,1.100510034377976,2.383078326648998
40,0,286.1244926781989,19.77333254807066,15.0,15.0,162.24304522474998,-69.96755635501255,295.94948999040946,17.91069253586859,286.1244926781989,19.77333254807066,-0.5233784208232909,1.1048318007240243,2.37278105226687
41,0,285.761113252567,19.968761471373746,15.0,15.0,162.1034413939024,-70.2090225860544,295.5715337360399,18.03081153975667,285.761113252567,19.968761471373746,-0.5250191142771135,1.1091792267735818,2.362403533042343
42,0,285.3951263910283,20.16559269859356,15.0,15.0,161.9629777129422,-70.45105723012007,295.19028197180523,18.151907731083853,285.3951263910283,20.16559269859356,-0.5266652361984603,1.1135485348887197,2.351954518345956
43,0,285.0268388507484,20.363661252798828,15.0,15.0,161.82177776636956,-70.69343950106557,294.80604339309957,18.273886499659653,285.0268388507484,20.363661252798828,-0.5283153028641396,1.1179359792886392,2.34144274574988
44,0,284.6565573888927,20.562802157058023,15.0,15.0,161.6799648419692,-70.93595239455183,294.4191286623869,18.39665300938954,284.6565573888927,20.562802157058023,-0.52996785072393,1.122337845670233,2.3308769415215664
45,0,284.2845887626268,20.762850434439876,15.0,15.0,161.53766190275672,-71.17838269585569,294.02985043241904,18.52011215562119,284.2845887626268,20.762850434439876,-0.5316214364837945,1.126750450770699,2.320265821144345
46,0,283.9112397291162,20.96364110801295,15.0,15.0,161.3949915581536,-71.42052098135103,293.63852336452993,18.644168522227076,283.9112397291162,20.96364110801295,-0.5332746371596911,1.1311701418777427,2.3096180898610355
47,0,283.5368170455262,21.165009200845855,15.0,15.0,161.25207603449357,-71.6621616139403,293.24546414202536,18.76872633865304,283.5368170455262,21.165009200845855,-0.5349260501033497,1.1355932962925754,2.2989424432367187
48,0,283.16162746902256,21.36678973600726,15.0,15.0,161.10903714497917,-71.90310273268209,292.85099147869107,18.8936894371637,283.16162746902256,21.36678973600726,-0.5365742930011439,1.1400163207505112,2.2882475677370224
49,0,282.78597775677065,21.56881773656574,15.0,15.0,160.965996259219,-72.14314623683075,292.45542612245174,19.018961210518228,282.78597775677065,21.56881773656574,-0.5382180038469865,1.1444356508036404,2.277542141318333
50,0,282.410174665936,21.770928225589884,15.0,15.0,160.8230742724929,-72.38209776446786,292.0590908542215,19.144444570312018,282.410174665936,21.770928225589884,-0.5398558408899289,1.1488477501696415,2.2668348340265885
51,0,282.03452495368407,21.97295622614836,15.0,15.0,160.68039157490367,-72.61976666587704,291.6623104819935,19.270041906219504,282.03452495368407,21.97295622614836,-0.5414864825569496,1.1532491100504527,2.2561343086013954
52,0,281.6593353771804,22.17473676130971,15.0,15.0,160.5380680205871,-72.85596597178224,291.2654118302231,19.39565504637241,281.6593353771804,22.17473676130971,-0.5431086273512021,1.1576362484241591,2.2454492210823864
53,0,281.28491269359046,22.376104854142657,15.0,15.0,160.39622289716542,-73.09051235654036,290.8687237245683,19.52118521910795,281.28491269359046,22.376104854142657,-0.5447209937257896,1.1620057093130898,2.2347882214149015
54,0,280.9115636600798,22.576895527715706,15.0,15.0,160.25497489563833,-73.32322609635291,290.472576972056,19.64653301631637,280.9115636600798,22.576895527715706,-0.5463223199329537,1.1663540620307877,2.2241599540522046
55,0,280.5395950338139,22.77694380509761,15.0,15.0,160.11444208091942,-73.55393102253272,290.07730433675033,19.77159835861741,280.5395950338139,22.77694380509761,-0.5479113638483678,1.1706779004101682,2.213573058551619
56,0,280.1693135719582,22.976084709356783,15.0,15.0,159.97474186323217,-73.78245446983992,289.6832405110081,19.89628046258707,280.1693135719582,22.976084709356783,-0.5494869027700725,1.1749738420148663,2.2030361701621146
57,0,279.8010260316783,23.174153263562005,15.0,15.0,159.83599097059124,-74.00862721987578,289.2907220824069,20.020477810255798,279.8010260316783,23.174153263562005,-0.5510477331914141,1.1792385273354657,2.192557920401021
58,0,279.4350391701396,23.37098449078187,15.0,15.0,159.6983054225995,-74.23228343950474,288.9000874964429,20.144088121088103,279.4350391701396,23.37098449078187,-0.5525926705472252,1.1834686189720132,2.182146937617688
59,0,279.0716597445077,23.566413414084955,15.0,15.0,159.56180050580016,-74.45326061425166,288.5116770150969,20.267008326652046,279.0716597445077,23.566413414084955,-0.5541205489323211,1.187660800803915,2.1718118475420907
60,0,278.711194511948,23.76027505653984,15.0,15.0,159.42659075082636,-74.67139947660746,288.1258326713713,20.389134548176173,278.711194511948,23.76027505653984,-0.5556302207912982,1.1918117771480943,2.1615612738164667
61,0,278.35395022962615,23.95240444121523,15.0,15.0,159.29278991159558,-74.88654392915626,287.7428982199083,20.510362077185192,278.35395022962615,23.95240444121523,-0.5571205565784818,1.1959182719059789,2.15140383850828
62,0,278.0002336547075,24.142636591179656,15.0,15.0,159.1605109467976,-75.09854096242763,287.363219083796,20.63058535939561,278.0002336547075,24.142636591179656,-0.5585904443868096,1.1999770276997157,2.1413481626028865
63,0,277.65035154435753,24.33080652950178,15.0,15.0,159.02986600392663,-75.30724056735949,286.9871422976801,20.749697982044808,277.65035154435753,24.33080652950178,-0.5600387895443236,1.2039848049977315,2.131402866474465
64,0,277.30461065574184,24.516749279250234,15.0,15.0,158.90096640610702,-75.51249564225074,286.6150164472916,20.867592664815007,277.30461065574184,24.516749279250234,-0.5614645141769021,1.207938381229593,2.121576570333894
65,0,276.96331774602595,24.700299863493555,15.0,15.0,158.77392264195882,-75.71416189407277,286.2471916055082,20.984161254504087,276.96331774602595,24.700299863493555,-0.5628665567358084,1.2118345498899286,2.1118778946523733
66,0,276.62677957237526,24.88129330530043,15.0,15.0,158.64884435874814,-75.91209773399883,285.8840192650642,21.09929472358401,276.62677957237526,24.88129330530043,-0.5642438714885766,1.2156701196309685,2.102315460559773
67,0,276.2953028919554,25.059564627739498,15.0,15.0,158.52584035905906,-76.10616416700843,285.52585226802336,21.212883172774596,276.2953028919554,25.059564627739498,-0.5655954279717565,1.2194419133431393,2.09289789021678
68,0,275.9691944619317,25.234948853879295,15.0,15.0,158.40501860121836,-76.29622467541698,285.17304473212687,21.32481583774951,275.9691944619317,25.234948853879295,-0.5669202104040132,1.2231467672229799,2.083633807160086
69,0,275.6487610394698,25.407281006788406,15.0,15.0,158.28648620369484,-76.48214509617912,284.8259519741266,21.43498110007792,275.6487610394698,25.407281006788406,-0.568217217058084,1.226781529827522,2.074531836619963
70,0,275.3343093817351,25.576396109535608,15.0,15.0,158.170349453685,-76.66379349181294,284.4849304302097,21.543266502491804,275.3343093817351,25.576396109535608,-0.5694854595901181,1.2303430611141566,2.065600605809734
71,0,275.02614624589324,25.74212918518942,15.0,15.0,158.056713820083,-76.84104001479336,284.15033757361584,21.649558768554968,275.02614624589324,25.74212918518942,-0.5707239623249523,1.2338282314649103,2.0568487441867735
72,0,274.7245783891096,25.90431525681836,15.0,15.0,157.94568397102137,-77.01375676526249,283.82253182954304,21.75374382679756,274.7245783891096,25.90431525681836,-0.5719317614959156,1.237233920693947,2.0482848836848127
73,0,274.42991256854964,26.06278934749125,15.0,15.0,157.83736379615007,-77.18181764190959,283.50187248743185,21.855706839363478,274.42991256854964,26.06278934749125,-0.5731079044378207,1.240557017037041,2.0399176589174557
74,0,274.1424555413789,26.217386480276556,15.0,15.0,157.73185643380614,-77.34509818587748,283.188719610709,21.955332235203144,274.1424555413789,26.217386480276556,-0.5742514487318658,1.2437944161216872,2.031755707352971
75,0,273.8625140647631,26.36794167824293,15.0,15.0,157.62926430320576,-77.50347541755539,282.8834339440642,22.05250374783199,273.8625140647631,26.36794167824293,-0.5753614613012525,1.2469430199164595,2.0238076694605507
76,0,273.5903948958674,26.51428996445895,15.0,15.0,157.52968914176978,-77.65682766612763,282.5863768183241,22.147104457655715,273.5903948958674,26.51428996445895,-0.5764370174564157,1.2499997356581634,2.01608218882839
77,0,273.3264047918575,26.656266361993296,15.0,15.0,157.43323204767142,-77.80503439175155,282.29791005297704,22.239016838850574,273.3264047918575,26.656266361993296,-0.5774771998888686,1.2529614747552849,2.008587912254082
78,0,273.0708505098989,26.793705893914577,15.0,15.0,157.339993527669,-77.94797600025053,282.01839585639067,22.328122810769287,273.0708505098989,26.793705893914577,-0.5784810976127881,1.255825151666218,2.0013334898079735
79,0,272.82403880715697,26.926443583291412,15.0,15.0,157.2500735502629,-78.08553365021223,281.74819672375287,22.41430379382807,272.82403880715697,26.926443583291412,-0.5794478048535681,1.2585876827506772,1.9943275748703102
80,0,272.5862764407973,27.054314453192283,15.0,15.0,157.1635716041862,-78.21758905239625,281.4876753327536,22.497440769812542,272.5862764407973,27.054314453192283,-0.580376419882729,1.2612459850927151,1.987578824143125
81,0,272.35787016798537,27.177153526686027,15.0,15.0,157.08058676221026,-78.34402426136364,281.2371944370101,22.57741434652499,272.35787016798537,27.177153526686027,-0.5812660437986985,1.2637969752937188,1.9810958976380242
82,0,272.13912674588676,27.29479582684111,15.0,15.0,157.00121775021637,-78.46472145925239,280.99711675722557,22.654104826675066,272.13912674588676,27.29479582684111,-0.5821157792531282,1.2662375682337221,1.9748874586411898
83,0,271.93035293166685,27.407076376726124,15.0,15.0,156.92556302145186,-78.5795627316344,280.767804870054,22.72739228090329,271.93035293166685,27.407076376726124,-0.5829247291225784,1.2685646757993805,1.968962173657093
84,0,271.7318554824912,27.513830199409803,15.0,15.0,156.85372083585676,-78.68842983540078,280.5496210946298,22.79715662480389,271.7318554824912,27.513830199409803,-0.5836919951255494,1.2707752055768844,1.9633287123326082
85,0,271.5439411555253,27.61489231796068,15.0,15.0,156.7857893443118,-78.79120395863588,280.3429273767022,22.86327769979779,271.5439411555253,27.61489231796068,-0.5844166763850258,1.272866059508107,1.9579957473634124
86,0,271.3669167079347,27.71009775544742,15.0,15.0,156.7218666776238,-78.88776547245024,280.14808517029917,22.925635357687852,271.3669167079347,27.71009775544742,-0.5850978679368547,1.2748341325082135,1.9529719543847524
87,0,271.20108889688476,27.799281534938565,15.0,15.0,156.66205104002808,-78.97799367475604,279.9654553168272,22.98410954870748,271.20108889688476,27.799281534938565,-0.5857346591844561,1.2766763110429302,1.9482660118488875
88,0,271.04676447954114,27.88227867950283,15.0,15.0,156.60644080694954,-79.0617665259796,279.79539792149546,23.03858041285588,271.04676447954114,27.88227867950283,-0.5863261323005454,1.2783894716636302,1.9438866008917262
89,0,270.9042502130692,27.958924212208707,15.0,15.0,156.5551346267265,-79.13896037671827,279.63827222693305,23.08892837429046,270.9042502130692,27.958924212208707,-0.5868713605767204,1.2799704794983322,1.9398424051914116
90,0,270.7738528546346,28.029053156124938,15.0,15.0,156.50823152596308,-79.20944968735581,279.49443648385403,23.135034238528732,270.7738528546346,28.029053156124938,-0.5873694067219248,1.2814161866966196,1.9361421108218693
91,0,270.6558791614028,28.092500534320074,15.0,15.0,156.46583101813528,-79.27310673966568,279.364247818599,23.176779292186524,270.6558791614028,28.092500534320074,-0.5878193211109947,1.2827234308264264,1.9327944061045677
92,0,270.55063589053907,28.149101369862702,15.0,15.0,156.42803321503854,-79.3298013404351,279.2480620973706,23.214045404960203,270.55063589053907,28.149101369862702,-0.5882201399846317,1.2838890332205048,1.92980798146202
93,0,270.45842979920917,28.19869068582149,15.0,15.0,156.3949389406241,-79.37940051715303,279.1462337869584,23.246715133534522,270.45842979920917,28.19869068582149,-0.5885708836023188,1.2849097972702634,1.9271915292768673
94,0,270.3795676445785,28.241103505265016,15.0,15.0,156.36664984673018,-79.4217682058114,279.05911581172745,23.274671827073817,270.3795676445785,28.241103505265016,-0.5888705543498416,1.285782506664528,1.924953743760634
95,0,270.31435618381266,28.276174851261946,15.0,15.0,156.34326853017896,-79.45676493087048,278.9870594066333,23.297799733929352,270.31435618381266,28.276174851261946,-0.5891181348031999,1.2865039235705609,1.9231033208366226
96,0,270.26310217407706,28.303739746880872,15.0,15.0,156.32489865066663,-79.48424747744357,278.9304139660029,23.31598410916739,270.26310217407706,28.303739746880872,-0.5893125857508293,1.287070786754477,1.92164895804172
97,0,270.22611237253716,28.323633215190323,15.0,15.0,156.31164504884043,-79.50406855575335,278.8895268878072,23.329111322495535,270.22611237253716,28.323633215190323,-0.5894528441761401,1.28747980963792,1.9205993544522575
98,0,270.2036935363585,28.33569027925907,15.0,15.0,156.30361386391544,-79.51607645790996,278.8647434131335,23.33706896613522,270.2036935363585,28.33569027925907,-0.5895378212024732,1.287727678287574,1.919963210639457
99,0,270.19615242270663,28.339745962155586,15.0,15.0,156.30091265015088,-79.52011470705288,278.856406460551,23.33974596215559,270.19615242270663,28.339745962155586,-0.5895664000026252,1.2878110493337154,1.9197492286604048
100,1,270.19615242270663,28.339745962155586,15.0,15.0,156.30091265015088,-79.52011470705288,278.856406460551,23.33974596215559,270.19615242270663,28.339745962155586,-0.5895664000026252,1.2878110493337154,1.9197492286604048
101,1,270.1946312474272,28.327579090096453,15.0,15.0,156.2942147158088,-79.53012687943945,278.8535122092097,23.325201606371394,270.1946312474272,28.327579090096453,-0.5896372587783988,1.2878449280205029,1.9195116588125516
102,1,270.1899996866839,28.291612415154503,15.0,15.0,156.2743208534278,-79.55985547473477,278.8447896074007,23.28216020675295,270.1899996866839,28.291612415154503,-0.5898476756609845,1.2879467264801705,1.9188030358392631
103,1,270.1821556881198,28.232646849183,15.0,15.0,156.24152592727026,-79.60883338111849,278.8301733557953,23.211512473409655,270.1821556881198,28.232646849183,-0.5901944024478261,1.2881166715324344,1.9176294973397352
104,1,270.17099719937744,28.151483304035345,15.0,15.0,156.19611840017117,-79.67658712017901,278.80959115708123,23.114153214203625,270.17099719937744,28.151483304035345,-0.5906741808280924,1.2883549714134181,1.9159971893884795
105,1,270.1564221681,28.048922691564766,15.0,15.0,156.13838075131918,-79.76263756827191,278.782964182642,22.99098112692198,270.1564221681,28.048922691564766,-0.5912837446305115,1.2886618202756457,1.9139122642831679
106,1,270.1383285419299,27.925765923624645,15.0,15.0,156.06858990190918,-79.86650063687901,278.75020753989736,22.842898610348925,270.1383285419299,27.925765923624645,-0.5920198218696895,1.2890374024083544,1.9113808783706359
107,1,270.11661426851026,27.782813912068146,15.0,15.0,155.98701764633827,-79.98768791370335,278.7112307392048,22.67081159187437,270.11661426851026,27.782813912068146,-0.5928791366014226,1.2894818961819323,1.9084091899577598
108,1,270.0911772954837,27.620867568748746,15.0,15.0,155.89393108685914,-80.12570726618219,278.6659381593051,22.475629369376733,270.0911772954837,27.620867568748746,-0.5938584105968403,1.289995477720275,1.9050033573132412
109,1,270.0619155704931,27.440727805519597,15.0,15.0,155.78959306983552,-80.28006340903708,278.6142295103813,22.258264465215618,270.0619155704931,27.440727805519597,-0.5949543648445517,1.2905783243047664,1.9011695367657706
110,1,270.02872704118136,27.243195534234122,15.0,15.0,155.67426262195517,-80.45025843741435,278.5560002938589,22.01963249027932,270.02872704118136,27.243195534234122,-0.596163720889333,1.2912306175135795,1.8969138809034196
111,1,269.9915096551913,27.02907166674553,15.0,15.0,155.548195384954,-80.63579232710308,278.49114225813685,21.760652016134443,269.9915096551913,27.02907166674553,-0.5974832020153092,1.2919525460999757,1.8922425368785203
112,1,269.9501613601657,26.799157114907178,15.0,15.0,155.41164404758615,-80.83616340324755,278.4195438494805,21.48224445343837,269.9501613601657,26.799157114907178,-0.5989095342810109,1.292744308613323,1.8871616448217006
113,1,269.9045801037472,26.55425279057228,15.0,15.0,155.26485877374506,-81.05086877889943,278.3410906573482,21.185333934882692,269.9045801037472,26.55425279057228,-0.6004394474131383,1.2936061157665484,1.8816773363682024
114,1,269.8546638335788,26.295159605594264,15.0,15.0,155.10808762579586,-81.27940476468636,278.2556658534516,20.870847201049912,269.8546638335788,26.295159605594264,-0.6020696755653747,1.2945381925538468,1.8757957332989807
115,1,269.80031049730337,26.02267847182636,15.0,15.0,154.941576982323,-81.52126725080109,278.1631506238741,20.539713487676025,269.80031049730337,26.02267847182636,-0.6037969579480907,1.2955407801225012,1.869522946298591
116,1,269.7414180425636,25.737610301121855,15.0,15.0,154.76557194963056,-81.77595206244496,278.0634245935914,20.19286441292718,269.7414180425636,25.737610301121855,-0.6056180393343285,1.2966141374027758,1.8628650738312786
117,1,269.6778844170026,25.440756005334094,15.0,15.0,154.58031676645393,-82.042955289791,277.95636624275176,19.831233863409693,269.6778844170026,25.440756005334094,-0.6075296704470204,1.297758542499936,1.8558282011361773
118,1,269.60960756826273,25.13291649631639,15.0,15.0,154.38605520145353,-82.32177359346339,277.84185331408474,19.455757877747104,269.60960756826273,25.13291649631639,-0.6095286082319927,1.2989742938525763,1.8484183993419858
119,1,269.5364854439871,24.814892685921983,15.0,15.0,154.1830309431641,-82.61190448646221,277.7197632108159,19.06737452667059,269.5364854439871,24.814892685921983,-0.6116116160209015,1.300261711161531,1.8406417247009934
120,1,269.4584159918184,24.4874854860042,15.0,15.0,153.971487982167,-82.91284659339867,277.58997338447114,18.667023788681988,269.4584159918184,24.4874854860042,-0.6137754635878988,1.3016211360938073,1.8325042179418136
121,1,269.37529715939957,24.1514958084164,15.0,15.0,153.75167098533743,-83.22409988784153,277.4523617119596,18.255647420459198,269.37529715939957,24.1514958084164,-0.6160169271034696,1.303052932766092,1.8240119037397107
122,1,269.2870268943733,23.80772456501182,15.0,15.0,153.523825662099,-83.54516590851325,277.30680686133167,17.83418882128572,269.2870268943733,23.80772456501182,-0.6183327889885493,1.3045574880125248,1.8151707903029475
123,1,269.1935031443826,23.456972667643758,15.0,15.0,153.28819912268546,-83.87554795501515,277.15318864561016,17.40359289089524,269.1935031443826,23.456972667643758,-0.6207198376717291,1.3061352114415845,1.8059868690731045
124,1,269.09462385707013,23.100041028165535,15.0,15.0,153.0450402284767,-84.214751263702,276.99138836410293,16.964805880229747,269.09462385707013,23.100041028165535,-0.6231748672520547,1.3077865352870628,1.7964661145369023
125,1,268.9902869800787,22.737730558430453,15.0,15.0,152.79459993453256,-84.5622831642692,276.82128913061166,16.5187752347167,268.9902869800787,22.737730558430453,-0.6256946770696407,1.3095119140582305,1.7866144841466522
126,1,268.8803904610511,22.37084217029186,15.0,15.0,152.53713162449958,-84.91765321756247,276.64277618796007,16.066449429775105,268.8803904610511,22.37084217029186,-0.6282760711860701,1.3113118239944652,1.776437918346027
127,1,268.76483224763035,22.000176775602988,15.0,15.0,152.27289143811382,-85.28037333506404,276.45573720827895,15.608777798362482,268.76483224763035,22.000176775602988,-0.6309158577762783,1.313186762329689,1.765942340697508
128,1,268.6435102874592,21.626535286217162,15.0,15.0,152.00213859156312,-85.64995788045879,276.26006257849855,15.146710350475232,268.6435102874592,21.626535286217162,-0.6336108484333897,1.3151372463721163,1.7551336581074712
129,1,268.51632252818035,21.25071861398767,15.0,15.0,151.72513569101056,-86.0259237536324,276.0556456705175,14.68119758461124,268.51632252818035,21.25071861398767,-0.6363578573877386,1.317163812404899,1.744017761144567
130,1,268.3831669174366,20.873527670767825,15.0,15.0,151.44214903961094,-86.40779045740321,275.84238309553774,14.213190291298645,268.3831669174366,20.873527670767825,-0.6391537006410865,1.3192670144133376,1.7326005244467235
131,1,268.24394140287086,20.49576336841096,15.0,15.0,151.15344893838284,-86.7950801472408,275.6201749420794,13.74363934888531,268.24394140287086,20.49576336841096,-0.6419951950168283,1.321447422644417,1.7208878072118197
132,1,268.09854393212606,20.118226618770343,15.0,15.0,150.85930998132133,-87.18731766417613,275.3889249972176,13.27349551187109,268.09854393212606,20.118226618770343,-0.6448791571267825,1.3237056220044636,1.708885453766812
133,1,267.94687245284484,19.74171833369926,15.0,15.0,150.56001134515765,-87.5840305510596,275.14854095061446,12.803709192149157,267.94687245284484,19.74171833369926,-0.647802402254948,1.3260422103007574,1.6965992942098884
134,1,267.78882491267007,19.367039425051072,15.0,15.0,150.25583707418986,-87.98474905227576,274.89893458095565,12.335230233601663,267.78882491267007,19.367039425051072,-0.6507617431584239,1.3284577963329363,1.684035145119977
135,1,267.6242992592446,18.994990804679034,15.0,15.0,149.94707636062137,-88.3890060969764,274.640021924439,11.869007680570661,267.6242992592446,18.994990804679034,-0.653753988785492,1.3309529978400165,1.6711988103278108
136,1,267.4531934402112,18.626373384436448,15.0,15.0,149.63402382085644,-88.79633726584508,274.3717234250058,11.405989540796455,267.4531934402112,18.626373384436448,-0.6567759429106764,1.3335284393088045,1.6580960817425752
137,1,267.27540540321274,18.261988076176664,15.0,15.0,149.31697976820786,-89.20628074135857,274.0939640660517,10.947122543480646,267.27540540321274,18.261988076176664,-0.6598244026864138,1.3361847496494041,1.6447327402280694
138,1,267.0908330958921,17.902635791752903,15.0,15.0,148.99625048247893,-89.61837724146157,273.8066734834035,10.493351893192226,267.0908330958921,17.902635791752903,-0.6628961571107771,1.3389225597434091,1.631114556522241
139,1,266.89937446589187,17.549117443018538,15.0,15.0,148.6721484768827,-90.03216993652099,273.50978605940253,10.045621020391295,266.89937446589187,17.549117443018538,-0.6659879854105232,1.3417424998702359,1.617247292193897
140,1,266.70092746085504,17.202233941826858,15.0,15.0,148.34499276276148,-90.44720434937614,273.20324099798927,9.604871329393461,266.70092746085504,17.202233941826858,-0.6690966553385521,1.3446451970168747,1.6031367006304142
141,1,266.49539002842425,16.862786200031096,15.0,15.0,148.01510911256588,-90.86302823824846,272.8869823807436,9.172041944643738,266.49539002842425,16.862786200031096,-0.6722189213846914,1.3476312720761299,1.588788528050284
142,1,266.2826601162428,16.53157512948465,15.0,15.0,147.68283032154756,-91.27919146222098,272.5609592038976,8.748069456206494,266.2826601162428,16.53157512948465,-0.6753515228985358,1.350701336938163,1.5742085145344071
143,1,266.0626356719531,16.209401642040742,15.0,15.0,147.3484964686083,-91.69524582894395,272.22512539639774,8.333887665409506,266.0626356719531,16.209401642040742,-0.6784911821229141,1.3538559914798869,1.5594023950701654
144,1,265.8352146431979,15.897066649552789,15.0,15.0,147.01245517674087,-92.11074492416238,271.8794398191642,7.930427331608527,265.8352146431979,15.897066649552789,-0.6816346021363495,1.3570958204563865,1.544375900602465
145,1,265.60029497762025,15.595371063873937,15.0,15.0,146.67506187347593,-92.52524392260771,271.5238662457552,7.538615921055822,265.60029497762025,15.595371063873937,-0.6847784647027504,1.3604213902982443,1.5291347590861004
146,1,265.35777462286285,15.305115796857582,15.0,15.0,146.33668005173527,-92.93829937972956,271.15837332471637,7.159377358873257,265.35777462286285,15.305115796857582,-0.6879194280263639,1.3638332458181839,1.5136846965340605
147,1,265.1075515265686,15.02710176035704,15.0,15.0,145.99768153146812,-93.34946900368296,270.78293452396235,6.793631785134323,265.1075515265686,15.02710176035704,-0.6910541244098761,1.3673319068300258,1.4980314380566795
148,1,264.84952363638024,14.762129866225589,15.0,15.0,145.65844672241982,-93.75831140692,270.39752805760514,6.442295316063593,264.84952363638024,14.762129866225589,-0.6941791578133848,1.3709178646824718,1.48218070888682
149,1,264.5835888999407,14.51100102631649,15.0,15.0,145.31936488835314,-94.16438583666503,270.00213679571357,6.106279811355506,264.5835888999407,14.51100102631649,-0.6972911013118003,1.3745915787096816,1.4661382353867003
150,1,264.30964526489265,14.274516152483109,15.0,15.0,144.98083441300614,-94.56725188348332,269.59674815755415,5.786492648603627,264.30964526489265,14.274516152483109,-0.7003864944481033,1.3783534726000797,1.4499097460323438
151,1,264.027590678879,14.053476156578695,15.0,15.0,144.64326306802937,-94.96646916707716,269.18135398893105,5.483836505813812,264.027590678879,14.053476156578695,-0.7034618404797359,1.3822039306841893,1.433500972372137
152,1,263.73732308954254,13.848681950456612,15.0,15.0,144.30706828309806,-95.36159699836811,268.7559504243067,5.199209152952847,263.73732308954254,13.848681950456612,-0.7065136035152851,1.3861432941416911,1.4169176499564533
153,1,263.43874044452605,13.660934445970094,15.0,15.0,143.97267741834122,-95.75219401684328,268.3205377344484,4.93350325345375,263.43874044452605,13.660934445970094,-0.7095382055385071,1.3901718571272017,1.400165519235899
154,1,263.1317406914725,13.491034554972497,15.0,15.0,143.64052803916778,-96.13781780206092,267.8751201604041,4.687606176566817,263.1317406914725,13.491034554972497,-0.7125320233166422,1.3942898628135754,1.3832503264263285
155,1,262.8162217780246,13.33978318931707,15.0,15.0,143.31106819349898,-96.51802445812626,267.4197057346711,4.462399821404077,262.8162217780246,13.33978318931707,-0.7154913851899124,1.3984974993507988,1.3661778243394442
156,1,262.4920816518251,13.207981260857188,15.0,15.0,142.9847566913382,-96.8923681698576,266.95430609047247,4.258760453483049,262.4920816518251,13.207981260857188,-0.7184125677390261,1.4027948957377623,1.3489537731785308
157,1,262.159218260517,13.096429681446008,15.0,15.0,142.66206338651614,-97.26040072927383,266.47893626010773,4.0775585545248845,262.159218260517,13.096429681446008,-0.7212917923275185,1.4071821176034192,1.331583941299638
158,1,261.81755434327994,13.005883087772741,15.0,15.0,142.34346413751126,-97.62167704957332,265.9936413924072,3.9196133934420914,261.81755434327994,13.005883087772741,-0.72412526877876,1.4116588925330182,1.3140746588052248
159,1,261.467480571969,12.936222686956672,15.0,15.0,142.02934407663597,-97.97586354376597,265.4989782304616,3.784882532117649,261.467480571969,12.936222686956672,-0.7269100496504741,1.4162197800950602,1.2964427066860653
160,1,261.10980492934857,12.886550745669542,15.0,15.0,141.72000084892966,-98.32273110390196,264.9959612220455,3.6725511109434734,261.10980492934857,12.886550745669542,-0.7296439865139184,1.420854752466581,1.278714212133418
161,1,260.74535002374455,12.85594223093351,15.0,15.0,141.41572683417533,-98.66206055226681,264.48562524070553,3.58176618659472,260.74535002374455,12.85594223093351,-0.7323249928516493,1.4255536083505862,1.2609156765034553
162,1,260.37493846348275,12.843472109770742,15.0,15.0,141.1168106704054,-98.9936404643922,263.9690092470747,3.5116633246245925,260.37493846348275,12.843472109770742,-0.7349510284892922,1.4303061462816735,1.243073647663824
163,1,259.99939285688924,12.848215349203453,15.0,15.0,140.8235357404941,-99.31726839703879,263.44715581655083,3.4613665396196183,259.99939285688924,12.848215349203453,-0.7375201108872216,1.4351021774371695,1.2252147184741906
164,1,259.61953581228966,12.869246916253697,15.0,15.0,140.5361787242734,-99.63275200093244,262.9211106600965,3.429988284118977,259.61953581228966,12.869246916253697,-0.7400303256915751,1.4399315375833752,1.2073655253910118
165,1,259.2361899380103,12.905641777943725,15.0,15.0,140.25500822354167,-99.93991001788937,262.3919221421236,3.4166294870926777,259.2361899380103,12.905641777943725,-0.7424798365146102,1.444784098142288,1.1895527471811675
166,1,258.85017784237687,12.9564749012957,15.0,15.0,139.98028346718942,-100.23857316220544,261.86064079939933,3.420379642522562,258.85017784237687,12.9564749012957,-0.7448668939155215,1.4496497763668095,1.1718031037275698
167,1,258.46232213371525,13.020821253331759,15.0,15.0,139.71225310349445,-100.52858488638185,261.32831886485815,3.440316948386311,258.46232213371525,13.020821253331759,-0.7471898435538933,1.4545185446147446,1.1541433549086175
168,1,258.0734454203515,13.097755801074081,15.0,15.0,139.45115408642465,-100.80980203142124,260.7960098001207,3.4755084961036005,258.0734454203515,13.097755801074081,-0.7494471334890604,1.4593804387139089,1.1366002995324507
169,1,257.6843703106115,13.186353511544738,15.0,15.0,139.19721066253953,-101.08209536205305,260.2647678404063,3.525010510272665,257.6843703106115,13.186353511544738,-0.751637320599756,1.4642255654124117,1.119200774306312
170,1,257.29591941282104,13.28568935176605,15.0,15.0,138.95063346479736,-101.34534998733491,259.73564755538376,3.5878686383074125,257.29591941282104,13.28568935176605,-0.7537590760995603,1.4690441089096624,1.1019716528209913
171,1,256.90891533530623,13.394838288760061,15.0,15.0,138.7116187192556,-101.59946566713558,259.2097034293366,3.663118289378261,256.90891533530623,13.394838288760061,-0.7558111901248719,1.47382633646494,1.0849398445302285
172,1,256.52418068639287,13.512875289549054,15.0,15.0,138.48034757029342,-101.8443570050327,258.68798946381537,3.7497850218751267,256.52418068639287,13.512875289549054,-0.75779257537339,1.4785626030815018,1.0681322937050846
173,1,256.1425380744069,13.63887532115507,15.0,15.0,138.256985529598,-102.07995352816154,258.1715588057297,3.846884978438112,256.1425380744069,13.63887532115507,-0.7597022697724378,1.4832433552651476,1.0515759783437029
174,1,255.76481010767424,13.77191335060031,15.0,15.0,138.0416820537298,-102.30619965453178,257.6614634035813,3.9534253674572426,255.76481010767424,13.77191335060031,-0.7615394381579178,1.4878591338570641,1.0352979090174188
175,1,255.39181939452084,13.911064344906938,15.0,15.0,137.83457025462593,-102.52305454829435,257.1587536942616,4.068404989813942,255.39181939452084,13.911064344906938,-0.7633033729462403,1.4924005759415613,1.019325127634952
176,1,255.0243885432726,14.055403271097145,15.0,15.0,137.63576674691797,-102.7304918633891,256.6644783225453,4.1908148095380255,255.0243885432726,14.055403271097145,-0.7649934937832403,1.4968584158300784,1.0036847061073177
177,1,254.66334016225537,14.204005096193091,15.0,15.0,137.44537163542498,-102.92849937594673,256.1796838950901,4.319638566976721,254.66334016225537,14.204005096193091,-0.7666093461559018,1.501223485123603,0.9884037448971323
178,1,254.30949685979522,14.355944787216886,15.0,15.0,137.26346864564684,-103.11707850575604,255.7054147704157,4.453853433022616,254.30949685979522,14.355944787216886,-0.7681505989546362,1.5054867118564212,0.9735093714371406
179,1,253.96368124421792,14.510297311190778,15.0,15.0,137.0901253995239,-103.29624372704538,255.2427128859777,4.592430702923792,253.96368124421792,14.510297311190778,-0.7696170409759394,1.5096391187249565,0.9590287384040348
180,1,253.6267159238495,14.666137635136872,15.0,15.0,136.9253938381505,-103.46602186876999,254.7926176230814,4.734336528201226,253.6267159238495,14.666137635136872,-0.7710085763574503,1.5136718204063389,0.9449890218349424
181,1,253.29942350701577,14.822540726077314,15.0,15.0,136.7693107925361,-103.62645130454992,254.3561657099878,4.878532685228905,253.29942350701577,14.822540726077314,-0.7723252189397916,1.517576019972354,0.9314174190753208
182,1,252.9826266020428,14.978581551034337,15.0,15.0,136.62189870290212,-103.77758103236913,253.93439116316387,5.0239773790848545,252.9826266020428,14.978581551034337,-0.7735670855520609,1.5213430044055167,0.9183411465483724
183,1,252.67714781725633,15.133335077030043,15.0,15.0,136.48316648638396,-103.91946964413152,253.52832526620927,5.169626081360107,252.67714781725633,15.133335077030043,-0.7747343882204814,1.5249641392252435,0.9057874373375232
184,1,252.38380976098244,15.285876271086634,15.0,15.0,136.3531105523847,-104.05218418517444,253.1389965855655,5.314432400714793,252.38380976098244,15.285876271086634,-0.7758274253024866,1.528430862233466,0.8937835385748951
185,1,252.10343504154696,15.435280100226286,15.0,15.0,136.23171596419564,-104.17579890387391,252.76743102166773,5.457348985091073,252.10343504154696,15.435280100226286,-0.776846571551451,1.531734676390547,0.8823567086301181
186,1,251.83684626727583,15.580621531471058,15.0,15.0,136.11895774486544,-104.2903938915347,252.4146518937514,5.597328454634479,251.83684626727583,15.580621531471058,-0.7777922671203256,1.534867141834026,0.8715342140952251
187,1,251.58486604649494,15.720975531843266,15.0,15.0,136.0148023246625,-104.3960536128513,252.08168005605805,5.733324364531612,251.58486604649494,15.720975531843266,-0.7786650055156633,1.5378198670545606,0.8613433265627297
188,1,251.34831698753027,15.855417068364995,15.0,15.0,135.91920912683463,-104.49286532735265,251.76953404271245,5.864292197139349,251.34831698753027,15.855417068364995,-0.7794653205168751,1.5405844992454212,0.8518113191953922
189,1,251.1280216987077,15.983021108058379,15.0,15.0,135.83213228772877,-104.58091740240503,251.47923023805527,5.989190382961553,251.1280216987077,15.983021108058379,-0.7801937720790753,1.5431527138440573,0.8429654630874976
190,1,250.9248027883531,16.102862617945625,15.0,15.0,135.75352250668445,-104.66029751854894,251.21178306871928,6.106981350209352,250.9248027883531,16.102862617945625,-0.7808509312415655,1.5455162032865655,0.8348330234188701
191,1,250.73948286479256,16.21401656504891,15.0,15.0,135.68332902046137,-104.73109076818379,250.9682052132265,6.2166326028652605,250.73948286479256,16.21401656504891,-0.781437364067857,1.547666664998354,0.8274412554042325
192,1,250.57288453635184,16.315557916390357,15.0,15.0,135.62150169629558,-104.7933776488941,250.7495078243598,6.317117827349804,250.57288453635184,16.315557916390357,-0.7819536146471922,1.5495957886469207,0.8208174000419484
193,1,250.42583041135683,16.406561638992137,15.0,15.0,135.56799323700062,-104.84723195302664,250.5567007590287,6.407418028057236,250.42583041135683,16.406561638992137,-0.7824001871917587,1.551295242685375,0.8149886796677159
194,1,250.29914309813353,16.486102699876465,15.0,15.0,135.52276149082877,-104.89271855548526,250.3907928097937,6.486522692178511,250.29914309813353,16.486102699876465,-0.782777527268281,1.5527566602181966,0.8099822933203997
195,1,250.19364520500795,16.553256066065394,15.0,15.0,135.48577185808182,-104.9298911021029,250.25279193164755,6.553430984358826,250.19364520500795,16.553256066065394,-0.7830860022073741,1.5539716242236554,0.8058254119289641
196,1,250.11015934030578,16.607096704581195,15.0,15.0,135.45699978570127,-104.95878960137752,250.14370545706583,6.607152971836982,250.11015934030578,16.607096704581195,-0.7833258807390179,1.5549316521702965,0.802545173331463
197,1,250.0495081123532,16.646699582445994,15.0,15.0,135.43643334026538,-104.97943792281998,250.06454029173722,6.646710880773227,250.0495081123532,16.646699582445994,-0.783497311907763,1.555628180067916,0.8001686771392718
198,1,250.0125141294759,16.67113966668191,15.0,15.0,135.42407584896813,-104.99184120565019,250.01630308275543,6.671140384490286,250.0125141294759,16.67113966668191,-0.7836003033268295,1.5560525459964576,0.7987229794622857
199,1,249.99999999999997,16.67949192431123,15.0,15.0,135.4199485972471,-104.99598318208973,250.00000035041927,6.679491924311236,249.99999999999997,16.67949192431123,-0.7836346988361111,1.5561959731591604,0.7982350875137783
200,2,250.0,16.679491924311222,15.0,15.0,135.4199484200971,-104.99598335986563,250.0,6.679491924311222,250.0,16.679491924311222,-0.7836347003124104,1.5561959761870028,0.7982350509203038
201,2,249.9887025920724,16.67472586471723,15.0,15.0,135.41050077962262,-105.00546363395503,249.9859570927385,6.674726241605569,249.9887025920724,16.67472586471723,-0.783713430174984,1.5563158535779638,0.7979193534550773
202,2,249.95523875751144,16.66075357650909,15.0,15.0,135.38256643799778,-105.03348573544406,249.94432084635002,6.660759536550074,249.95523875751144,16.66075357650909,-0.7839461785816249,1.5566712830312286,0.7969794310122473
203,2,249.9002510801495,16.63806389554718,15.0,15.0,135.3367571582532,-105.07941071072759,249.8758299887522,6.6380937150768915,249.9002510801495,16.63806389554718,-0.7843277430862124,1.5572558948491826,0.795426063464775
204,2,249.8243821438193,16.607145657691976,15.0,15.0,135.2736837035746,-105.14258615650199,249.78122329762914,6.607238792425903,249.8243821438193,16.607145657691976,-0.7848528694614134,1.5580632390888327,0.7932700591497872
205,2,249.72827453235334,16.568487698804052,15.0,15.0,135.19395642603325,-105.22234750102335,249.66123965378648,6.568712385075472,249.72827453235334,16.568487698804052,-0.7855162547015503,1.5590867943792572,0.7905222490539967
206,2,249.6125708295841,16.522578854743777,15.0,15.0,135.09818584614408,-105.31801925092118,249.5166181112055,6.523039211548408,249.6125708295841,16.522578854743777,-0.7863125499439816,1.560319976436297,0.7871934812203873
207,2,249.47791361934435,16.46990796137172,15.0,15.0,134.98698322089382,-105.42891620183646,249.3480979811988,6.470750601869227,249.47791361934435,16.46990796137172,-0.7872363633012106,1.561756146258219,0.7832946153846627
208,2,249.32494548546646,16.410963854548342,15.0,15.0,134.860961097971,-105.55434461134398,249.15641892819886,6.412384015416407,249.32494548546646,16.410963854548342,-0.7882822625973653,1.5633886179880643,0.7788365178493775
209,2,249.15430901178306,16.34623537013414,15.0,15.0,134.72073385401814,-105.69360333280036,248.9423210748423,6.3484825668992215,249.15430901178306,16.34623537013414,-0.7894447780040698,1.5652106664303964,0.77383005660306
210,2,248.96664678212667,16.27621134398965,15.0,15.0,134.5669182148182,-105.8459849089368,248.70654511413102,6.279594560181948,248.96664678212667,16.27621134398965,-0.7907184045720977,1.5672155342122218,0.7682860966909437
211,2,248.7626013803299,16.201380611975225,15.0,15.0,134.40013375542003,-106.01077662418255,248.44983242657634,6.206273029684382,248.7626013803299,16.201380611975225,-0.7920976046565023,1.5693964385798596,0.7622154958432306
212,2,248.54281539022537,16.12223200995146,15.0,15.0,134.22100337829926,-106.187261514862,248.17292520034766,6.129075289103326,248.54281539022537,16.12223200995146,-0.793576810234177,1.5717465778255286,0.7556291003660627
213,2,248.3079313956455,16.039254373778775,15.0,15.0,134.0301537677412,-106.3747193365566,247.87656655256154,6.0485624872200106,248.3079313956455,16.039254373778775,-0.7951504251140138,1.5742591373393444,0.7485377412996832
214,2,248.0585919804229,15.952936539317722,15.0,15.0,133.8282158187235,-106.57242748805695,247.5615006499608,5.965299170591351,248.0585919804229,15.952936539317722,-0.7968128270409439,1.5769272952842617,0.7409522308475369
215,2,247.79543972839025,15.863767342428687,15.0,15.0,133.61582503866384,-106.77966189145498,247.22847282734088,5.879852852955409,247.79543972839025,15.863767342428687,-0.7985583696962225,1.5797442278932448,0.7328833590793813
216,2,247.5191172233799,15.772235618972298,15.0,15.0,133.3936219204835,-106.99569782803658,246.87822970218787,5.792793591224438,247.5191172233799,15.772235618972298,-0.8003813845972952,1.5827031143895907,0.7243418909108321
217,2,247.23026704922458,15.678830204808936,15.0,15.0,133.16225228552264,-107.21981072973603,246.51151928410135,5.704693567980144,247.23026704922458,15.678830204808936,-0.8022761829014987,1.5857971415328405,0.7153385633611524
218,2,246.9295317897568,15.584039935799108,15.0,15.0,132.92236759492408,-107.45127692599857,246.12909107767302,5.616126680436238,246.9295317897568,15.584039935799108,-0.8042370571186638,1.5890195077941105,0.7058840830905242
219,2,246.6175540288091,15.488353647803272,15.0,15.0,132.67462522818144,-107.68937434597603,245.73169617759947,5.527668135879395,246.6175540288091,15.488353647803272,-0.8062582827384397,1.5923634271659277,0.6959891242175371
220,2,246.29497635021403,15.39226017668202,15.0,15.0,132.419688727625,-107.9333831760424,245.32008735490504,5.439894053652509,246.29497635021403,15.39226017668202,-0.8083341197788089,1.5958221326127675,0.6856643264171653
221,2,245.96244133780425,15.296248358295701,15.0,15.0,132.15822800769297,-108.18258647267245,244.89501913325182,5.353381073793287,245.96244133780425,15.296248358295701,-0.8104588142628381,1.5993888791694713,0.6749202932991016
222,2,245.6205915754122,15.200807028504933,15.0,15.0,131.89091952790793,-108.43627073077084,244.45724785441018,5.268705972494416,245.6205915754122,15.200807028504933,-0.8126265996312088,1.6030569466955804,0.6637675910659533
223,2,245.27006964687047,15.106425023170097,15.0,15.0,131.61844642854783,-108.6937264075746,244.00753173206505,5.186445284598108,245.27006964687047,15.106425023170097,-0.8148316980984749,1.6068196422942977,0.6522167474505387
224,2,244.9115181360117,15.013591178151701,15.0,15.0,131.34149862807084,-108.95424840228183,243.54663089322452,5.107174933390084,244.9115181360117,15.013591178151701,-0.8170683219613377,1.6106703024054037,0.6402782509312459
225,2,244.54557962666829,14.922794329310229,15.0,15.0,131.06077288141665,-109.21713649158163,243.0753074065982,5.03146986800121,244.54557962666829,14.922794329310229,-0.8193306748674881,1.6146022945818848,0.6279625502242472
226,2,244.172896702673,14.834523312506223,15.0,15.0,130.77697279837457,-109.48169572127637,242.59432529740576,4.959903708770966,244.172896702673,14.834523312506223,-0.8216129530537497,1.6186090189603735,0.6152800540512007
227,2,243.79411194785828,14.749266963600148,15.0,15.0,130.49080882126805,-109.74723675420353,242.1044505481704,4.893048400966464,243.79411194785828,14.749266963600148,-0.8239093465623915,1.62268390943574,0.6022411311809717
228,2,243.4098679460566,14.667514118452456,15.0,15.0,130.20299816127022,-110.01307617467211,241.6064510851479,4.831473877288829,243.4098679460566,14.667514118452456,-0.8262140404445205,1.6268204345502812,0.5888561107438386
229,2,243.0208072811008,14.589753612923632,15.0,15.0,129.91426469272253,-110.27853674964001,241.10109675013328,4.7757477296315045,243.0208072811008,14.589753612923632,-0.8285212159594765,1.6310120981080027,0.575135282816603
230,2,242.62757253682312,14.516474282874167,15.0,15.0,129.62533880488922,-110.54294764686846,240.5891592574783,4.72643489058413,242.62757253682312,14.516474282874167,-0.8308250517790842,1.6352524395244354,0.5610888992770255
231,2,242.23080629705635,14.448164964164578,15.0,15.0,129.33695721063833,-110.80564461029822,240.07141213624828,4.684097325200369,242.23080629705635,14.448164964164578,-0.8331197252055084,1.6395350339222925,0.5467271749260254
232,2,241.83115114563296,14.385314492655285,15.0,15.0,129.04986271159686,-111.06597009290776,239.5486306575304,4.649293733567305,241.83115114563296,14.385314492655285,-0.835399413411299,1.6438534919831038,0.5320602888760899
233,2,241.42924966638546,14.328411704206873,15.0,15.0,128.76480391938628,-111.32327334732737,239.0215917469992,4.622579264729225,241.42924966638546,14.328411704206873,-0.837658294709999,1.6482014595646894,0.517098386204409
234,2,241.0257444431465,14.27794543467975,15.0,15.0,128.48253493260023,-111.57691047450624,238.49107388292916,4.604505242526415,241.0257444431465,14.27794543467975,-0.8398905498654446,1.6525726170940616,0.5018515798692744
235,2,240.62127805974862,14.234404519934454,15.0,15.0,128.20381496924279,-111.82624443075433,237.95785697992878,4.595618903915636,240.62127805974862,14.234404519934454,-0.8420903634475891,1.656960678744996,0.4863299528883305
236,2,240.2164931000244,14.19827779583142,15.0,15.0,127.92940795440398,-112.07064499351453,237.42272225875473,4.596463150334898,240.2164931000244,14.19827779583142,-0.8442519252423575,1.6613593914091478,0.4705435607773145
237,2,239.81203214780635,14.170054098231121,15.0,15.0,127.66008206300546,-112.30948868625967,236.8864521026439,4.6075763126701474,239.81203214780635,14.170054098231121,-0.8463694317226645,1.6657625334691954,0.4545024342479307
238,2,239.40853778692698,14.150222262994163,15.0,15.0,127.396609217507,-112.54215866295746,236.34982990067815,4.629491930367408,239.40853778692698,14.150222262994163,-0.8484370875873394,1.6701639133820867,0.43821658216352755
239,2,239.00665260121906,14.139271125980859,15.0,15.0,127.13976454052465,-112.76804455260202,235.81363987877353,4.662738545215831,239.00665260121906,14.139271125980859,-0.8504491073742528,1.6745573680800347,0.42169599475122976
240,2,238.6070191745149,14.137689523051833,15.0,15.0,126.89032576237008,-112.9865422643752,235.27866691895258,4.707839510305433,238.6070191745149,14.137689523051833,-0.852399717153484,1.678936761196495,0.404950647069128
241,2,238.21028009064727,14.145966290067534,15.0,15.0,126.64907258358446,-113.19705375407614,234.74569636763223,4.765312814631017,238.21028009064727,14.145966290067534,-0.8542831563058559,1.683295981123904,0.3879905027270767
242,2,237.81707793344862,14.16459026288843,15.0,15.0,126.41678599260194,-113.3989867525392,234.2155138337168,4.835670923783653,237.81707793344862,14.16459026288843,-0.8560936793916453,1.6876289389095698,0.3708255178595117
243,2,237.42805528675152,14.194050277374965,15.0,15.0,126.1942475387467,-113.59175445685435,233.6889049773518,4.919420637129704,237.42805528675152,14.194050277374965,-0.8578255581136912,1.691929565995646,0.3534656453485856
244,2,237.0438547343885,14.234835169387676,15.0,15.0,125.98223856083509,-113.77477518530517,233.16665529024397,5.017062961835279,237.0438547343885,14.234835169387676,-0.8594730833785423,1.6961918118087558,0.3359208392956907
245,2,236.66511886019217,14.28743377478708,15.0,15.0,125.78153937172877,-113.94747199705043,232.64954986850822,5.129093004045558,236.66511886019217,14.28743377478708,-0.8610305674586317,1.700409641204403,0.31820105973922486
246,2,236.2924902479951,14.35233492943358,15.0,15.0,125.5929283992612,-114.10927227769463,232.13837317904404,5.255999877477237,236.2924902479951,14.35233492943358,-0.8624923462578054,1.7045770317709537,0.30031627761613433
247,2,235.9266114816298,14.430027469187761,15.0,15.0,125.41718128404217,-114.25960729201898,231.63390882048736,5.398266629627145,235.9266114816298,14.430027469187761,-0.8638527816818075,1.7086879709975933,0.2822764799644455
248,2,235.56812514492893,14.521000229909983,15.0,15.0,125.25506993473189,-114.39791170527977,231.1369392798176,5.5563701857398655,235.56812514492893,14.521000229909983,-0.8651062641145832,1.7127364533103244,0.26409167536356803
249,2,235.21767382172496,14.625742047460907,15.0,15.0,125.10736154147041,-114.5236230746188,230.64824568572917,5.730781310618383,235.21767382172496,14.625742047460907,-0.8662472150004455,1.7167164769797318,0.2457718996086975
250,2,234.87590009585048,14.74474175770084,15.0,15.0,124.9748175482465,-114.6361813122783,230.1686075599022,5.92196458829406,234.87590009585048,14.74474175770084,-0.8672700895313246,1.7206220409039281,0.2273272216151192
251,2,234.54344655113803,14.878488196490343,15.0,15.0,124.85819258510027,-114.7350281224582,229.69880256732324,6.130378419510677,234.54344655113803,14.878488196490343,-0.8681693794374066,1.7244471412697902,0.20876774954760902
252,2,234.2209557714202,15.027470199689931,15.0,15.0,124.7582333611669,-114.8196064138065,229.23960626682157,6.356475036905266,234.2209557714202,15.027470199689931,-0.8689396158785327,1.7281857680952877,0.19010363716950662
253,2,233.90907034052952,15.192176603160066,15.0,15.0,124.67567751969541,-114.88935968968272,228.7917918629908,6.600700537703148,233.90907034052952,15.192176603160066,-0.8695753724327207,1.7318319016554398,0.17134509040527712
254,2,233.60843284229855,15.37309624276124,15.0,15.0,124.61125245631032,-114.9437314184836,228.35612996066817,6.863494933674119,233.60843284229855,15.37309624276124,-0.8700712681771008,1.73537950879412,0.15250237410964496
255,2,233.31968586055993,15.570717954353878,15.0,15.0,124.56567410192753,-114.98216438646574,227.93338832313708,7.145292218027407,233.31968586055993,15.570717954353878,-0.8704219708554507,1.7388225391236682,0.13358581903551503
256,2,233.04347197914612,15.785530573798551,15.0,15.0,124.5396456718926,-115.00410003563817,227.52433163520752,7.446520448855111,233.04347197914612,15.785530573798551,-0.8706222001252995,1.7421549211139544,0.11460582899201399
257,2,232.7804337818898,16.018022936955678,15.0,15.0,124.53385638307427,-115.00897778942829,227.1297212723135,7.7676018486646115,232.7804337818898,16.018022936955678,-0.8706667308763355,1.7453705580722298,0.09557288818304621
258,2,232.53118617292398,16.268639272002865,15.0,15.0,124.54893987935009,-114.99626829763437,226.7502893165606,8.10890695187814,232.53118617292398,16.268639272002865,-0.8705507063230937,1.7484635159313935,0.07649792175458558
259,2,232.295821610524,16.536981850748695,15.0,15.0,124.58475174350387,-114.96608090311341,226.38627738700706,8.469932385777156,232.295821610524,16.536981850748695,-0.8702751905490799,1.7514314617920377,0.05739861469109564
260,2,232.07396662620386,16.82190207292933,15.0,15.0,124.64044512071166,-114.91910095798929,226.037487018419,8.849392183014004,232.07396662620386,16.82190207292933,-0.8698465906885077,1.7542753215695968,0.03829869600839442
261,2,231.86523142206835,17.1222250223483,15.0,15.0,124.71512303397024,-114.85604251493564,225.70369697698237,9.245963645145338,231.86523142206835,17.1222250223483,-0.8692716479884242,1.7569961933056963,0.019222195488522775
262,2,231.6692262002222,17.436775782809057,15.0,15.0,124.80786317311892,-114.7776297570332,225.3846781208228,9.658314788645924,231.6692262002222,17.436775782809057,-0.868557255788114,1.7595952477433439,0.00019322230437768262
263,2,231.48556116277038,17.764379438115085,15.0,15.0,124.91771906321597,-114.68459829887252,225.08019311201787,10.085104724029193,231.48556116277038,17.764379438115085,-0.8677104590550737,1.7620737409557345,-0.018764048073120154
264,2,231.31384651181756,18.10386107206979,15.0,15.0,125.04372131871428,-114.57769637684237,224.78999616740072,10.524984065306043,231.31384651181756,18.10386107206979,-0.8667384531123246,1.7644330260460022,-0.037625386847463416
265,2,231.15369244946865,18.454045768476725,15.0,15.0,125.18487897850703,-114.45768592282099,224.5138328508255,10.976595366748427,231.15369244946865,18.454045768476725,-0.8656485815699346,1.7666745638694876,-0.0563665246873053
266,2,231.00470917782837,18.813758611139384,15.0,15.0,125.34018091559388,-114.32534351593276,224.25143990933373,11.438573583819334,231.00470917782837,18.813758611139384,-0.8644483334796349,1.7687999327325803,-0.07496316427068517
267,2,230.8665068990017,19.18182468386113,15.0,15.0,125.50859731388779,-114.1814612075471,224.00254515542423,11.909546555055499,230.8665068990017,19.18182468386113,-0.8631453397371991,1.7708108370250943,-0.09339099251502359
268,2,230.73869581509334,19.55706907044548,15.0,15.0,125.68908120355088,-114.02684721527424,223.76686739737718,12.388135501641443,230.73869581509334,19.55706907044548,-0.8617473687627415,1.7727091147464493,-0.11162569242300613
269,2,230.62088612820807,19.938316854695934,15.0,15.0,125.8805700452421,-113.86232648234378,223.54411641932887,12.872955541394987,230.62088612820807,19.938316854695934,-0.8602623214941514,1.7744967438895598,-0.12964295447303842
270,2,230.51268804045077,20.324393120415984,15.0,15.0,126.08198735278982,-113.68874109942422,223.33399301253002,13.362616213899514,230.51268804045077,20.324393120415984,-0.858698225733441,1.776175847650261,-0.1474184874823241
271,2,230.41371175392626,20.714122951409003,15.0,15.0,126.29224434308452,-113.50695058664792,223.13618905895976,13.855722013562954,230.41371175392626,20.714122951409003,-0.8570632298897869,1.7777486984342619,-0.16492802887077618
272,2,230.32356747073936,21.106331431478516,15.0,15.0,126.51024160143491,-113.31783203432647,222.95038766820437,14.350872927461921,230.32356747073936,21.106331431478516,-0.8553655961663533,1.7792177206379112,-0.18214735425495876
273,2,230.24186539299484,21.499843644428008,15.0,15.0,126.73487075024848,-113.12228010157042,222.77626336825148,14.846664974938676,230.24186539299484,21.499843644428008,-0.853613693240632,1.7805854921835,-0.19905228630305283
274,2,230.16821572279747,21.89348467406098,15.0,15.0,126.96501610869733,-112.92120687274314,222.61348235059688,15.341690746062426,230.16821572279747,21.89348467406098,-0.8518159884898678,1.7818547447942716,-0.21561870278443607
275,2,230.10222866225223,22.2860796041808,15.0,15.0,127.19955633100913,-112.71554157237368,222.4617027698155,15.834539936240745,230.10222866225223,22.2860796041808,-0.849981039814221,1.7830283629987629,-0.2318225437508663
276,2,230.04351441346378,22.676453518591043,15.0,15.0,127.43736601118849,-112.50623013980939,222.32057509751107,16.323799874474133,230.04351441346378,22.676453518591043,-0.8481174871105368,1.7841093818584643,-0.24763981779036914
277,2,229.99168317853702,23.06343150109513,15.0,15.0,127.67731724231675,-112.29423466549578,222.1897425303364,16.808056042982756,229.99168317853702,23.06343150109513,-0.8462340434490127,1.7851009834170135,-0.26304660729976437
278,2,229.9463451595767,23.445838635496557,15.0,15.0,127.9182811190995,-112.08053269131356,222.06884145156044,17.285892586204383,229.9463451595767,23.445838635496557,-0.8443394860036235,1.786006491873207,-0.27801907272725535
279,2,229.90711055868772,23.822500005598783,15.0,15.0,128.1591291730194,-111.86611637787257,221.957501945463,17.7558928074572,229.90711055868772,23.822500005598783,-0.8424426467849259,1.786829367483922,-0.29253345574254186
280,2,229.87358957797474,24.192240695205257,15.0,15.0,128.39873473029922,-111.65199154204892,221.85534836365002,18.21663965188715,229.87358957797474,24.192240695205257,-0.8405524032208447,1.7875731992066368,-0.30656608129855867
281,2,229.8453924195428,24.553885788119473,15.0,15.0,128.6359741838775,-111.43917656834502,221.76199994221736,18.666716174670356,229.8453924195428,24.553885788119473,-0.8386776686272557,1.7882416960944796,-0.320093358555938
282,2,229.82212928549652,24.90626036814487,15.0,15.0,128.86972817172853,-111.2287011978522,221.67707146853024,19.104705993817547,229.82212928549652,24.90626036814487,-0.836827382605713,1.7888386774597393,-0.33309178064879563
283,2,229.80341037794076,25.24818951908497,15.0,15.0,129.0988826551133,-111.02160519869076,221.60017399625153,19.529193727328334,229.80341037794076,25.24818951908497,-0.8350105014005271,1.789368061824383,-0.3455379232781679
284,2,229.7888458989805,25.57849832474321,15.0,15.0,129.32232989170768,-110.81893692179872,221.5309156071194,19.93876541486506,229.7888458989805,25.57849832474321,-0.8332359882416961,1.7898338546784727,-0.3574084421274999
285,2,229.77804605072026,25.89601186892308,15.0,15.0,129.53896930000786,-110.62175174583363,221.46890221786236,20.332008924560128,229.77804605072026,25.89601186892308,-0.8315128036939495,1.7902401350693786,-0.36868006910281226
286,2,229.77062103526515,26.199555235428036,15.0,15.0,129.7477082129483,-110.4311104147455,221.41373843053717,20.707514346032312,229.77062103526515,26.199555235428036,-0.8298498960254805,1.7905910410463888,-0.37932960740858035
287,2,229.7661810547198,26.487953508061615,15.0,15.0,129.9474625202613,-110.24807727128238,221.36502842447217,21.063874371168126,229.7661810547198,26.487953508061615,-0.828256191602889,1.7908907539868204,-0.3893339254789019
288,2,229.76433631118908,26.760031770627183,15.0,15.0,130.13715720076283,-110.07371838930364,221.32237688791625,21.399684664719317,229.76433631118908,26.760031770627183,-0.8267405853114814,1.7911434818309293,-0.3986699497921067
289,2,229.76469700677774,27.014615106928257,15.0,15.0,130.3157267474376,-109.90909960731567,221.2853899873962,21.71354422727883,229.76469700677774,27.014615106928257,-0.82531193099249,1.7913534412540464,-0.40731465660567423
290,2,229.76687334359073,27.250528600768316,15.0,15.0,130.48211548991924,-109.75528446511976,221.2536763727012,22.004055753717893,229.76687334359073,27.250528600768316,-0.8239790318810232,1.7915248388053246,-0.41524506265702876
291,2,229.77047552373278,27.46659733595081,15.0,15.0,130.63527782070537,-109.61333204488311,221.22684821531158,22.26982599070196,229.77047552373278,27.46659733595081,-0.8227506310207233,1.7916618510434716,-0.4224382148846164
292,2,229.7751137493087,27.66164639627923,15.0,15.0,130.77417833320388,-109.48429471733175,221.20452227798683,22.50946609744412,229.7751137493087,27.66164639627923,-0.8216354016232565,1.7917686037008447,-0.42887117923250884
293,2,229.78039822242332,27.83450086555708,15.0,15.0,130.8977918814736,-109.36921579313197,221.18632101310078,22.72159201440367,229.78039822242332,27.83450086555708,-0.8206419373329658,1.7918491499085067,-0.4345210286108061
294,2,229.78593914518143,27.983985827587745,15.0,15.0,131.00510357328938,-109.26912707889441,221.1718736871701,22.904824845191527,229.78593914518143,27.983985827587745,-0.8197787423493363,1.7919074475162777,-0.4393648300932236
295,2,229.79134671968794,28.108926366174792,15.0,15.0,131.09510870993117,-109.18504633662326,221.16081752884904,23.057791257500924,229.79134671968794,28.108926366174792,-0.8190542213524273,1.791947335543667,-0.44337963144259174
296,2,229.79623114804753,28.2081475651216,15.0,15.0,131.16681268786147,-109.11797464486484,221.15279889745608,23.179123909436967,229.79623114804753,28.2081475651216,-0.8184766691691822,1.791972509799919,-0.44654244706459245
297,2,229.80020263236509,28.280474508231713,15.0,15.0,131.21923087921283,-109.06889365930618,221.1474744688511,23.26746190817454,229.80020263236509,28.280474508231713,-0.8180542601116029,1.7919864977143825,-0.44883024349995204
298,2,229.80287137474545,28.32473227930857,15.0,15.0,131.2513885097582,-109.03876277016496,221.1445124351811,23.321451308418943,229.80287137474545,28.32473227930857,-0.8177950369112545,1.7919926324221946,-0.450219924575624
299,2,229.8038475772934,28.339745962155607,15.0,15.0,131.26232055477212,-109.028516153421,221.14359371465866,23.339745658683583,229.8038475772934,28.339745962155607,-0.8177068991685076,1.7919940261549612,-0.4506883163462234
300,3,229.8038475772934,28.339745962155604,15.0,15.0,131.2623206689143,-109.02851604642595,221.143593539449,23.339745962155604,229.8038475772934,28.339745962155604,-0.8177068982482176,1.7919940274206323,-0.45068835357411574
301,3,229.7940713446453,28.347146774620832,15.0,15.0,131.2636874737891,-109.02723481154085,221.13244488352882,23.349524635234232,229.7940713446453,28.347146774620832,-0.8176958781056081,1.792077554557642,-0.45105745079057424
302,3,229.76523907082745,28.36914116135462,15.0,15.0,131.26785598717265,-109.0233270967445,221.09953123894925,23.378599329797154,229.76523907082745,28.36914116135462,-0.8176622679145963,1.7923240436321608,-0.45215479145231097
303,3,229.71809539202974,28.40541704636419,15.0,15.0,131.27494121219092,-109.016684547288,221.04565663295696,23.42658124166725,229.71809539202974,28.40541704636419,-0.8176051382203233,1.792727257049455,-0.4539654547979841
304,3,229.65338494444183,28.455662353656685,15.0,15.0,131.28507405251108,-109.00718347177316,220.9716321405479,23.493085578222335,229.65338494444183,28.455662353656685,-0.8175234296299733,1.7932808334827606,-0.4564745262721779
305,3,229.57185236425337,28.519565007239258,15.0,15.0,131.29839978585863,-108.9946862056943,220.8782754711445,23.577731258153463,229.57185236425337,28.519565007239258,-0.8174159648487435,1.7939782980844405,-0.45966709570059083
306,3,229.47424228765422,28.596812931119185,15.0,15.0,131.31507656490453,-108.97904243742325,220.76641057130814,23.68014060119954,229.47424228765422,28.596812931119185,-0.8172814604469101,1.7948130723701767,-0.4635282554071616
307,3,229.36129935083414,28.687094049303557,15.0,15.0,131.33527394548057,-108.96009049702242,220.63686724199408,23.799939009994844,229.36129935083414,28.687094049303557,-0.8171185383596034,1.7957784837789061,-0.46804309827422896
308,3,229.23376818998275,28.790096285799656,15.0,15.0,131.3591714420863,-108.93765860831472,220.49048076889378,23.936754646039745,229.23376818998275,28.790096285799656,-0.8169257371210448,1.7968677749121829,-0.47319671574765865
309,3,229.09239344128986,28.905507564614545,15.0,15.0,131.38695711068954,-108.91156610468012,220.32809156446098,24.090218101683618,229.09239344128986,28.905507564614545,-0.8167015228349681,1.7980741124575217,-0.4789741957897644
310,3,228.93791974094523,29.033015809755497,15.0,15.0,131.41882615889216,-108.88162460908256,220.15054482027205,24.2599620699026,228.93791974094523,29.033015809755497,-0.8164442998827547,1.7993905958010978,-0.48536062078387276
311,3,228.7710917251386,29.172308945229705,15.0,15.0,131.45497958363092,-108.84763917885601,219.9586901684395,24.445621013549953,228.7710917251386,29.172308945229705,-0.8161524213704685,1.8008102653358347,-0.4923410653953755
312,3,228.59265403005975,29.323074895044268,15.0,15.0,131.49562283670457,-108.80940941579634,219.75338135086722,24.646830835664943,228.59265403005975,29.323074895044268,-0.8158241993154983,1.8023261104715307,-0.4999005943952153
313,3,228.4033512918983,29.48500158320646,15.0,15.0,131.54096451856034,-108.76673054211159,219.53547589521335,24.86322855233729,228.4033512918983,29.48500158320646,-0.8154579145729012,1.8039310773541375,-0.5080242604528196
314,3,228.20392814684405,29.657776933723426,15.0,15.0,131.59121510093223,-108.71939444277984,219.3058347965092,25.09445196954141,228.20392814684405,29.657776933723426,-0.815051826500817,1.805618076301673,-0.5166971019065987
315,3,227.9951292310868,29.8410888706024,15.0,15.0,131.64658567909856,-108.667190674846,219.0653222034667,25.340139365279455,227.9951292310868,29.8410888706024,-0.8146041823634813,1.8073799889645086,-0.5259041405212213
316,3,227.7776991808162,30.034625317850413,15.0,15.0,131.70728675470866,-108.60990744416165,218.81480510859643,25.59992917829723,227.7776991808162,30.034625317850413,-0.8141132264694454,1.8092096752179072,-0.5356303792419317
317,3,227.55238263222205,30.23807419947481,15.0,15.0,131.77352705032447,-108.5473325500277,218.55515304134963,25.873459704570422,227.55238263222205,30.23807419947481,-0.8135772090415813,1.811099979794697,-0.5458607999572189
318,3,227.3199242214941,30.45112343948273,15.0,15.0,131.845512357017,-108.47925429814593,218.2872377635883,26.16036880268915,227.3199242214941,30.45112343948273,-0.8129943948143894,1.8130437386658913,-0.5565803612821283
319,3,227.0810685848221,30.673460961881307,15.0,15.0,131.92344441655885,-108.40546238221334,218.0119329667836,26.46029360920882,227.0810685848221,30.673460961881307,-0.8123630713529674,1.8150337851768366,-0.5677739963754413
320,3,226.83656035839567,30.904774690677776,15.0,15.0,132.007519839951,-108.32574873441264,217.730113970434,26.77287026497048,226.83656035839567,30.904774690677776,-0.8116815570868355,1.817062955946169,-0.579426610804807
321,3,226.58714417840466,31.144752549879314,15.0,15.0,132.09792906421367,-108.23990834495285,217.44265742129215,27.097733653334103,226.58714417840466,31.144752549879314,-0.8109482090506022,1.8191240965344204,-0.5915230804746809
322,3,226.33356468103887,31.393082463493084,15.0,15.0,132.1948553495571,-108.14774005070657,217.15044099307852,27.434517151208667,226.33356468103887,31.393082463493084,-0.8101614303222482,1.8212100668886038,-0.604048249632628
323,3,226.07656650248788,31.649452355526297,15.0,15.0,132.29847381921903,-108.04904729286605,216.85434308645492,27.782852393702825,226.07656650248788,31.649452355526297,-0.8093196771486039,1.8233137465684783,-0.6169869289701104
324,3,225.81689427894162,31.913550149986154,15.0,15.0,132.40895054441785,-107.94363884340844,216.55524252912164,28.142369053160323,225.81689427894162,31.913550149986154,-0.8084214657464158,1.8254280397594842,-0.6303238938343536
325,3,225.55529264658972,32.185063770879765,15.0,15.0,132.52644167700595,-107.83132950001527,216.25401827598662,28.512694633284497,225.55529264658972,32.185063770879765,-0.8074653787662802,1.8275458800765616,-0.6440438825682349
326,3,225.29250624162188,32.46368114221436,15.0,15.0,132.65109263253342,-107.71194074893869,215.9515491094457,28.89345427899586,225.29250624162188,32.46368114221436,-0.8064500714056421,1.8296602351621867,-0.6581315949953179
327,3,225.02927970022785,32.749090187997155,15.0,15.0,132.78303732652284,-107.58530139514659,215.6487133398914,29.284270602603982,225.02927970022785,32.749090187997155,-0.8053742771560959,1.8317641110810567,-0.6725716910672379
328,3,224.76635765859754,33.04097883223527,15.0,15.0,132.92239746682804,-107.45124815891192,215.34638850664948,29.68476352681357,224.76635765859754,33.04097883223527,-0.8042368131693298,1.8338505565128633,-0.6873487896905313
329,3,224.5044847529205,33.339034998935944,15.0,15.0,133.06928190498743,-107.309626237842,215.04545107961582,30.094550145020236,224.5044847529205,33.339034998935944,-0.8030365852253124,1.8359126667435834,-0.7024474677497388
330,3,224.24440561938653,33.642946612106314,15.0,15.0,133.22378604948898,-107.16028983317227,214.74677616194057,30.513244599285457,224.24440561938653,33.642946612106314,-0.8017725922856984,1.8379435874546632,-0.7178522593431851
331,3,223.98686489418543,33.952401595753585,15.0,15.0,133.38599134383634,-107.00310263897845,214.45123719416887,30.94045797631503,223.98686489418543,33.952401595753585,-0.8004439306149811,1.839936518308407,-0.7335476552472135
332,3,223.73260721350687,34.267087873884954,15.0,15.0,133.5559648122411,-106.83793829279391,214.15970566031274,31.37579822169623,223.73260721350687,34.267087873884954,-0.7990497974516293,1.8418847163267975,-0.7495181026238709
333,3,223.48237721354067,34.58669337050759,15.0,15.0,133.7337586756632,-106.66468078595929,213.8730507963848,31.81887007258004,223.48237721354067,34.58669337050759,-0.7975894942113639,1.8437814990598982,-0.7657480049860321
334,3,223.2369195304764,34.91090600962863,15.0,15.0,133.91941004077918,-106.48322483187967,213.59213930197353,32.26927500892471,223.2369195304764,34.91090600962863,-0.7960624292048436,1.8456202475389447,-0.7822217224328072
335,3,222.99697880050408,35.239413715255374,15.0,15.0,134.11294066427587,-106.29347619022509,213.3178350554898,32.72661122334493,222.99697880050408,35.239413715255374,-0.7944681198523521,1.8473944090081678,-0.7989235721666756
336,3,222.7632996598132,35.57190441139493,15.0,15.0,134.3143567946439,-106.09535194498758,213.05099883374893,33.1904736095384,222.7632996598132,35.57190441139493,-0.7928061943786542,1.8490974994284328,-0.8158378293022706
337,3,222.53662674459363,35.90806602205445,15.0,15.0,134.523649093384,-105.8887807342005,212.79248803659223,33.66045376918949,222.53662674459363,35.90806602205445,-0.7910763929719621,1.8507231057448055,-0.8329487279749788
338,3,222.317704691035,36.247586471241235,15.0,15.0,134.74079263723488,-105.67370292904215,212.54315641727476,34.13614003717515,222.317704691035,36.247586471241235,-0.7892785683919957,1.8522648879092825,-0.850240462755609
339,3,222.10727813532725,36.590153682962324,15.0,15.0,134.96574700269468,-105.45007075998525,212.30385381937106,34.617117524824536,222.10727813532725,36.590153682962324,-0.7874126860133904,1.8537165806491172,-0.8676971903753123
340,3,221.90609171365998,36.93545558122499,15.0,15.0,135.19845643373122,-105.21784838761847,212.07542592096343,35.10296818091199,221.90609171365998,36.93545558122499,-0.7854788232922072,1.8550719949704264,-0.8853030317626773
341,3,221.7148900622229,37.28318009003638,15.0,15.0,135.43885009317,-104.9770119157621,211.85871398688857,35.59327086998722,221.7148900622229,37.28318009003638,-0.7834771686450487,1.856325019386128,-0.9030420743925518
342,3,221.5344178172058,37.633015133403724,15.0,15.0,135.6868423978123,-104.72754934452475,211.65455462981922,36.0876014675771,221.5344178172058,37.633015133403724,-0.7814080197322419,1.8574696208567096,-0.9208983749436288
343,3,221.36541961479844,37.98464863533418,15.0,15.0,135.9423334368734,-104.46946046100707,211.46377958095405,36.585532971720156,221.36541961479844,37.98464863533418,-0.77927178113873,1.8584998454318904,-0.9388559622592174
344,3,221.20864009119063,38.337768519834896,15.0,15.0,136.20520947284984,-104.20275666545042,211.28721547107983,37.08663563022675,221.20864009119063,38.337768519834896,-0.7770689614486732,1.8594098185808916,-0.9568988406029111
345,3,221.06482388257194,38.69206271091308,15.0,15.0,136.47534352342726,-103.9274607307553,211.12568362275306,37.590477082989665,221.06482388257194,38.69206271091308,-0.7748001697123136,1.8601937451988217,-0.9750109931981091
346,3,220.93471562513218,39.04721913257596,15.0,15.0,136.7525960225315,-103.6436064934569,210.97999985432762,38.09662251860394,220.93471562513218,39.04721913257596,-0.7724661113063386,1.8608459092765521,-0.993176386037528
347,3,220.81905995506122,39.402925708830665,15.0,15.0,137.0368155581175,-103.35123847444102,210.85097429652504,38.604634844492765,220.81905995506122,39.402925708830665,-0.7700675831918017,1.8613606732214847,-1.0113789719460489
348,3,220.71860150854863,39.758870363684444,15.0,15.0,137.32783968377933,-103.0504114279132,210.73941122221242,39.114074869676315,220.71860150854863,39.758870363684444,-0.76760546857656,1.8617324768167025,-1.0296026948774304
349,3,220.6340849217843,40.11474102114437,15.0,15.0,137.62549580076686,-102.74118981739615,210.64610889001565,39.62450149926282,220.6340849217843,40.11474102114437,-0.765080730992159,1.8619558358062265,-1.0478314944226805
350,3,220.56625483095783,40.47022560521769,15.0,15.0,137.9296021065102,-102.42364721782015,210.57185940234805,40.13547193969039,220.56625483095783,40.47022560521769,-0.7624944077980825,1.862025340094421,-1.0660493105052131
351,3,220.51585587225898,40.82501203991163,15.0,15.0,138.2399686052905,-102.09786564308936,210.5174485783922,40.646541913696836,220.51585587225898,40.82501203991163,-0.759847603129267,1.8619356515479937,-1.0842400882353311
352,3,220.48363268187762,41.17878824923332,15.0,15.0,138.55639817626215,-101.76393479884516,210.4836558425148,41.15726588395242,220.48363268187762,41.17878824923332,-0.7571414803057033,1.8616815013895396,-1.102387782894172
353,3,220.47032989600342,41.53124215718995,15.0,15.0,138.87868769363217,-101.42195126050564,210.4712541285424,41.66719728424937,220.47032989600342,41.53124215718995,-0.7543772537257852,1.8612576871721314,-1.120476365014947
354,3,220.47669215082607,41.88206168778872,15.0,15.0,139.206629193443,-101.07201757703082,210.48100980026413,42.17588875710727,220.47669215082607,41.88206168778872,-0.7515561802677665,1.8606590693250742,-1.1384898255272407
355,3,220.50346408253534,42.2309347650368,15.0,15.0,139.5400110810906,-100.714241301241,210.513682588466,42.682892396623316,220.50346408253534,42.2309347650368,-0.7486795502262242,1.859880567261595,-1.1564121809282353
356,3,220.55139032732097,42.57754931294137,15.0,15.0,139.8786193734446,-100.34873394789537,210.570025544735,43.18775999537206,220.55139032732097,42.57754931294137,-0.74574867781275,1.8589171550398993,-1.1742274784430773
357,3,220.6212155213728,42.921593255509634,15.0,15.0,140.22223896922668,-99.97560988111297,210.65078501220572,43.690043294139684,220.6212155213728,42.921593255509634,-0.742764891252172,1.8577638565696912,-1.1919198011351755
358,3,220.7136318296441,43.26275618423013,15.0,15.0,140.57063827719932,-99.59500339306578,210.75664792415347,44.18929355843605,220.7136318296441,43.26275618423013,-0.7397296679234343,1.8564161363235785,-1.209473288233856
359,3,220.82834103855504,43.600759163791984,15.0,15.0,140.9232750772088,-99.20739377916648,210.88729915654554,44.685049853659464,220.82834103855504,43.600759163791984,-0.7366472131489039,1.8548769799269889,-1.2268724320406286
360,3,220.96416169685529,43.935351327259795,15.0,15.0,141.27934110576945,-98.81356689732876,211.04152579637352,45.17684107207053,220.96416169685529,43.935351327259795,-0.7335241165871687,1.8531561159368497,-1.2441021236567946
361,3,221.11988139832386,44.26628279141478,15.0,15.0,141.63803683410666,-98.41431843820888,211.2180717362769,45.6641974585506,221.11988139832386,44.26628279141478,-0.7303669738811636,1.8512635994995412,-1.2611474360091797
362,3,221.29428773673953,44.59330367303832,15.0,15.0,141.99858148480826,-98.01044332647545,211.4156688737482,46.14665146402133,221.29428773673953,44.59330367303832,-0.7271823014701861,1.8492095819405627,-1.277993617407366
363,3,221.48616830588116,44.91616408891167,15.0,15.0,142.36021306155675,-97.60273588556748,211.63303729546703,46.6237381844096,221.48616830588116,44.91616408891167,-0.7239765377971016,1.8470043131539646,-1.2946260927259194
364,3,221.69431069952785,45.23461415581614,15.0,15.0,142.72218828922058,-97.1919899931046,211.86888550730424,47.09499578118711,221.69431069952785,45.23461415581614,-0.7207560448483061,1.8446581434194826,-1.3110304636815595
365,3,221.91750251145834,45.548403990533004,15.0,15.0,143.0837824673306,-96.77899923000535,212.1219107087019,47.55996587965575,221.91750251145834,45.548403990533004,-0.7175271100188576,1.84218152466736,-1.327192508232852
366,3,222.1545313354516,45.85728370984368,15.0,15.0,143.44428924036842,-96.36455702572779,212.39079910993448,48.01819394129676,222.1545313354516,45.85728370984368,-0.7142959482910995,1.8395850112090502,-1.3430981791322876
367,3,222.40418476528643,46.161003430529384,15.0,15.0,143.8030202886188,-95.94945680141771,212.67422629056605,48.46922960666919,222.40418476528643,46.161003430529384,-0.7110687047114161,1.8368792599501573,-1.3587336016624665
368,3,222.6652503947418,46.45931326937148,15.0,15.0,144.15930494360035,-95.53449211212784,212.97085759725638,48.912627005537914,222.6652503947418,46.45931326937148,-0.7078514571464035,1.8340750300999598,-1.3740850705894516
369,3,222.93651581759664,46.7519633431512,15.0,15.0,144.51248973228,-95.12045678867332,213.27934857892262,49.34794503112232,222.93651581759664,46.7519633431512,-0.7046502192967978,1.83118318238981,-1.3891390463672393
370,3,223.2167686276298,47.03870376864988,15.0,15.0,144.86193785440466,-94.70814507910865,213.5983454571463,49.774747575592045,223.2167686276298,47.03870376864988,-0.7014709439449123,1.8282146778105117,-1.4038821506277008
371,3,223.50479641862003,47.31928466264889,15.0,15.0,145.20702859734735,-94.29835178926336,213.92648562962307,50.192603724184636,223.50479641862003,47.31928466264889,-0.6983195264091459,1.8251805758765127,-1.4183011609902652
372,3,223.7993867843465,47.593456141929494,15.0,15.0,145.5471566928724,-93.89187242125384,214.262398204389,50.60108790558682,223.7993867843465,47.593456141929494,-0.6952018081772937,1.8220920324224097,-1.4323830052251143
373,3,224.0993273185879,47.860968323272985,15.0,15.0,145.88173162017475,-93.48950330840559,214.6047045625217,50.99977999650061,224.0993273185879,47.860968323272985,-0.6921235806889361,1.818960296934866,-1.4461147548027118
374,3,224.40340561512323,48.121571323460664,15.0,15.0,146.21017685945301,-93.09204174457552,214.95201894701555,51.38826537860517,224.40340561512323,48.121571323460664,-0.6890905892360749,1.8157967094205936,-1.459483617861148
375,3,224.71040926773142,48.375015259273866,15.0,15.0,146.53192910013365,-92.70028610545756,215.30294907555395,51.7661349464268,224.71040926773142,48.375015259273866,-0.6861085369504281,1.8126126968086067,-1.4724769316211004
376,3,225.0191258701912,48.62105024749389,15.0,15.0,146.84643740768405,-92.31503595909405,215.65609677496582,52.13298506493609,225.0191258701912,48.62105024749389,-0.6831830888453608,1.8094197688825,-1.4850821542761778
377,3,225.32834301628162,48.859426404902045,15.0,15.0,147.15316235274224,-91.93709216249407,216.01005863524625,52.488417476006035,225.32834301628162,48.859426404902045,-0.6803198758803057,1.8062295137360938,-1.4972868563841488
378,3,225.6368482997815,49.08989384827965,15.0,15.0,147.45157510604875,-91.56725694098881,216.36342668114474,52.83203915318174,225.6368482997815,49.08989384827965,-0.6775244990157144,1.8030535927434495,-1.509078711782004
379,3,225.94342931446977,49.31220269440793,15.0,15.0,147.74115650240915,-91.20633394672336,216.71478905948524,53.16346210453332,225.94342931446977,49.31220269440793,-0.6748025332270329,1.799903735031997,-1.5204454880451073
380,3,226.24687365412527,49.52610306006837,15.0,15.0,148.02139607663761,-90.85512829250314,217.06273074056864,53.48230312368591,226.24687365412527,49.52610306006837,-0.672159531446928,1.7967917314454058,-1.5313750365078418
381,3,226.54596891252697,49.73134506204211,15.0,15.0,148.29179107414544,-90.51444655707749,217.4058342322295,53.788183489441394,226.54596891252697,49.73134506204211,-0.6696010284059756,1.7937294279808622,-1.541855281860198
382,3,226.8395026834537,49.927678817110454,15.0,15.0,148.55184543854745,-90.18509675785032,217.74268030536638,54.08072861473261,226.8395026834537,49.927678817110454,-0.667132544343229,1.7907287186836516,-1.5518742113317892
383,3,227.12626256068444,50.11485444205488,15.0,15.0,148.8010687783644,-89.86788828696514,218.07184873004226,54.35956764596817,227.12626256068444,50.11485444205488,-0.6647595885595501,1.7878015379804126,-1.561419863471772
384,3,227.40503613799802,50.292622053656586,15.0,15.0,149.03897531461072,-89.5636318067098,218.39191902155386,54.62433301415027,227.40503613799802,50.292622053656586,-0.6624876627882291,1.7849598524311447,-1.5704803165302361
385,3,227.67461100917336,50.460731768696796,15.0,15.0,149.2650828107751,-89.27313910022899,218.7014711961947,54.874659939469055,227.67461100917336,50.460731768696796,-0.6603222643592852,1.7822156518790817,-1.579043676443777
386,3,227.93377476798932,50.61893370395698,15.0,15.0,149.4789114864288,-88.99722287361928,218.99908653678574,55.11018589139783,227.93377476798932,50.61893370395698,-0.6582688891358899,1.7795809399768745,-1.587098064425254
387,3,228.18131500822483,50.766977976218314,15.0,15.0,149.6799829154406,-88.73669650560801,219.28334836841407,55.33055000663647,228.18131500822483,50.766977976218314,-0.6563330342035887,1.7770677240672483,-1.5946316041552278
388,3,228.4160193236588,50.904614702262165,15.0,15.0,149.86781890953702,-88.49237374118117,219.55284284520377,55.53539246757994,228.4160193236588,50.904614702262165,-0.6545202002953805,1.774688004396352,-1.6016324085702278
389,3,228.6366753080701,51.031593998869866,15.0,15.0,150.04194038772576,-88.26506832573115,219.80615974934102,55.724353844317264,228.6366753080701,51.031593998869866,-0.6528358939382841,1.7724537626385364,-1.6080885662409674
390,3,228.84207055523757,51.147665982822645,15.0,15.0,150.20186623190196,-88.05559357652979,220.04189330398188,55.8970744035085,228.84207055523757,51.147665982822645,-0.651285629309698,1.770376949712175,-1.6139881273318017
391,3,229.03099265894022,51.252580770901886,15.0,15.0,150.347112128782,-87.86476188860262,220.25864300208508,56.053193387836686,229.03099265894022,51.252580770901886,-0.6498749297946893,1.7684694728675188,-1.6193190891312952
392,3,229.20222921295692,51.34608847988889,15.0,15.0,150.4771893981591,-87.69338417237657,220.4550144536271,56.19234827009433,229.20222921295692,51.34608847988889,-0.6486093292382805,1.7667431820293573,-1.6240693811425948
393,3,229.3545678110665,51.42793922656496,15.0,15.0,150.59160380735324,-87.54226922079374,220.62962025407205,56.31417398634645,229.3545678110665,51.42793922656496,-0.647494372889811,1.7652098553795095,-1.628226849721561
394,3,229.48679604704787,51.497883127711354,15.0,15.0,150.6898543716313,-87.41222300392411,220.78108087737635,56.41830215301309,229.48679604704787,51.497883127711354,-0.6465356180395465,1.7638811841668733,-1.6317792422502064
395,3,229.59770151467998,51.555670300109384,15.0,15.0,150.7714321403085,-87.30404788946333,220.9080255972015,56.50436027314208,229.59770151467998,51.555670300109384,-0.6457386343508236,1.762768756735899,-1.634714190833025
396,3,229.68607180774168,51.60105086054042,15.0,15.0,150.8358189682052,-87.21854178786249,221.0090934403902,56.5719709376,229.68607180774168,51.60105086054042,-0.6451090038941472,1.761884041767919,-1.6370191955042246
397,3,229.75069452001188,51.633774925785694,15.0,15.0,150.8824862721288,-87.15649722119845,221.08293417711388,56.62075102740128,229.75069452001188,51.633774925785694,-0.644652320892751,1.7612383707337393,-1.6386816069347583
398,3,229.7903572452695,51.65359261262662,15.0,15.0,150.91089377207783,-87.11870031524576,221.12820935242564,56.650310923928615,229.7903572452695,51.65359261262662,-0.6443741911921461,1.7608429195602455,-1.6396886086293807
399,3,229.80384757729337,51.66025403784437,15.0,15.0,150.92048821692526,-87.10592971455029,221.14359336423934,56.66025373437233,229.80384757729337,51.66025403784437,-0.6442802314690808,1.7607086895184685,-1.6400271986057549
400,4,229.80384757729337,51.66025403784441,15.0,15.0,150.92048843073516,-87.10592942993266,221.14359353944897,56.66025403784441,229.80384757729337,51.66025403784441,-0.6442802293750799,1.760708687692961,-1.6400272339161797
401,4,229.79052989373886,51.65670897086898,15.0,15.0,150.9081648246831,-87.12233220009605,221.1247095932262,56.64705550384872,229.79052989373886,51.65670897086898,-0.6444009140045113,1.7608750038256031,-1.638958537287948
402,4,229.75093800059523,51.64616990735228,15.0,15.0,150.87151299814622,-87.17109158462867,221.06863343446628,56.60778128078496,229.75093800059523,51.64616990735228,-0.644759729530382,1.7613689224618527,-1.6357808750719707
403,4,229.6856136341429,51.628781053408545,15.0,15.0,150.8109902112724,-87.2515278019535,220.97631935582388,56.542862165238034,229.6856136341429,51.628781053408545,-0.6453518634663138,1.7621821568667637,-1.630536101621637
404,4,229.59509853066191,51.60468661515199,15.0,15.0,150.7270280464617,-87.36295158735409,220.84883684089786,56.452666241157615,229.59509853066191,51.60468661515199,-0.6461725498649376,1.7633054777259662,-1.6232650821719037
405,4,229.47993442643258,51.574030798696924,15.0,15.0,150.62003617921,-87.50466226835624,220.68736387930642,56.337506753691315,229.47993442643258,51.574030798696924,-0.6472170473871273,1.764728766271231,-1.6140077678956237
406,4,229.34066305773493,51.53695781015754,15.0,15.0,150.49040667079868,-87.67594509027708,220.49318089394671,56.19765082315993,229.34066305773493,51.53695781015754,-0.6484806121346237,1.7664410619103397,-1.6028032707007953
407,4,229.1778261608492,51.493611855648176,15.0,15.0,150.33851871624512,-87.8760679249191,220.26766513174562,56.03332885513656,229.1778261608492,51.493611855648176,-0.6499584660819655,1.7684306056233061,-1.5896899381948506
408,4,228.99196547205565,51.44413714128306,15.0,15.0,150.1647437893004,-88.10427748824385,220.01228536891182,55.844744513590044,228.99196547205565,51.44413714128306,-0.6516457618806842,1.770684880383754,-1.5747054293018388
409,4,228.78362272763442,51.388677873176356,15.0,15.0,149.96945113204276,-88.35979518708,219.72859678429825,55.63208513214984,228.78362272763442,51.388677873176356,-0.6535375447607135,1.7731906498413514,-1.5578867910434513
410,4,228.55333966386564,51.32737825744237,15.0,15.0,149.7530135399522,-88.64181271041846,219.41823585964084,55.39553244405303,228.55333966386564,51.32737825744237,-0.6556287122199014,1.775933996461062,-1.5392705369887605
411,4,228.30165801702955,51.260382500195405,15.0,15.0,149.51581339444027,-88.94948747748649,219.0829151728851,55.13527351460283,228.30165801702955,51.260382500195405,-0.657913972171233,1.7789003602593907,-1.5188927278432431
412,4,228.02911952340634,51.18783480754968,15.0,15.0,149.25824889382164,-89.28193805240025,218.72441796032945,54.851511761386405,228.02911952340634,51.18783480754968,-0.6603878002076025,1.7820745792081094,-1.4967890545877343
413,4,227.73626591927612,51.109879385619415,15.0,15.0,148.98074043080945,-89.6382396335683,218.344592334715,54.544477947468636,227.73626591927612,51.109879385619415,-0.663044396644348,1.7854409322931313,-1.4729949244947658
414,4,227.4236389409192,51.02666044051888,15.0,15.0,148.6837370599762,-90.01741972491584,217.94534505950722,54.214441031712056,227.4236389409192,51.02666044051888,-0.6658776440087578,1.7889831861209504,-1.4475455502455004
415,4,227.0917803246157,50.93832217836242,15.0,15.0,148.36772299243682,-90.4184540951566,217.5286347942931,53.86171875869,227.0917803246157,50.93832217836242,-0.6688810656616463,1.7926846458579069,-1.420476042247421
416,4,226.74123180664577,50.84500880526414,15.0,15.0,148.0332240475124,-90.84026313045699,217.09646474230294,53.486687868770545,226.74123180664577,50.84500880526414,-0.6720477862569835,1.796528211168877,-1.3918215041133903
417,4,226.37253512328962,50.7468645273384,15.0,15.0,147.68081398258866,-91.28170868459775,216.6508746483866,53.08979380725883,226.37253512328962,50.7468645273384,-0.6753704947692553,1.800496437692279,-1.3616171311092984
418,4,225.98623201082754,50.64403355069941,15.0,15.0,147.31112061311433,-91.74159152880341,216.19393211415695,52.671559810372884,225.98623201082754,50.64403355069941,-0.6788414108423293,1.8045716044479512,-1.3298983112130724
419,4,225.58286420553958,50.53666008146147,15.0,15.0,146.92483162507867,-92.21864950042342,215.72772321624757,52.23259524566336,225.58286420553958,50.53666008146147,-0.6824522552353629,1.808735787424193,-1.2967007282558114
420,4,225.16297344370594,50.42488832573873,15.0,15.0,146.52269997281135,-92.71155644526658,215.2543424334927,51.77360308558997,225.16297344370594,50.42488832573873,-0.6861942251577927,1.8129709394309066,-1.2620604664399382
421,4,224.72710146160688,50.308862489645506,15.0,15.0,146.10554874607976,-93.21892204226256,214.77588190906434,51.29538639563813,224.72710146160688,50.308862489645506,-0.6900579752934622,1.8172589761385063,-1.2260141153539805
422,4,224.27578999552244,50.1887267792961,15.0,15.0,145.6742753828006,-93.73929259094889,214.2944200939126,50.798853722839326,224.27578999552244,50.1887267792961,-0.6940336053101673,1.821581868048637,-1.1885988744337443
423,4,223.80958078173296,50.064625400804715,15.0,15.0,145.22985509787307,-94.27115283178347,213.81200983794145,50.28502327705428,223.80958078173296,50.064625400804715,-0.6981106546318838,1.8259217379647297,-1.1498526556606414
424,4,223.3290155565186,49.93670256028562,15.0,15.0,144.77334339534502,-94.81292885627747,213.33066601487116,49.755025806027305,223.3290155565186,49.93670256028562,-0.7022781052134077,1.830260963350487,-1.109814183145536
425,4,222.8346360561595,49.80510246385303,15.0,15.0,144.305877531035,-95.3629921483147,212.8523527853556,49.210106076108815,222.8346360561595,49.80510246385303,-0.7065243929979399,1.8345822827854343,-1.0685230881267094
426,4,222.32698401693588,49.669969317621245,15.0,15.0,143.82867679650752,-95.91966477979007,212.3789706202568,48.651622883693236,222.32698401693588,49.669969317621245,-0.7108374286546892,1.8388689055521894,-1.0260199978195268
427,4,221.80660117512787,49.5314473277045,15.0,15.0,143.34304150354492,-96.4812257629927,211.91234322167884,48.08104753778076,221.80660117512787,49.5314473277045,-0.7152046280838225,1.8431046232239379,-0.9823466164989652
428,4,221.2740292670157,49.389680700217,15.0,15.0,142.85035056147296,-97.04591853926887,211.45420449306292,47.499960771533566,221.2740292670157,49.389680700217,-0.7196129530389344,1.8472739219670289,-0.937545797179735
429,4,220.72981002887954,49.24481364127312,15.0,15.0,142.35205755822136,-97.61195955886515,211.00618572099634,46.91004806007592,220.72981002887954,49.24481364127312,-0.7240489620526837,1.8513620941372455,-0.8916616022869184
430,4,220.17448519699957,49.09699035698701,15.0,15.0,141.8496852799762,-98.17754788106599,210.56980314007575,46.31309334283482,220.17448519699957,49.09699035698701,-0.7284988716605805,1.8553553476337785,-0.8447393517861519
431,4,219.60859650765602,48.946355053473006,15.0,15.0,141.34481863360122,-98.74087569753634,210.14644605789732,45.71097117112903,219.60859650765602,48.946355053473006,-0.7329486277039106,1.8592409113869923,-0.7968256573684724
432,4,219.03268569712904,48.79305193684526,15.0,15.0,140.8390959702728,-99.30013965601474,209.7373657197864,45.10563732511322,219.03268569712904,48.79305193684526,-0.7373839862597298,1.8630071352990825,-0.7479684414609757
433,4,218.4472945016988,48.63722521321808,15.0,15.0,140.3341988472965,-99.85355283710793,209.34366509203733,44.499117968166686,218.4472945016988,48.63722521321808,-0.7417906034995712,1.8666435829346528,-0.6982169400586897
434,4,217.8529646576455,48.479019088705726,15.0,15.0,139.831840306826,-100.39935721489564,208.9662897380868,43.89349743091293,217.8529646576455,48.479019088705726,-0.746154133526312,1.8701411152743432,-0.6476216886413342
435,4,217.25023790124933,48.31857776942238,15.0,15.0,139.33375179388827,-100.93583641331868,208.60601995413742,43.29090474079091,217.25023790124933,48.31857776942238,-0.7504603329890019,1.8734919639011633,-0.596234490744826
436,4,216.63965596879046,48.1560454614824,15.0,15.0,138.84166888015238,-101.46132855578581,208.26346431930108,42.693499035956634,216.63965596879046,48.1560454614824,-0.7546951710378151,1.8766897920873156,-0.5441083690931507
437,4,216.02176059654914,47.991566371000054,15.0,15.0,138.35731600250364,-101.97423899585094,207.93905480044708,42.10345402376531,216.02176059654914,47.991566371000054,-0.7588449429655273,1.8797297423888035,-0.49129749955149293
438,4,215.3970935208054,47.82528470408948,15.0,15.0,137.8823904648196,-102.47305271274605,207.6330435337931,41.522941663666,215.3970935208054,47.82528470408948,-0.7628963856978899,1.882608469534411,-0.4378571285248416
439,4,214.76619647783963,47.657344666865015,15.0,15.0,137.4185459855102,-102.95634615735398,207.345501384136,40.954115271544936,214.76619647783963,47.657344666865015,-0.7668367931522397,1.8853241576116129,-0.38384347478529235
440,4,214.12961120393186,47.48789046544084,15.0,15.0,136.96737610059455,-103.42279834194139,207.07631835881142,40.39909225693097,214.12961120393186,47.48789046544084,-0.7706541293897363,1.8878765208000847,-0.3293136170533182
441,4,213.4878794353624,47.31706630593127,15.0,15.0,136.53039775078753,-103.87120098045354,206.82520592741812,39.85993671563061,213.4878794353624,47.31706630593127,-0.7743371374481244,1.890266787177878,-0.2743253689711824
442,4,212.84154290841133,47.14501639445059,15.0,15.0,136.10903539002723,-104.30046750493953,206.59170127050402,39.338642107940885,212.84154290841133,47.14501639445059,-0.7778754417630962,1.8924976654190262,-0.21893714337918357
443,4,212.19114335935882,46.971884937113,15.0,15.0,135.7046059512747,-104.7096408070273,206.37517345132662,38.83711425633386,212.19114335935882,46.971884937113,-0.7812596421688521,1.8945732945065241,-0.163207808028073
444,4,211.53722252448517,46.79781614003271,15.0,15.0,135.31830499294188,-105.09789958040655,206.17483147503214,38.35715489622332,211.53722252448517,46.79781614003271,-0.7844813976113018,1.8964991768928898,-0.10719653502641635
445,4,210.88032214007043,46.62295420932409,15.0,15.0,134.95119432614496,-105.46456316996878,205.98973416974783,37.90044600901061,210.88032214007043,46.62295420932409,-0.7875334979067536,1.8982820958433533,-0.050962646425091185
446,4,210.22098394239492,46.447443351101285,15.0,15.0,134.60419138986285,-105.80909486448883,205.81880179477025,37.468535158056056,210.22098394239492,46.447443351101285,-0.7904099221285752,1.8999300179857148,0.005434541619511402
447,4,209.55974966773874,46.27142777147861,15.0,15.0,134.27806059920857,-106.13110360139353,205.66082925285963,37.06282203562267,209.55974966773874,46.27142777147861,-0.7931058824955598,1.9014519823582796,0.06193587368592346
448,4,208.89716105238213,46.09505167657028,15.0,15.0,133.97340684302267,-106.43034408320106,205.5145007572346,36.68454641236515,208.89716105238213,46.09505167657028,-0.7956178529582775,1.9028579774859653,0.11848250659784054
449,4,208.23375983260522,45.91845927249062,15.0,15.0,133.69067125281617,-106.70671533467623,205.37840577974816,36.334777660874295,208.23375983260522,45.91845927249062,-0.7979435820218763,1.9041588082188339,0.17501605540839016
450,4,207.57008774468818,45.74179476535381,15.0,15.0,133.43012930787978,-106.96025775685652,205.25105608545306,36.01440600148376,207.57008774468818,45.74179476535381,-0.8000820896935391,1.9053659542322952,0.23147873184739032
451,4,206.90668652491127,45.565202361274046,15.0,15.0,133.1918912833712,-107.19114875824586,205.13090364077942,35.72413559245145,206.90668652491127,45.565202361274046,-0.8020336487879275,1.9064914222108498,0.28781347344304464
452,4,206.24409790955457,45.38882626636578,15.0,15.0,132.97590499157846,-107.39969706424135,205.01635916824566,35.46447955823989,206.24409790955457,45.38882626636578,-0.8037997511530907,1.9075475938157478,0.343964061780194
453,4,205.58286363489842,45.21281068674311,15.0,15.0,132.781960713366,-107.58633582302353,204.9058111103051,35.235757019505385,205.58286363489842,45.21281068674311,-0.8053830596822398,1.908547071570956,0.39987522862612734
454,4,204.92352543722288,45.037299828520275,15.0,15.0,132.60969816881573,-107.75161463964562,204.79764475880808,35.038092157169416,204.92352543722288,45.037299828520275,-0.8067873472448986,1.9095025247923296,0.45549274893255576
455,4,204.26662505280822,44.86243789781164,15.0,15.0,132.45861533471017,-107.89619067999051,204.69026130475618,34.87141531120743,204.26662505280822,44.86243789781164,-0.8080174238975992,1.9104265376339804,0.5107635199999419
456,4,203.61270421793452,44.68836910073138,15.0,15.0,132.32807888283102,-108.02081899282,204.5820965655467,34.73546608319971,203.61270421793452,44.68836910073138,-0.8090790539149181,1.9113314612367132,0.5656356263601008
457,4,202.96230466888207,44.51523764339376,15.0,15.0,132.21733598771482,-108.12634220159055,204.4716391536847,34.62979838087307,202.96230466888207,44.51523764339376,-0.8099788643137611,1.9122292718399008,0.6200583901886088
458,4,202.31596814193094,44.34318773191309,15.0,15.0,132.1255272357703,-108.21367971837715,204.35744786178194,34.55378731342795,202.31596814193094,44.34318773191309,-0.8107242466270226,1.9131314365649523,0.6739824072949936
459,4,201.67423637336148,44.17236357240351,15.0,15.0,132.05170035939986,-108.28381663046157,204.23816805331188,34.50663781897212,201.67423637336148,44.17236357240351,-0.8113232537184253,1.9140487884004265,0.7273595689524637
460,4,201.0376510994537,44.00290937097938,15.0,15.0,131.9948245195297,-108.33779240623882,204.11254686667957,34.48739488038579,201.0376510994537,44.00290937097938,-0.8117844934214993,1.9149914117211253,0.7801430700177887
461,4,200.40675405648787,43.83496933375493,15.0,15.0,131.95380486701572,-108.37668956139166,203.97944706128104,34.49495516387799,200.40675405648787,43.83496933375493,-0.8121170207365463,1.91596853946137,0.8322874039549923
462,4,199.78208698074423,43.66868766684434,15.0,15.0,131.92749712682576,-108.40162241905963,203.83785935786696,34.528079895751205,199.78208698074423,43.66868766684434,-0.8123302302352191,1.916988462841318,0.8837483455136121
463,4,199.1641916085029,43.50420857636193,15.0,15.0,131.9147219676263,-108.41372608925087,203.6869131511649,34.58540877776005,199.1641916085029,43.50420857636193,-0.8124337502088775,1.9180584543196304,0.9344829219243926
464,4,198.553609676044,43.341676268421985,15.0,15.0,131.91427894228264,-108.41414578323719,203.52588549977656,34.66547473014933,198.553609676044,43.341676268421985,-0.8124373399602316,1.9191847042207386,0.9844493735636521
465,4,197.95088291964788,43.18123494913866,15.0,15.0,131.92495981063945,-108.4040265683432,203.35420832626335,34.76671924410704,197.95088291964788,43.18123494913866,-0.8123507914840935,1.9203722712648081,1.0336071051040838
466,4,197.35655307559458,43.02302882462632,15.0,15.0,131.94556108366416,-108.38450365757838,203.17147378847486,34.887508121996646,197.35655307559458,43.02302882462632,-0.8121838366182574,1.9216250470171823,1.0819166282161778
467,4,196.77116188016433,42.86720210099911,15.0,15.0,131.97489565655383,-108.35669331713761,202.97743781098202,35.02614738428191,196.77116188016433,42.86720210099911,-0.8119460605750904,1.9229457340751206,1.1293394969130874
468,4,196.19525106963732,42.71389898437141,15.0,15.0,132.01180342678424,-108.32168446308054,202.77202179238674,35.18089912638746,196.19525106963732,42.71389898437141,-0.8116468225933335,1.924335837626099,1.1758382366441202
469,4,195.62936238029377,42.563263680857325,15.0,15.0,132.05516082051932,-108.2805310066531,202.55531252978628,35.349997116619974,195.62936238029377,42.563263680857325,-0.8112951842821714,1.9257956698462768,1.2213762682403433
470,4,195.07403754841383,42.415440396571256,15.0,15.0,132.10388917663488,-108.23424499588748,202.32756042529797,35.53166193743135,195.07403754841383,42.415440396571256,-0.8108998460694194,1.9273243664619824,1.265917827801289
471,4,194.52981831027768,42.270573337627326,15.0,15.0,132.15696196133445,-108.18379058947015,202.08917606089085,35.72411548637338,194.52981831027768,42.270573337627326,-0.8104690920156192,1.9289199146727742,1.309427883585981
472,4,193.9972464021655,42.12880671013986,15.0,15.0,132.21341080759402,-108.1300788875334,201.84072524648673,35.92559466969779,193.9972464021655,42.12880671013986,-0.8100107431180018,1.9305791915326416,1.3518720509357052
473,4,193.4768635603575,41.990284720223116,15.0,15.0,132.27233039223705,-108.07396363315026,201.5829226621055,36.13436414024865,193.4768635603575,41.990284720223116,-0.8095321191042364,1.9322980118068502,1.3932165062109083
474,4,192.96921152113384,41.85515157399134,15.0,15.0,132.33288217922723,-108.0162377880074,201.31662422755034,36.34872795164293,192.96921152113384,41.85515157399134,-0.8090400086063907,1.9340711842656964,1.4334279006714041
475,4,192.47483202077473,41.72355147755877,15.0,15.0,132.39429707078426,-107.95763097610676,201.04281834262878,36.567040022270234,192.47483202077473,41.72355147755877,-0.8085406475109261,1.9358925753426428,1.4724732751682348
476,4,191.9942667955604,41.59562863703965,15.0,15.0,132.45587701829228,-107.89880778048175,200.76261614714582,36.787713324916155,191.9942667955604,41.59562863703965,-0.8080397052005951,1.9377551790721124,1.5103199764477737
477,4,191.52805758177087,41.47152725854828,15.0,15.0,132.51699565285847,-107.84036686987729,200.477240952906,37.00922774038516,191.52805758177087,41.47152725854828,-0.807542278338208,1.9396511922304318,1.546935575794546
478,4,191.0767461156865,41.351391548198855,15.0,15.0,132.5770980010381,-107.7828409251646,200.18801699982106,37.230136535957854,191.0767461156865,41.351391548198855,-0.8070528917894397,1.941572093630542,1.5822877906593293
479,4,190.64087413358746,41.23536571210564,15.0,15.0,132.63569935493717,-107.72669732896273,199.896357685084,37.44907145148923,190.64087413358746,41.23536571210564,-0.8065755062409768,1.9435087265654125,1.6163444098338837
480,4,190.2209833717538,41.12359395638293,15.0,15.0,132.69238336794228,-107.67233957650478,199.6037534084589,37.66474639710711,190.2209833717538,41.12359395638293,-0.8061135320400039,1.945451383454653,1.6490732226438272
481,4,189.81761556646583,41.01622048714498,15.0,15.0,132.74679944801073,-107.62010936118894,199.31175916829503,37.87595978652696,189.81761556646583,41.01622048714498,-0.8056698487598096,1.9473898918215513,1.6804419525372032
482,4,189.43131245400372,40.913389510505965,15.0,15.0,132.79865952008424,-107.57028928443982,199.02198203219703,38.08159554873593,189.43131245400372,40.913389510505965,-0.8052468299826746,1.9493137008115369,1.710418195348907
483,4,189.0626157706476,40.815245232580196,15.0,15.0,132.84773422805915,-107.52310613640488,198.73606859370514,38.280622878050806,189.0626157706476,40.815245232580196,-0.8048463727836154,1.951211967555615,1.7389693624209914
484,4,188.71206725267766,40.721931859482,15.0,15.0,132.89384864512044,-107.4787346915432,198.45569251218842,38.47209479822095,188.71206725267766,40.721931859482,-0.8044699313955759,1.9530736427815183,1.7660626286567134
485,4,188.38020863637416,40.633593597325486,15.0,15.0,132.93687755937356,-107.43730196122965,198.18254221780816,38.655145630283755,188.38020863637416,40.633593597325486,-0.8041185545368088,1.954887555178919,1.791664885482692
486,4,188.0675816580172,40.550374652224974,15.0,15.0,132.9767403997998,-107.39889184399603,197.918308847223,38.82898746630734,188.0675816580172,40.550374652224974,-0.8037929258831813,1.9566424941309573,1.8157426985897016
487,4,187.77472805388706,40.47241923029472,15.0,15.0,133.01339586581042,-107.36355011284826,197.66467445906278,38.992905762038475,187.77472805388706,40.47241923029472,-0.8034934071707229,1.9583272905304856,1.83826227021896
488,4,187.5021895602638,40.39987153764895,15.0,15.0,133.0468363222316,-107.33128967812063,197.4233005614526,39.146254170949604,187.5021895602638,40.39987153764895,-0.8032200834157832,1.959930895503854,1.8591894056585094
489,4,187.25050791342773,40.332875780402006,15.0,15.0,133.07708202056546,-107.3020960634308,197.1958169673996,39.28844875040646,187.25050791342773,40.332875780402006,-0.8029728097406217,1.9614424569657574,1.878489483513958
490,4,187.02022484965903,40.271576164668076,15.0,15.0,133.1041752069289,-107.27593303136577,196.98381097800205,39.41896167787432,187.02022484965903,40.271576164668076,-0.8027512592902165,1.9628513940239007,1.8961274292206238
491,4,186.81188210523771,40.216116896561346,15.0,15.0,133.12817417728462,-107.2527482944294,196.78881687857145,39.53731462148836,186.81188210523771,40.216116896561346,-0.8025549717206066,1.964147469340036,1.9120676911708345
492,4,186.62602141644413,40.16664218219618,15.0,15.0,133.1491473415016,-107.23247924539594,196.6123057192021,39.6430719151934,186.62602141644413,40.16664218219618,-0.802383401729433,1.9653208596326053,1.9262742187418325
493,4,186.46318451955844,40.12329622768681,15.0,15.0,133.1671673594862,-107.21505863941309,196.45567533942994,39.735833694293405,186.46318451955844,40.12329622768681,-0.8022359670846999,1.966362224573853,1.9387104414274203
494,4,186.3239131508608,40.08622323914742,15.0,15.0,133.18230541516607,-107.20042015785545,196.32024058673608,39.81522915292582,186.3239131508608,40.08622323914742,-0.8021120955874034,1.9672627743890185,1.9493392482013987
495,4,186.2087490466314,40.05556742269238,15.0,15.0,133.19462569753097,-107.18850378092266,196.20722367111648,39.8809100909606,186.2087490466314,40.05556742269238,-0.802011270376867,1.968014336505055,1.958122966174181
496,4,186.11823394315041,40.03147298443582,15.0,15.0,133.2041801622977,-107.17926089217872,196.11774459312392,39.932544924377936,186.11823394315041,40.03147298443582,-0.8019330729536134,1.9686094216191647,1.965023337547132
497,4,186.05290957669808,40.01408413049207,15.0,15.0,133.2110036531263,-107.17265903351927,196.05281158107573,39.969813340526116,186.05290957669808,40.01408413049207,-0.8018772232526662,1.9690412895609017,1.97000149382376
498,4,186.0133176835545,40.00354506697541,15.0,15.0,133.2151094677355,-107.16868622331711,196.01331147491922,39.99240178796714,186.0133176835545,40.00354506697541,-0.8018436160495587,1.9693040153032026,1.973017926204707
499,4,186.0,39.999999999999986,15.0,15.0,133.21648546182615,-107.16735474362143,196.0,39.999999999999986,186.0,39.999999999999986,-0.8018323529212441,1.9693925554345406,1.9740324510764968
500,5,186.0,39.999999999999986,15.0,15.0,133.21648546182615,-107.16735474362143,196.0,39.999999999999986,186.0,39.999999999999986,-0.8018323529212441,1.9693925554345406,1.9740324510764968
501,5,186.0037943910738,39.96177724102708,15.0,15.0,133.18282045212752,-107.19992205390392,196.00378905709502,39.951448661878686,186.0037943910738,39.96177724102708,-0.8021078808882196,1.9694135697511663,1.9732541066283653
502,5,186.0146111642209,39.84939904768882,15.0,15.0,133.08373218037158,-107.29567528884363,196.01452858702112,39.80875993873482,186.0146111642209,39.84939904768882,-0.8029184334495565,1.9694776439466475,1.9709695210110532
503,5,186.03160071932976,39.66630054535598,15.0,15.0,132.92201808893464,-107.4516135044082,196.0311964483445,39.57638249227331,186.03160071932976,39.66630054535598,-0.8042399113601048,1.9695861856967865,1.9672544527720182
504,5,186.053913456289,39.41591685939918,15.0,15.0,132.70040274329818,-107.6646452490097,196.05267858037237,39.25876727010949,186.053913456289,39.41591685939918,-0.8060481576704708,1.9697404346783325,1.9621847707535316
505,5,186.08069977498704,39.10168311518916,15.0,15.0,132.4215512594666,-107.93160415377511,196.07778774024192,38.860369595144846,186.08069977498704,39.10168311518916,-0.8083189689282397,1.9699414835102957,1.9558364443525784
506,5,186.1111100753124,38.72703443809671,15.0,15.0,132.0880825403466,-108.24926339343772,196.10528126128418,38.3856515072229,186.1111100753124,38.72703443809671,-0.8110281032203333,1.970190297551966,1.9482855317652035
507,5,186.14429475715363,38.29540595349241,15.0,15.0,131.7025820873675,-108.61434922427594,196.13387784892421,37.83908407957938,186.14429475715363,38.29540595349241,-0.8141512863864129,1.9704877336856979,1.9396081674171257
508,5,186.17940422039925,37.81023278674707,15.0,15.0,131.26761419124415,-109.02355377216055,196.1622734234371,37.22514948068046,186.17940422039925,37.81023278674707,-0.8176642175132178,1.9708345582099667,1.9298805495650209
509,5,186.21558886493767,37.27495006323137,15.0,15.0,130.78573333919266,-109.4735472102622,196.1891560096721,36.54834259735058,186.21558886493767,37.27495006323137,-0.8215425746137435,1.9712314639671562,1.9191789288479124
510,5,186.25199909065756,36.69299290831605,15.0,15.0,130.2594947060757,-109.96098943310311,196.213219663769,35.813172077793425,186.25199909065756,36.69299290831605,-0.8257620212023951,1.9716790868295186,1.9075795983763646
511,5,186.2877852974473,36.06779644737175,15.0,15.0,129.69146362468996,-110.48254130207283,196.2331774170599,35.02416069331406,186.2877852974473,36.06779644737175,-0.830298214296977,1.9721780216645608,1.8951588857690878
512,5,186.32209788519546,35.40279580576919,15.0,15.0,129.0842239563848,-111.03487550781108,196.24777320869867,34.185844955323944,186.32209788519546,35.40279580576919,-0.8351268142100285,1.9727288378968337,1.8819931473824818
513,5,186.3540872537905,34.701426108879176,15.0,15.0,128.44038530792466,-111.61468706745515,196.25579277178812,33.302773959538314,186.3540872537905,34.701426108879176,-0.8402234963351966,1.973332094776123,1.86815876482882
514,5,186.38290380312108,33.96712248207231,15.0,15.0,127.76258906434032,-112.21870345003018,196.25607343340272,32.37950746208659,186.38290380312108,33.96712248207231,-0.8455639649888423,1.9739883564519234,1.8537321437433811
515,5,186.4076979330755,33.2033200507194,15.0,15.0,127.05351323067114,-112.84369430153293,196.24751278724455,31.420613222417444,186.4076979330755,33.2033200507194,-0.8511239692328407,1.9746982069407004,1.8387897146399854
516,5,186.42762004354245,32.41345394019106,15.0,15.0,126.3158760980722,-113.48648072275401,196.22907619888426,30.43066367520788,186.42762004354245,32.41345394019106,-0.8568793204816696,1.975462265055839,1.8234079355881387
517,5,186.44182053441037,31.6009592758581,15.0,15.0,125.55243877171564,-114.14394403775216,196.19980310760604,29.41423201778275,186.44182053441037,31.6009592758581,-0.8628059115855986,1.976281199350573,1.80766329635329
518,5,186.44944980556778,30.769271183091117,15.0,15.0,124.76600661912698,-114.81303397921866,196.1588120956512,28.375887820588105,186.44944980556778,30.769271183091117,-0.8688797369823664,1.9771557431019808,1.7916323235645082
519,5,186.44965825690315,29.92182478726095,15.0,15.0,123.95942971785271,-115.49077620874326,196.1053047048407,27.32019228584369,186.44965825690315,29.92182478726095,-0.8750769134225294,1.9780867093398722,1.7753915864109546
520,5,186.44159628830505,29.062055213738155,15.0,15.0,123.13560240038169,-116.17427908514142,196.03856799175915,26.251693293432965,186.44159628830505,29.062055213738155,-0.8813737006990227,1.9790750058986815,1.7590177023195408
521,5,186.42441429966198,28.193397587893664,15.0,15.0,122.2974620117268,-116.8607395923519,195.95797582540146,25.17492038325227,186.42441429966198,28.193397587893664,-0.8877465217497049,1.9801216504441308,1.742587342030815
522,5,186.39726269086242,27.319287035097947,15.0,15.0,121.44798701067286,-117.54744833973842,195.862988944856,24.09437982954043,186.39726269086242,27.319287035097947,-0.8941719814530458,1.9812277854001472,1.726177233467733
523,5,186.35929186179493,26.4431586807219,15.0,15.0,120.59019455907425,-118.23179355160255,195.7531538085961,23.014549965157983,186.35929186179493,26.4431586807219,-0.9006268834018298,1.9823946926762699,1.7098641637819507
524,5,186.309652212348,25.568447650136136,15.0,15.0,119.72713775441166,-118.91126396897494,195.62810028063888,21.939876912426,186.309652212348,25.568447650136136,-0.9070882439178864,1.9836238080723554,1.6937249789638535
525,5,186.24749414241015,24.698589068711332,15.0,15.0,118.86190266879721,-119.58345059485322,195.48753821154457,20.874770872136935,186.24749414241015,24.698589068711332,-0.9135333025623398,1.9849167352167023,1.6778365804146795
526,5,186.17196819410233,23.837017541326546,15.0,15.0,117.99760485560515,-120.24604760956464,195.3312530465701,19.823602413115367,186.17196819410233,23.837017541326546,-0.919939532148497,1.9862752585542829,1.6622759022859022
527,5,186.08241733316476,22.986463509292758,15.0,15.0,117.13669940748012,-120.8973680177289,195.15918099566431,18.78975510685072,186.08241733316476,22.986463509292758,-0.9262896959771884,1.9877009160169046,1.6470987838932032
528,5,185.97875746437123,22.147560775288518,15.0,15.0,116.27960634342544,-121.53732580844249,194.97152948026337,17.77376934562625,185.97875746437123,22.147560775288518,-0.932581774451517,1.989194108906569,1.632298122308577
529,5,185.8610106477181,21.320554672839556,15.0,15.0,115.426360075703,-122.16612629197212,194.76853149817097,16.775659481666565,185.8610106477181,21.320554672839556,-0.9388165770977345,1.99075512632707,1.617855063817703
530,5,185.72919894320188,20.505690535471526,15.0,15.0,114.57698748887763,-122.78397425912749,194.55039678511864,15.795439094862104,185.72919894320188,20.505690535471526,-0.9449949337032466,1.992384376146019,1.6037506562035955
531,5,185.58334441081894,19.70321369671012,15.0,15.0,113.73150872146206,-123.39107335946153,194.31731292877015,14.833121918577262,185.58334441081894,19.70321369671012,-0.9511176890601788,1.9940823776859893,1.5899658507990275
532,5,185.42346911056566,18.91336949008108,15.0,15.0,112.88993791806644,-123.98762554413648,194.0694464540381,13.888722659092707,185.42346911056566,18.91336949008108,-0.9571856980633889,1.9958497547084786,1.5764815046005816
533,5,185.24959510243872,18.136403249109982,15.0,15.0,112.05228395387974,-124.5738305676802,193.80694387574152,12.962257718488246,185.24959510243872,18.136403249109982,-0.9631998211303138,1.9976872286950376,1.563278382407363
534,5,185.06174444643418,17.37256030732263,15.0,15.0,111.21855113349861,-125.14988554319376,193.52993271542402,12.053745830304024,185.06174444643418,17.37256030732263,-0.9691609199109321,1.9995956124276566,1.550337158950582
535,5,184.85993920254884,16.62208599824462,15.0,15.0,110.38873986628128,-125.71598454590338,193.23852247985644,11.163208616839029,184.85993920254884,16.62208599824462,-0.9750698532570418,2.0015758038685294,1.5376384209830634
536,5,184.64420143077876,15.88522565540162,15.0,15.0,109.56284732054147,-126.27231826027335,192.93280559935815,10.290671076473245,184.64420143077876,15.88522565540162,-0.9809274734209797,2.0036287803376935,1.5251626693003284
537,5,184.41455319112077,15.162224612319374,15.0,15.0,108.74086805901977,-126.8190736662084,192.61285832462374,9.43616200892609,184.41455319112077,15.162224612319374,-0.9867346224548014,2.005755592985617,1.512890320667184
538,5,184.17101654357108,14.453328202523446,15.0,15.0,107.92279465817266,-127.35643376017495,192.27874158120522,8.59971438590378,184.17101654357108,14.453328202523446,-0.9924921287818126,2.0079573615566586,1.500801709625799
539,5,183.91361354812608,13.758781759539715,15.0,15.0,107.10861831391608,-127.88457730735436,191.93050178122556,7.781365674140346,183.91361354812608,13.758781759539715,-0.9982008039131396,2.0102352694383105,1.4888770901630268
540,5,183.64236626478234,13.078830616893743,15.0,15.0,106.2983294365461,-128.40367862121215,191.56817159225142,6.9811581174016055,183.64236626478234,13.078830616893743,-1.003861439282766,2.012590558990318,1.4770966372163294
541,5,183.3572967535362,12.41372010811114,15.0,15.0,105.49191823764224,-128.91390736711958,191.19177066356934,6.199138983609686,183.3572967535362,12.41372010811114,-1.0094748031751097,2.015024527147075,1.46544044799895
542,5,183.05842707438418,11.763695566717756,15.0,15.0,104.68937531184336,-129.41542838689813,190.80130631038196,5.435360782846544,183.05842707438418,11.763695566717756,-1.01504163771975,2.0175385212860735,1.453888543126197
543,5,182.74577928732256,11.129002326239164,15.0,15.0,103.8906922164687,-129.90840154137726,190.3967741566724,4.689881461619336,182.74577928732256,11.129002326239164,-1.0205626559283592,2.020133935354699,1.4424208675255779
544,5,182.41937545234794,10.509885720201021,15.0,15.0,103.09586205205154,-130.39298156825143,189.97815873769304,3.962764578417591,182.41937545234794,10.509885720201021,-1.0260385387491775,2.022812206247169,1.4310172911143373
545,5,182.07923762945677,9.906591082129147,15.0,15.0,102.30488004695002,-130.8693179527061,189.5454340632079,3.254079465255245,182.07923762945677,9.906591082129147,-1.031469932114552,2.02557481042303,1.419657609228496
546,5,181.72538787864522,9.319363745549015,15.0,15.0,101.5177441493139,-131.33755480844232,189.09856414277732,2.5639013795788514,181.72538787864522,9.319363745549015,-1.036857443957061,2.0284232607581862,1.4083215427879483
547,5,181.35784825991004,8.7484490439865,15.0,15.0,100.73445562981418,-131.7978307668728,188.6375034745106,1.8923116506330757,181.35784825991004,8.7484490439865,-1.042201641169594,2.031359103619057,1.3969887381823871
548,5,180.9766408332475,8.194092310967246,15.0,15.0,99.9550196986829,-132.25027887238923,188.1621974988318,1.2393978240988872,180.9766408332475,8.194092310967246,-1.0475030464844544,2.034383916150036,1.3856387668629422
549,5,180.581787658654,7.656538880016832,15.0,15.0,99.17944614078154,-132.69502648170405,187.67258301892412,0.6052538085726269,180.581787658654,7.656538880016832,-1.052762135246018,2.0374993037639695,1.3742511246243634
550,5,180.17331079612612,7.136034084661029,15.0,15.0,98.40774997259898,-133.13219516536037,187.16858858961714,-0.010019972781520892,180.17331079612612,7.136034084661029,-1.057979332050803,2.04070689782489,1.3628052305623584
551,5,179.75123230566015,6.6328232584254625,15.0,15.0,97.63995212529663,-133.56190060957312,186.65013487658524,-0.6063164222882165,179.75123230566015,6.6328232584254625,-1.063155007227892,2.044008353511689,1.3512804256903381
552,5,179.31557424725258,6.147151734835912,15.0,15.0,96.87608015816018,-133.98425251661507,186.11713498782484,-1.1835215966054875,179.31557424725258,6.147151734835912,-1.0682894731315076,2.047405347850778,1.3396559711993357
553,5,178.86635868089985,5.679264847417947,15.0,15.0,96.1161690070889,-134.39935450199707,185.56949477947677,-1.7415145216210703,178.86635868089985,5.679264847417947,-1.0733829802162116,2.0508995779050987,1.3279110463441914
554,5,178.4036076665984,5.229407929697272,15.0,15.0,95.36026177306161,-134.8073039867049,185.00711313816322,-2.2801669908300823,178.4036076665984,5.229407929697272,-1.078435712863575,2.0544927591060347,1.3160247459383139
555,5,177.92734326434467,4.797826315199611,15.0,15.0,94.60841055586118,-135.20819208275375,184.4298822421174,-2.7993433447820735,177.92734326434467,4.797826315199611,-1.0834477849273207,2.0581866237138557,1.303976077438377
556,5,177.43758753413508,4.384765337450691,15.0,15.0,93.86067733872042,-135.6021034702976,183.837687803498,-3.2989002293280123,177.43758753413508,4.384765337450691,-1.0884192349618143,2.0619829193913124,1.2917439575992167
557,5,176.93436253596607,3.990470329976066,15.0,15.0,93.11713492997787,-135.98911626448984,183.2304092944052,-3.778686330534015,176.93436253596607,3.990470329976066,-1.0933500210963607,2.065883407873822,1.2793072086779422
558,5,176.41769032983404,3.6151866263015044,15.0,15.0,92.37786796829977,-136.36930187022853,182.60792015924892,-4.238542084255187,176.41769032983404,3.6151866263015044,-1.0982400155150556,2.069889863718383,1.2666445541648716
559,5,175.8875929757355,3.259159559952641,15.0,15.0,91.64297399854054,-136.74272482283635,181.97008801626657,-4.678299358486868,175.8875929757355,3.259159559952641,-1.1030889984989054,2.0740040731118814,1.2537346140173442
560,5,175.34409253366672,2.9226344644552444,15.0,15.0,90.9125646258817,-137.109442612618,181.31677485114704,-5.0977811067267,175.34409253366672,2.9226344644552444,-1.1078966519835676,2.078227832717825,1.2405558993707335
561,5,174.78721106362423,2.605856673334891,15.0,15.0,90.1867667565076,-137.46950549110642,180.64783720589284,-5.496800990700876,174.78721106362423,2.605856673334891,-1.1126625525823417,2.0825629485386914,1.2270868066990808
562,5,174.21697062560466,2.309071520117296,15.0,15.0,89.46572393375475,-137.82295625664958,179.96312636624126,-5.875162970923952,174.21697062560466,2.309071520117296,-1.117386164019946,2.087011234769072,1.2133056113957341
563,5,173.6333932796041,2.0325243383281695,15.0,15.0,88.74959777940347,-138.16983001680262,179.26248855117223,-6.232660863686931,173.6333932796041,2.0325243383281695,-1.1220668289181437,2.0915745126125374,1.1991904607421064
564,5,173.0365010856192,1.776460461493194,15.0,15.0,88.0385695505824,-138.510153924764,178.5457651082586,-6.569077863195702,173.0365010856192,1.776460461493194,-1.1267037598693572,2.096254609032636,1.184719366230294
565,5,172.42631610364631,1.5411252231380033,15.0,15.0,87.33284182361103,-138.84394688683878,177.81279271884938,-6.884186027722137,172.42631610364631,1.5411252231380033,-1.1312960297291255,2.1010533554057718,1.1698701952026518
566,5,171.8028603936819,1.3267639567883212,15.0,15.0,86.63264031704101,-139.17121923760425,177.06340361734624,-7.177745728781986,171.8028603936819,1.3267639567883212,-1.1358425610524199,2.1059725860406053,1.1546206617687118
567,5,171.1661560157225,1.133621995969845,15.0,15.0,85.93821586714736,-139.49197237910454,176.29742582910774,-7.449505062523542,171.1661560157225,1.133621995969845,-1.1403421145926218,2.1110141365253865,1.1389483169568262
568,5,170.51622502976426,0.961944674208242,15.0,15.0,85.2498465701912,-139.80619837998927,175.51468343181705,-7.699199222699832,170.51622502976426,0.961944674208242,-1.1447932767751863,2.116179841860954,1.1228305380548318
569,5,169.8530894958039,0.8119773250290905,15.0,15.0,84.56784010691287,-140.11387953003756,174.71499684546842,-7.92654983481188,169.8530894958039,0.8119773250290905,-1.1491944460507524,2.1214715343331716,1.106244517090727
570,5,169.17677147383773,0.6839652819582387,15.0,15.0,83.89253626592148,-140.4149878449588,173.8981831564591,-8.131264251253384,169.17677147383773,0.6839652819582387,-1.153543818024684,2.126891041074243,1.0891672484008903
571,5,168.4872930238622,0.5781538785212668,15.0,15.0,83.22430968392746,-140.70948451572102,173.0640564816338,-8.313034807566027,168.4872930238622,0.5781538785212668,-1.157839369251671,2.1324401812575613,1.0715755152298412
572,5,167.78467620587372,0.49478844824388446,15.0,15.0,82.56357282210732,-140.99731929591547,172.21242837849255,-8.471538040227813,167.78467620587372,0.49478844824388446,-1.1620788395751647,2.138120762865598,1.05344587530178
573,5,167.06894307986877,0.43411432465171806,15.0,15.0,81.91077919929823,-141.27842981980194,171.3431083081622,-8.60643386676054,167.06894307986877,0.43411432465171806,-1.1662597128819832,2.1439345789646693,1.0347546453004282
574,5,166.3401157058438,0.3963768412705768,15.0,15.0,81.26642690417908,-141.55274084267288,170.45590415812526,-8.717364729350493,166.3401157058438,0.3963768412705768,-1.1703791961324865,2.1498834034142713,1.015477884189873
575,5,165.59821614379513,0.3818213316261012,15.0,15.0,80.63106241009943,-141.82016339400246,169.55062283210907,-8.803954703645559,165.59821614379513,0.3818213316261012,-1.1744341965162457,2.1559689859319757,0.9955913753053327
576,5,164.84326645371934,0.3906931292438127,15.0,15.0,80.00528471775023,-142.08059383247897,168.62707091495008,-8.865808574919072,164.84326645371934,0.3906931292438127,-1.1784212965722052,2.162193046427608,0.9750706071391484
577,5,164.07528869561278,0.4232375676496627,15.0,15.0,79.38974985240883,-142.33391279042232,167.68505542066123,-8.902510884390693,164.07528869561278,0.4232375676496627,-1.1823367271010077,2.16855726851254,0.9538907527438112
578,5,163.2943049294718,0.4796999803690767,15.0,15.0,78.78517574401228,-142.57998399322634,166.72438463234545,-8.913624949171805,163.2943049294718,0.4796999803690767,-1.1861763376854952,2.17506329208134,0.9320266476708157
579,5,162.50033721529303,0.5603257009279297,15.0,15.0,78.19234751977996,-142.81865293728546,165.74486904299758,-8.898691860056516,162.50033721529303,0.5603257009279297,-1.1899355646235574,2.1817127048537754,0.9094527663615053
580,5,161.69340761307274,0.6653600628518053,15.0,15.0,77.61212324046824,-143.04974540732553,164.74632240662265,-8.857229462236631,161.69340761307274,0.6653600628518053,-1.19360939606566,2.18850703275511,0.8861431969043032
581,5,160.8735381828075,0.795048399666376,15.0,15.0,77.04544011255079,-143.27306581108445,163.728562909463,-8.788731324961361,160.8735381828075,0.795048399666376,-1.1971923341377153,2.1954477290018026,0.8620716140718843
582,5,160.0407719452979,0.9496235307477416,15.0,15.0,76.49332785610636,-143.4883927269799,162.69144192786777,-8.69267643572826,160.0407719452979,0.9496235307477416,-1.2006783118818822,2.202535965430069,0.8372120785917132
583,5,159.19743472939112,1.1279553792308867,15.0,15.0,75.95761046261816,-143.69521015672686,161.6378124668178,-8.569701889340337,159.19743472939112,1.1279553792308867,-1.2040562726542046,2.2097514268126255,0.8116285156289069
584,5,158.35015574324385,1.3263446380015242,15.0,15.0,75.44139574872256,-143.89253500383933,160.57620343959655,-8.422743096425876,158.35015574324385,1.3263446380015242,-1.2073071176074426,2.217033336418072,0.7855555757543344
585,5,157.5060409302059,1.5408073765390427,15.0,15.0,74.9477325135615,-144.07944356981668,159.51581979778524,-8.25515040733444,157.5060409302059,1.5408073765390427,-1.2104121889457342,2.2243163063063425,0.7592482835688146
586,5,156.67219623362692,1.7673596643226688,15.0,15.0,74.47941336664736,-144.2551392751879,158.46591028902657,-8.070454619727514,156.67219623362692,1.7673596643226688,-1.2133544945216417,2.2315348639401558,0.7329634139188093
587,5,155.8557275968567,2.002017570831791,15.0,15.0,74.03893880585098,-144.41895654118107,157.43575749202046,-7.872368766069798,155.8557275968567,2.002017570831791,-1.2161189130047865,2.238623519333039,0.7069596299170287
588,5,155.06374096324507,2.2407971655457253,15.0,15.0,73.62848896822385,-144.5703615377958,156.4346672193395,-7.6647851596056285,155.06374096324507,2.2407971655457253,-1.2186923509717948,2.2455168318080565,0.681497573273651
589,5,154.3033422761416,2.47971451794378,15.0,15.0,73.24990494110006,-144.70894957500914,155.4719579504436,-7.4517676174565395,154.3033422761416,2.47971451794378,-1.2210638409902095,2.2521494721115642,0.6568399002664793
590,5,153.58163747889614,2.714785697505235,15.0,15.0,72.90468153814894,-144.834438892141,154.55695092378934,-7.237538839215347,153.58163747889614,2.714785697505235,-1.2232245695866841,2.258456275624031,0.6332512564983159
591,5,152.90573251485827,2.942026773709454,15.0,15.0,72.59397337168849,-144.94666058177407,153.69896145399755,-7.026462973996161,152.90573251485827,2.942026773709454,-1.2251678243268542,2.264372282604821,0.6109981837320477
592,5,152.28273332737777,3.1574538160357406,15.0,15.0,72.31861587881679,-145.04554437327099,152.9072919481294,-6.823023453576411,152.28273332737777,3.1574538160357406,-1.2268888501558715,2.269832761815734,0.5903489526076435
593,5,151.7197458598046,3.357082893963396,15.0,15.0,72.07916267662421,-145.13110000288972,152.1912269751496,-6.631796200202928,151.7197458598046,3.357082893963396,-1.2283846067124768,2.2747732145033974,0.5715733159738332
594,5,151.2238760554881,3.536930076971702,15.0,15.0,71.87594022523234,-145.20339392002842,151.5600305958735,-6.457418332253297,151.2238760554881,3.536930076971702,-1.2296534205803769,2.279129356594779,0.5549421789439726
595,5,150.80222985777837,3.693011434540093,15.0,15.0,71.70912026415648,-145.26252112975584,151.02294598841456,-6.304552488220139,150.80222985777837,3.693011434540093,-1.2306945294045826,2.282837078080922,0.540727183628646
596,5,150.46191321002496,3.821343036147727,15.0,15.0,71.5788098587762,-145.30857205703148,150.58919720751152,-6.177846870238881,150.46191321002496,3.821343036147727,-1.231507518479221,2.2858323799343983,0.5292002088060248
597,5,150.21003205557753,3.9179409512741454,15.0,15.0,71.48515815509751,-145.34159444197135,150.26799269593496,-6.081891075523572,150.21003205557753,3.9179409512741454,-1.2320916547797773,2.2880512905222945,0.520632787541123
598,5,150.05369233778603,3.9788212493984414,15.0,15.0,71.42847810263314,-145.361550438441,150.068529922682,-6.021167742899223,150.05369233778603,3.9788212493984414,-1.2324451284065816,2.289429765327712,0.5152954489077879
599,5,149.99999999999997,3.9999999999999964,15.0,15.0,71.40938048216151,-145.36826928547535,150.00000025558754,-6.0,149.99999999999997,3.9999999999999964,-1.2325642169307824,2.289903575858231,0.5134569934262032
600,6,150.00000000000006,4.0,15.0,15.0,71.40938032475796,-145.3682693408419,150.00000000000006,-6.0,150.00000000000006,4.0,-1.2325642179122955,2.289903577544237,0.5134569671629547
601,6,149.9617772410271,3.996205608926168,15.0,15.0,71.37533855832,-145.38023943876254,149.95144866187871,-6.003789057095048,149.9617772410271,3.996205608926168,-1.2327764824458995,2.2902199486000003,0.5123200025423147
602,6,149.84939904768882,3.985388835779103,15.0,15.0,71.27568700213601,-145.41523323063063,149.80875993873482,-6.014528587021118,149.84939904768882,3.985388835779103,-1.2333977602472939,2.2911499831688857,0.5089801817916548
603,6,149.66630054535597,3.96839928067018,15.0,15.0,71.1141773245884,-145.47180158266016,149.5763824922733,-6.031196448344559,149.66630054535597,3.96839928067018,-1.234404405243113,2.292664929947138,0.5035438756097781
604,6,149.4159168593992,3.946086543710976,15.0,15.0,70.89461302194465,-145.5484108769908,149.2587672701095,-6.052678580372401,149.4159168593992,3.946086543710976,-1.2357723207816653,2.2947358798510558,0.49611716189710586
605,6,149.1016831151892,3.9193002250128988,15.0,15.0,70.62084656277824,-145.6434605816243,148.86036959514487,-6.077787740241973,149.1016831151892,3.9193002250128988,-1.2374770114491267,2.2973337876041997,0.48680585598466486
606,6,148.72703443809667,3.8888899246876036,15.0,15.0,70.29677713514539,-145.75529987675696,148.38565150722286,-6.105281261284148,148.72703443809667,3.8888899246876036,-1.2394936297916797,2.3004294903268954,0.47571553876672423
607,6,148.2954059534924,3.855705242846385,15.0,15.0,69.92634865465385,-145.8822433442156,147.83908407957938,-6.133877848924186,148.2954059534924,3.855705242846385,-1.2417970195825792,2.303993724373413,0.4629515831306805
608,6,147.8102327867471,3.820595779600767,15.0,15.0,69.51354774610624,-146.02258572055348,147.22514948068047,-6.162273423437114,147.8102327867471,3.820595779600767,-1.2443617570142442,2.3079971414429714,0.44861917903814597
609,6,147.2749500632314,3.78441113506228,15.0,15.0,69.06240146273817,-146.17461570632557,146.5483425973506,-6.1891560096721605,147.2749500632314,3.78441113506228,-1.2471621909505406,2.312410324783648,0.43282335757332113
610,6,146.69299290831603,3.748000909342437,15.0,15.0,68.57697455527526,-146.33662881535423,145.8131720777934,-6.213219663768996,146.69299290831603,3.748000909342437,-1.250172483144292,2.3172038061134237,0.41566901423945923
611,6,146.0677964473717,3.7122147025527106,15.0,15.0,68.06136614816126,-146.50693923943567,145.024160693314,-6.233177417059892,146.0677964473717,3.7122147025527106,-1.2533666491104136,2.322348083699939,0.3972609317522493
612,6,145.4027958057692,3.6779021148045654,15.0,15.0,67.5197057223777,-146.6838906967384,144.18584495532394,-6.247773208698646,145.4027958057692,3.6779021148045654,-1.2567186001464927,2.3278136418701667,0.377703802550716
613,6,144.7014261088791,3.6459127462094507,15.0,15.0,66.9561483432573,-146.8658662267417,143.30277395953823,-6.255792771788151,144.7014261088791,3.6459127462094507,-1.2602021868106514,2.333570972063377,0.3571022512221238
614,6,143.96712248207234,3.617096196878922,15.0,15.0,66.37486910750468,-147.05129689140648,142.37950746208662,-6.256073433402719,143.96712248207234,3.617096196878922,-1.2637912440016073,2.339590595395687,0.3355608570174855
615,6,143.20332005071938,3.592302066924489,15.0,15.0,65.78005681614171,-147.23866934165056,141.42061322241742,-6.2475127872445455,143.20332005071938,3.592302066924489,-1.2674596376385376,2.3458430865726894,0.3131841766187966
616,6,142.41345394019106,3.572379956457528,15.0,15.0,65.17590690913917,-147.42653221024392,140.43066367520788,-6.229076198884286,142.41345394019106,3.572379956457528,-1.2711813128090288,2.352299098868458,0.2900767673079825
617,6,141.60095927585803,3.558179465589589,15.0,15.0,64.56661372288333,-147.61350129692946,139.4142320177827,-6.199803107606073,141.60095927585803,3.558179465589589,-1.2749303431425245,2.358929389785318,0.266343210680573
618,6,140.76927118309112,3.55055019443221,15.0,15.0,63.95636215319659,-147.79826351876443,138.3758878205881,-6.1588120956512,140.76927118309112,3.55055019443221,-1.2786809810744402,2.3657048469194932,0.24208813704417276
619,6,139.92182478726096,3.55034174309686,15.0,15.0,63.34931882422832,-147.97957960810035,137.3201922858437,-6.105304704840705,139.92182478726096,3.55034174309686,-1.2824077085925853,2.372596513483681,0.2174162506423043
620,6,139.06205521373818,3.5584037116949645,15.0,15.0,62.74962287706931,-148.15628555191387,136.251693293433,-6.038567991759123,139.06205521373818,3.5584037116949645,-1.2860852880024904,2.3795756128790924,0.1924323558476999
621,6,138.19339758789363,3.575585700338026,15.0,15.0,62.161376501401946,-148.327292778926,135.1749203832522,-5.957975825401462,138.19339758789363,3.575585700338026,-1.2896888122111143,2.386613571666808,0.16724138447464965
622,6,137.3192870350979,3.602737309137572,15.0,15.0,61.58863533896825,-148.4915871146055,134.09437982954037,-5.862988944855999,137.3192870350979,3.602737309137572,-1.293193754008202,2.3936820402615666,0.1419484243665723
623,6,136.44315868072184,3.640708138205074,15.0,15.0,61.03539888931935,-148.64822653820985,133.01454996515793,-5.753153808596096,136.44315868072184,3.640708138205074,-1.2965760138197935,2.40075291066024,0.11665874942104715
624,6,135.56844765013608,3.6903477876519624,15.0,15.0,60.505601046542424,-148.79633778993022,131.93987691242597,-5.628100280638904,135.56844765013608,3.6903477876519624,-1.2998119654170004,2.40779833052209,0.09147785121833651
625,6,134.69858906871136,3.752505857589835,15.0,15.0,60.003100890921885,-148.9351118894348,130.87477087213693,-5.487538211544603,134.69858906871136,3.752505857589835,-1.3028784990825062,2.4147907129378856,0.06651147241876565
626,6,133.8370175413265,3.828031805897689,15.0,15.0,59.53167331859234,-149.06379878402842,129.8236024131153,-5.331253046570083,133.8370175413265,3.828031805897689,-1.3057530650177362,2.421702745675036,0.04186562123949056
627,6,132.98646350929278,3.917582666835184,15.0,15.0,59.094285750657995,-149.181892924096,128.78975510685072,-5.1591809956643715,132.98646350929278,3.917582666835184,-1.3084180645599364,2.428513343729938,0.01761839796802045
628,6,132.14756077528853,4.021242535628746,15.0,15.0,58.691723277596246,-149.2894802384923,127.77376934562625,-4.971529480263399,132.14756077528853,4.021242535628746,-1.3108691900119698,2.4352193138300393,-0.006235993849337262
629,6,131.32055467283953,4.138989352281868,15.0,15.0,58.32438922497407,-149.38673090697725,126.77565948166654,-4.768531498171001,131.32055467283953,4.138989352281868,-1.3131044226648012,2.4418207347144305,-0.029719025797487753
630,6,130.5056905354715,4.270801056798094,15.0,15.0,57.992706915013805,-149.47378864767398,125.79543909486208,-4.550396785118664,130.5056905354715,4.270801056798094,-1.3151215829973535,2.448317645188685,-0.052852290339860275
631,6,129.70321369671018,4.416655589181056,15.0,15.0,57.69711922889895,-149.55077030981406,124.83312191857732,-4.31731292877015,129.70321369671018,4.416655589181056,-1.316918334021232,2.454710036939077,-0.07565749028790325
632,6,128.9133694900811,4.5765308894342525,15.0,15.0,57.438087980857496,-149.61776540983965,123.8887226590927,-4.069446454038172,128.9133694900811,4.5765308894342525,-1.3184921855074112,2.4609978478137906,-0.09815642785560508
633,6,128.13640324911,4.750404897561285,15.0,15.0,57.2160931058582,-149.67483560907996,122.96225771848827,-3.806943875741524,128.13640324911,4.750404897561285,-1.3198404990782664,2.4671809555210182,-0.12037099326556167
634,6,127.3725603073226,4.938255553565796,15.0,15.0,57.03163166170476,-149.7220141324613,122.053745830304,-3.529932715424053,127.3725603073226,4.938255553565796,-1.320960494154212,2.4732591716971353,-0.14232315287051334
635,6,126.62208599824461,5.140060797451179,15.0,15.0,56.88521664528913,-149.75930512895832,121.16320861683903,-3.238522479856414,126.62208599824461,5.140060797451179,-1.3218492547498422,2.4792322363014074,-0.16403493675191072
636,6,125.88522565540158,5.35579856922115,15.0,15.0,56.77737562178562,-149.7866829757679,120.2906710764732,-2.9328055993582325,125.88522565540158,5.35579856922115,-1.3225037371198098,2.4850998122970505,-0.18552842575509532
637,6,125.16222461231935,5.58544680887921,15.0,15.0,56.708649164638985,-149.80409152949164,119.43616200892606,-2.612858324623744,125.16222461231935,5.58544680887921,-1.3229207782597125,2.4908614805817724,-0.2068257379189573
638,6,124.45332820252348,5.828983456428929,15.0,15.0,56.679589103349755,-149.81144332896284,118.59971438590381,-2.278741581205196,124.45332820252348,5.828983456428929,-1.323097105271887,2.4965167351343127,-0.22794901425667824
639,6,123.75878175953972,6.086386451873867,15.0,15.0,56.690756575296305,-149.80861875575377,117.78136567414035,-1.9305017812256153,123.75878175953972,6.086386451873867,-1.323029345610223,2.5020649783467954,-0.24892040384327085
640,6,123.07883061689371,6.357633735217641,15.0,15.0,56.7427198771779,-149.79546515986252,116.98115811740158,-1.5681715922514456,123.07883061689371,6.357633735217641,-1.3227140382218328,2.5075055165160687,-0.26976204816525096
641,6,122.41372010811115,6.642703246463785,15.0,15.0,56.83605211113598,-149.77179595960686,116.1991389836097,-1.191770663569372,122.41372010811115,6.642703246463785,-1.3221476456065835,2.5128375554705076,-0.2904960646879058
642,6,121.76369556671774,6.9415729256158,15.0,15.0,56.971328620234445,-149.73738972635294,115.43536078284653,-0.8013063103819889,121.76369556671774,6.9415729256158,-1.3213265668180398,2.51806019631206,-0.3111445295963966
643,6,121.12900232623913,7.2542207126773945,15.0,15.0,57.14912420777397,-149.69198926638066,114.68988146161931,-0.39677415667244986,121.12900232623913,7.2542207126773945,-1.3202471514312268,2.5231724312566004,-0.33172945966835243
644,6,120.50988572020101,7.580624547652033,15.0,15.0,57.3700101349101,-149.6353007139344,113.96276457841758,0.021841262306935505,120.50988572020101,7.580624547652033,-1.3189057145036858,2.5281731395589233,-0.35227279323780536
645,6,119.90659108212913,7.920762370543303,15.0,15.0,57.63455089126378,-149.5669926513219,113.25407946525523,0.4545659367921928,119.90659108212913,7.920762370543303,-1.317298552556497,2.5330610835119725,-0.3727963702133983
646,6,119.31936374554907,8.274612121354767,15.0,15.0,57.943300733686144,-149.48669527380076,112.56390137957891,0.9014358572226797,119.31936374554907,8.274612121354767,-1.3154219606011752,2.537834904513138,-0.39332191111778547
647,6,118.74844904398653,8.642151740089954,15.0,15.0,58.29679998909675,-149.39399961891598,111.8923116506331,1.362496525489405,118.74844904398653,8.642151740089954,-1.3132722502364989,2.5424931191936846,-0.41387099512023173
648,6,118.19409231096725,9.02335916675246,15.0,15.0,58.69557111838803,-149.28845688190603,111.23939782409889,1.83780250116817,118.19409231096725,9.02335916675246,-1.31084576883631,2.5470341156106047,-0.43446503704066775
649,6,117.65653888001685,9.418212341345994,15.0,15.0,59.14011453980821,-149.1695778407577,110.60525380857266,2.327416981075885,117.65653888001685,9.418212341345994,-1.308138919845001,2.551456149503382,-0.4551252633109626
650,6,117.13603408466108,9.826689203873869,15.0,15.0,59.63090421203436,-149.03683241643085,109.98998002721854,2.8314114103828274,117.13603408466108,9.826689203873869,-1.3051481841916714,2.5557573406213443,-0.475872686888124
651,6,116.63282325842552,10.248767694339838,15.0,15.0,60.16838297935647,-148.88964939565335,109.39368357771184,3.3498651234147587,116.63282325842552,10.248767694339838,-1.30187014282667,2.5599356691304496,-0.4967280811245409
652,6,116.14715173483594,10.684425752747387,15.0,15.0,60.75295768403465,-148.72741634547017,108.81647840339454,3.882865012175131,116.14715173483594,10.684425752747387,-1.2983015003753644,2.5639889721114764,-0.5177119526124025
653,6,115.679264847418,11.133641319100143,15.0,15.0,61.384994054000806,-148.54947975035049,108.25848547837899,4.43050522052323,115.679264847418,11.133641319100143,-1.2944391098933232,2.567914940164678,-0.5388445130331729
654,6,115.2294079296973,11.596392333401578,15.0,15.0,62.0648113776579,-148.35514540407192,107.71983300916995,4.992886861836752,115.2294079296973,11.596392333401578,-1.2902799986946527,2.571711114138985,-0.5601456500584554
655,6,114.79782631519966,12.072656735655315,15.0,15.0,62.7926769816069,-148.14367908972687,107.20065665521797,5.570117757882571,114.79782631519966,12.072656735655315,-1.2858213952108684,2.5753748820067774,-0.5816348973658936
656,6,114.38476533745076,12.562412465864924,15.0,15.0,63.568800531696084,-147.91430758196873,106.70109977067206,6.1623121965020005,114.38476533745076,12.562412465864924,-1.2810607568214014,2.578903475908107,-0.6033314038528872
657,6,113.99047032997618,13.06563746403395,15.0,15.0,64.39332818283852,-147.66622000594472,106.2213136694661,6.769590705594823,113.99047032997618,13.06563746403395,-1.2759957985785904,2.5822939693909293,-0.6252539021518317
658,6,113.61518662630156,13.582309670165937,15.0,15.0,65.26633660854537,-147.39856958716234,105.76145791574487,7.39207984075108,113.61518662630156,13.582309670165937,-1.2706245227298778,2.585543274876454,-0.6474206765732742
659,6,113.25915955995266,14.11240702426456,15.0,15.0,66.18782694704683,-147.11047582571334,105.32170064151316,8.029911983733484,113.25915955995266,14.11240702426456,-1.2649452489179343,2.588648141381055,-0.6698495306276968
660,6,112.9226344644553,14.655907466333288,15.0,15.0,67.15771870714063,-146.8010271267361,104.90221889327336,8.683225148852955,112.9226344644553,14.655907466333288,-1.2589566449158,2.591605152528244,-0.6925577543023498
661,6,112.60585667333493,15.212788936375754,15.0,15.0,68.17584368345837,-146.46928391663968,104.50319900929915,9.35216279410713,112.60585667333493,15.212788936375754,-1.252657757728971,2.594410724886004,-0.7155620912964995
662,6,112.30907152011734,15.783029374395438,15.0,15.0,69.24193993754201,-146.11428227134948,104.12483702907609,10.036873633758859,112.30907152011734,15.783029374395438,-1.2460480448700622,2.597061106666179,-0.7388787064461539
663,6,112.0325243383282,16.366606720395897,15.0,15.0,70.35564590786214,-145.73503807858256,103.7673391363131,10.737511448827775,112.0325243383282,16.366606720395897,-1.2391274055845498,2.5995523768236817,-0.7625231535975283
664,6,111.7764604614932,16.96349891438078,15.0,15.0,71.51649471851634,-145.33055175084976,103.43092213680431,11.454234891741379,111.7764604614932,16.96349891438078,-1.231896211778624,2.601880444593795,-0.7865103442164951
665,6,111.54112522313804,17.57368389635366,15.0,15.0,72.72390876263955,-144.89981349946117,103.1158139722779,12.187207281150592,111.54112522313804,17.57368389635366,-1.2243553383729202,2.6040410495059327,-0.8108545170486114
666,6,111.32676395678841,18.197139606318043,15.0,15.0,73.97719464232075,-144.44180917225512,102.8222542712181,12.936596382653704,111.32676395678841,18.197139606318043,-1.2165061927795204,2.6060297619116897,-0.8355692091701692
667,6,111.13362199596988,18.833843984277536,15.0,15.0,75.27553855182965,-143.95552664908163,102.55049493747649,13.70257417089229,111.13362199596988,18.833843984277536,-1.2083507431748077,2.6078419840639,-0.8606672287943984
668,6,110.96194467420824,19.483774970235736,15.0,15.0,76.61800219494576,-143.4399627792927,102.30080077730017,14.485316568182952,110.96194467420824,19.483774970235736,-1.1998915452184253,2.6094729517816484,-0.8861606302175198
669,6,110.81197732502916,20.146910504196107,15.0,15.0,78.0035193299023,-142.89413083470401,102.07345016518819,15.285003154531609,110.81197732502916,20.146910504196107,-1.1911317668495518,2.610917736733743,-0.9120606913059419
670,6,110.68396528195832,20.82322852616229,15.0,15.0,79.43089303662833,-142.31706843983127,101.8687357487467,16.101816843540917,110.68396528195832,20.82322852616229,-1.1820752107769577,2.6121712493700358,-0.9383778939375254
671,6,110.57815387852135,21.512706976137817,15.0,15.0,80.89879380033904,-141.70784592885065,101.68696519243406,16.93594351836623,110.57815387852135,21.512706976137817,-1.1727263342697982,2.6132282425261666,-0.9651219078155333
672,6,110.49478844824394,22.215323794126256,15.0,15.0,82.40575850283783,-141.06557506592256,101.52846195977224,17.787571621507425,110.49478844824394,22.215323794126256,-1.1630902658527986,2.6140833157228744,-0.9923015780727595
673,6,110.4341143246518,22.931056920131205,15.0,15.0,83.95019040794197,-140.38941805254484,101.39356613323955,18.656891691837785,110.4341143246518,22.931056920131205,-1.1531728185133179,2.614730920175966,-1.0199249170744302
674,6,110.39637684127064,23.659884294156242,15.0,15.0,85.53036022005571,-139.67859673280327,101.28263527064956,19.544095841874793,110.39637684127064,23.659884294156242,-1.1429804990395662,2.6151653645274786,-1.0479991008111518
675,6,110.38182133162611,24.40178385620485,15.0,15.0,87.14440828497746,-138.93240189515163,101.19604529635446,20.4493771678909,110.38182133162611,24.40178385620485,-1.1325205131297191,2.615380821302616,-1.0765304702467313
676,6,110.39069312924389,25.15673354628071,15.0,15.0,88.79034798950775,-138.15020255810094,101.134191425081,21.372929085049975,110.39069312924389,25.15673354628071,-1.1218007659413194,2.6153713340908,-1.1055245379498264
677,6,110.42323756764969,25.92471130438728,15.0,15.0,90.46607040136422,-137.33145511737337,101.09748911560933,22.314944579338857,110.42323756764969,25.92471130438728,-1.1108298577894995,2.6151308254428582,-1.1349860002929126
678,6,110.4796999803691,26.705695070528165,15.0,15.0,92.16935017345804,-136.47571222412594,101.08637505082822,23.275615367654524,110.4796999803691,26.705695070528165,-1.099617074751209,2.6146531054701465,-1.1649187554471743
679,6,110.56032570092796,27.499662784706977,15.0,15.0,93.89785271698732,-135.5826312582184,101.10130813994351,24.25513095700242,110.56032570092796,27.499662784706977,-1.088172373990513,2.6139318811254775,-1.195325927338138
680,6,110.66536006285189,28.306592386927292,15.0,15.0,95.64914262641304,-134.65198225758485,101.14277053776345,25.253677593377375,110.66536006285189,28.306592386927292,-1.076506363686504,2.6129607661403966,-1.2262098956550362
681,6,110.79504839966643,29.126461817192578,15.0,15.0,97.42069331665778,-133.68365516492202,101.21126867503868,26.27143709053709,110.79504839966643,29.126461817192578,-1.0646302775194925,2.611733291588788,-1.2575723319282217
682,6,110.94962353074786,29.959228054702162,15.0,15.0,99.20985050045107,-132.6776932332425,101.30732356427185,27.308558072132314,110.94962353074786,29.959228054702162,-1.0525562641040147,2.610243008748627,-1.2894133392996099
683,6,111.12795537923095,30.802565270608955,15.0,15.0,101.00880637214442,-131.63725729308692,101.43029811065973,28.362187533182293,111.12795537923095,30.802565270608955,-1.0403317171315214,2.608493717513803,-1.3216346573898514
684,6,111.3263446380016,31.649844256756175,15.0,15.0,102.80051512263823,-130.5715272441674,101.5772569035742,29.423796560403474,111.3263446380016,31.649844256756175,-1.0280686614550836,2.6065104266017003,-1.3539562973765507
685,6,111.54080737653909,32.49395906979419,15.0,15.0,104.56771269984907,-129.49091612180086,101.7448495926656,30.484180202214844,111.54080737653909,32.49395906979419,-1.015883866401224,2.6043240030332733,-1.3860840624975237
686,6,111.76735966432268,33.32780376637312,15.0,15.0,106.29410194136473,-128.40636997957833,101.9295453802725,31.53408971097349,111.76735966432268,33.32780376637312,-1.0038909186904903,2.601969108181482,-1.4177307329485653
687,6,112.00201757083175,34.144272403143304,15.0,15.0,107.96441192259425,-127.32925952131632,102.12763123393016,32.56424250797954,112.00201757083175,34.144272403143304,-0.9921997553671501,2.599484057440745,-1.448616392623211
688,6,112.24079716554576,34.936259036754976,15.0,15.0,109.5644178605038,-126.27126698201596,102.3352148403944,33.565332780660555,112.24079716554576,34.936259036754976,-0.980916356269189,2.596910589130436,-1.4784685055462314
689,6,112.47971451794375,35.69665772385845,15.0,15.0,111.08092106397244,-125.24427477618721,102.54823238254343,34.52804204955646,112.47971451794375,35.69665772385845,-0.9701426098171441,2.5942935514978895,-1.5070217370878085
690,6,112.71478569750523,36.41836252110395,15.0,15.0,112.50169001738386,-124.26026153843739,102.76246116078465,35.44304907621074,112.71478569750523,36.41836252110395,-0.9599763582390143,2.5916805173506376,-1.5340175233708577
691,6,112.94202677370949,37.094267485141785,15.0,15.0,113.81536493420236,-123.33120997417905,102.97353702600387,36.3010385460025,112.94202677370949,37.094267485141785,-0.950511621423245,2.5891213357631964,-1.559203399124834
692,6,113.15745381603571,37.7172666726222,15.0,15.0,115.01132894506694,-122.46902953989897,103.17697654642356,37.092708051870574,113.15745381603571,37.7172666726222,-0.9418389928801316,2.586667629473032,-1.5823320991202916
693,6,113.3570828939634,38.28025414019548,15.0,15.0,116.07954946855459,-121.68549549690351,103.36820379979707,37.80877302485047,113.3570828939634,38.28025414019548,-0.9340461970657239,2.584372245051204,-1.6031604510156228
694,6,113.53693007697169,38.77612394451188,15.0,15.0,117.01039327873826,-120.99220442039004,103.54258166774669,38.43996940412646,113.53693007697169,38.77612394451188,-0.9272187946441461,2.582288660784399,-1.6214480779767746
695,6,113.69301143454013,39.19777014222167,15.0,15.0,117.79441839599171,-120.40054485351897,103.69544751177989,38.977054011585494,113.69301143454013,39.19777014222167,-0.9214410210059117,2.580470354532112,-1.636955928016112
696,6,113.8213430361478,39.5380867899751,15.0,15.0,118.42214527575288,-119.9216804911689,103.82215312976119,39.41080279248854,113.8213430361478,39.5380867899751,-0.9167967432321766,2.5789701307254336,-1.6494446440269521
697,6,113.91794095127409,39.78996794442243,15.0,15.0,118.883808959621,-119.56654203791135,103.91810892447637,39.73200730406498,113.91794095127409,39.78996794442243,-0.9133705212777397,2.577839402248542,-1.6586727844820586
698,6,113.97882124939846,39.946307662214,15.0,15.0,119.16909300019753,-119.34582265004073,103.9788322571008,39.93147007731804,113.97882124939846,39.946307662214,-0.9112487599085177,2.5771274192812292,-1.6643949003386898
699,6,114.0,40.000000000000014,15.0,15.0,119.26684520270241,-119.26997054991742,104.0,39.99999974441246,114.0,40.000000000000014,-0.9105209382341088,2.5768804333698005,-1.6663594695769366
700,7,114.0,40.00000000000003,15.0,15.0,119.26684557818487,-119.26997025833793,104.0,40.00000000000003,114.0,40.00000000000003,-0.910520935437635,2.5768804329308486,-1.6663594974932137
701,7,113.9962056089262,40.038222758972914,15.0,15.0,119.33868702983932,-119.21415122441167,103.99621094290498,40.048551338121314,113.9962056089262,40.038222758972914,-0.9099857719460805,2.5768201375692006,-1.6678672237216012
702,7,113.98538883577906,40.15060095231118,15.0,15.0,119.54955057053678,-119.04995887913867,103.98547141297884,40.19124006126518,113.98538883577906,40.15060095231118,-0.90841371299873,2.576639603396395,-1.6722898124793146
703,7,113.96839928067017,40.333699454644034,15.0,15.0,119.89213846875003,-118.78205891468619,103.96880355165543,40.4236175077267,113.96839928067017,40.333699454644034,-0.9058554847913975,2.576337673711173,-1.6794741154008688
704,7,113.94608654371105,40.58408314060083,15.0,15.0,120.35878428770587,-118.41486638833268,103.94732141962767,40.74123272989053,113.94608654371105,40.58408314060083,-0.90236259022316,2.5759112752236883,-1.6892642908289286
705,7,113.9193002250129,40.89831688481081,15.0,15.0,120.94149813906459,-117.95261927487766,103.92221225975803,41.139630404855126,113.9193002250129,40.89831688481081,-0.8979873345845824,2.5753558180190628,-1.701502178089639
706,7,113.88888992468756,41.272965561903305,15.0,15.0,121.63200869546293,-117.39945136431163,103.89471873871581,41.61434849277711,113.88888992468756,41.272965561903305,-0.8927828604223482,2.5746655796544538,-1.7160276467250621
707,7,113.85570524284633,41.704594046507566,15.0,15.0,122.42180439228957,-116.75946243478941,103.86612215107576,42.16091592042059,113.85570524284633,41.704594046507566,-0.8868031769651581,2.5738340717192005,-1.7326789336274246
708,7,113.82059577960075,42.189767213252914,15.0,15.0,123.30217575013278,-116.03678387303069,103.83772657656287,42.77485051931953,113.82059577960075,42.189767213252914,-0.8801031720991659,2.572854387235378,-1.7512929784642357
709,7,113.78441113506229,42.725049936768634,15.0,15.0,124.26426021226939,-115.23563813436581,103.81084399032784,43.45165740264943,113.78441113506229,42.725049936768634,-0.872738597557674,2.571719527232826,-1.7717057650636208
710,7,113.74800090934245,43.307007091683985,15.0,15.0,125.29909033984899,-114.36039065417913,103.78678033623102,44.18682792220662,113.74800090934245,43.307007091683985,-0.8647660206959875,2.5704227047549564,-1.7937526736452742
711,7,113.71221470255271,43.93220355262825,15.0,15.0,126.39764566383381,-113.41559305845584,103.76682258294011,44.97583930668594,113.71221470255271,43.93220355262825,-0.8562427389095806,2.5689576244875036,-1.817268846031045
712,7,113.67790211480452,44.597204194230784,15.0,15.0,127.55090797981472,-112.4060167846059,103.75222679130131,45.81415504467603,113.67790211480452,44.597204194230784,-0.8472266553636323,2.567318736190333,-1.8420895633472072
713,7,113.64591274620945,45.2985738911208,15.0,15.0,128.74991941141644,-111.33667651911803,103.74420722821185,46.69722604046167,113.64591274620945,45.2985738911208,-0.8377761171663124,2.5655014601807613,-1.868050633334496
714,7,113.61709619687899,46.0328775179277,15.0,15.0,129.98584218035992,-110.21284318341056,103.74392656659735,47.62049253791342,113.61709619687899,46.0328775179277,-0.8279497193618022,2.5635023832832546,-1.894988782304784
715,7,113.59230206692446,46.796679949280616,15.0,15.0,131.2500187234565,-109.0400465446382,103.75248721275543,48.57938677758257,113.59230206692446,46.796679949280616,-0.8178060800656897,2.5613194239316326,-1.922742045107891
716,7,113.57237995645758,47.58654605980891,15.0,15.0,132.53403060129938,-107.82406788008947,103.77092380111577,49.56933632479209,113.57237995645758,47.58654605980891,-0.8074035936447487,2.558951965482494,-1.95115014526523
717,7,113.5581794655896,48.39904072414194,15.0,15.0,133.8297545565817,-106.5709234645462,103.80019689239394,50.58576798221729,113.5581794655896,48.39904072414194,-0.7968001699984861,2.5564009572594077,-1.9800548567324512
718,7,113.55055019443222,49.23072881690887,15.0,15.0,135.12941410129744,-105.28683996048362,103.84118790434881,51.62411217941188,113.55055019443222,49.23072881690887,-0.7860529686946222,2.5536689833753536,-2.009300338586402
719,7,113.55034174309682,50.078175212739104,15.0,15.0,136.42562513392386,-103.97822305294275,103.89469529515925,52.67980771415637,113.55034174309682,50.078175212739104,-0.7752181369335154,2.5507602999490637,-2.0387334342770447
720,7,113.55840371169491,50.93794478626181,15.0,15.0,137.71143429582264,-102.65162086882614,103.96143200824082,53.74830670656701,113.55840371169491,50.93794478626181,-0.7643505600834803,2.5476808419086128,-2.068203927895727
721,7,113.57558570033802,51.806602412106415,15.0,15.0,138.98034905097114,-101.31368384330091,104.04202417459854,54.825079616747814,113.57558570033802,51.806602412106415,-0.7535036328827385,2.5444382011314293,-2.0975647511132434
722,7,113.60273730913761,52.68071296490205,15.0,15.0,140.22635879164264,-99.97112273865463,104.13701105514403,55.90562017045957,113.60273730913761,52.68071296490205,-0.742729058410639,2.5410415781737763,-2.1266721359380965
723,7,113.64070813820507,53.55684131927815,15.0,15.0,141.44394661029207,-98.63066648406848,104.2468461914039,56.985450034842074,113.64070813820507,53.55684131927815,-0.7320766806743111,2.5375017102684763,-2.155385710127568
724,7,113.69034778765202,54.431552349863914,15.0,15.0,142.62809171088074,-97.29902139484126,104.37189971936115,58.06012308757404,113.69034778765202,54.431552349863914,-0.7215943552309574,2.5338307785964322,-2.1835685338369455
725,7,113.75250585758984,55.30141093128868,15.0,15.0,143.77426274008556,-95.98283315786911,104.5124617884554,59.12522912786308,113.75250585758984,55.30141093128868,-0.7113278607664234,2.530042298051023,-2.211087077805351
726,7,113.82803180589772,56.16298245867347,15.0,15.0,144.87840335915072,-94.68865183271124,104.66874695342995,60.17639758688465,113.82803180589772,56.16298245867347,-0.7013208459950158,2.526150991152314,-2.2378111700554038
727,7,113.91758266683524,57.01353649070731,15.0,15.0,145.93793542791207,-93.42166326835208,104.84081900433569,61.21024489314935,113.91758266683524,57.01353649070731,-0.6916053611120787,2.522170345102885,-2.2636476336476803
728,7,114.02124253562876,57.852439224711524,15.0,15.0,146.95360622471728,-92.18323471649963,105.02847051973662,62.22623065437379,114.02124253562876,57.852439224711524,-0.6821838378231655,2.5181074395975567,-2.2886057986005555
729,7,114.13898935228191,58.6794453271605,15.0,15.0,147.92675463534246,-90.97394916730931,105.23146850182904,63.22434051833349,114.13898935228191,58.6794453271605,-0.6730530955990528,2.5139678151734905,-2.3127137601171928
730,7,114.27080105679813,59.494309464528484,15.0,15.0,148.85871119172293,-89.7943005992736,105.44960321488138,64.20456090513791,114.27080105679813,59.494309464528484,-0.6642097286900868,2.509756681652559,-2.335999507905898
731,7,114.41665558918106,60.296786303289856,15.0,15.0,149.75079118657348,-88.64470210576357,105.68268707122986,65.16687808142271,114.41665558918106,60.296786303289856,-0.6556501545542531,2.5054789319281574,-2.3584908915388594
732,7,114.57653088943427,61.086630509918905,15.0,15.0,150.60428892095112,-87.52549354303649,105.93055354596184,66.11127734090728,114.57653088943427,61.086630509918905,-0.6473706565785713,2.5011391556922824,-2.3802155914578336
733,7,114.75040489756134,61.863596750890004,15.0,15.0,151.42047295737888,-86.43694868283971,106.19305612425853,67.03774228151174,114.75040489756134,61.863596750890004,-0.6393674215612486,2.49674165297109,-2.401201095027548
734,7,114.9382555535658,62.627439692677385,15.0,15.0,152.20058225973816,-85.37928186428128,106.47006728457595,67.94625416969599,114.9382555535658,62.627439692677385,-0.6316365724129487,2.492290447361635,-2.421474677071173
735,7,115.1400607974512,63.3779140017554,15.0,15.0,152.94582311029168,-84.35265414886568,106.7614775201436,68.83679138316099,115.1400607974512,63.3779140017554,-0.6241741965198351,2.4877892988841306,-2.4410633843595373
736,7,115.35579856922115,64.11477434459842,15.0,15.0,153.65736670356208,-83.35717898981197,107.06719440064177,69.7093289235268,115.35579856922115,64.11477434459842,-0.61697637019062,2.483241716383124,-2.459994023565255
737,7,115.58544680887924,64.83777538768067,15.0,15.0,154.336347326085,-82.3929274322556,107.38714167537628,70.56383799107395,115.58544680887924,64.83777538768067,-0.6100391795861521,2.478650969427489,-2.478293152233131
738,7,115.82898345642894,65.5466717974765,15.0,15.0,154.983861040082,-81.45993286495185,107.72125841879482,71.40028561409618,115.82898345642894,65.5466717974765,-0.6033587385043631,2.4740200996734334,-2.4959870723582194
739,7,116.08638645187388,66.24121824046024,15.0,15.0,155.60096479770658,-80.55819534688838,108.0694982187744,72.21863432585961,116.08638645187388,66.24121824046024,-0.5969312033666634,2.469351931666898,-2.51310182620183
740,7,116.35763373521766,66.92116938310629,15.0,15.0,156.18867592061522,-79.68768553398846,108.43182840774858,73.01884188259842,116.35763373521766,66.92116938310629,-0.5907527857248641,2.4646490830720564,-2.5296631940131045
741,7,116.64270324646375,67.58627989188881,15.0,15.0,156.74797188713967,-78.84834823204224,108.8082293364306,73.80086101639026,116.64270324646375,67.58627989188881,-0.5848197625810713,2.4599139743212843,-2.5456966933590914
742,7,116.94157292561589,68.23630443328226,15.0,15.0,157.2797903762636,-78.04010560229652,109.1986936896181,74.56463921715347,116.94157292561589,68.23630443328226,-0.5791284847871061,2.4551488376891224,-2.561227579799289
743,7,117.25422071267741,68.87099767376087,15.0,15.0,157.78502952392287,-77.26286004591705,109.60322584332756,75.31011853838069,117.25422071267741,68.87099767376087,-0.5736753837652679,2.4503557257986732,-2.5762808486712805
744,7,117.58062454765206,69.49011427979896,15.0,15.0,158.26454835286833,-76.51649679292062,110.02184126230696,76.0372354215824,117.58062454765206,69.49011427979896,-0.5684569767688114,2.4455365195735803,-2.5908812377822334
745,7,117.92076237054332,70.0934089178709,15.0,15.0,158.719167342475,-75.80088622026587,110.4545659367922,76.7459205347448,117.92076237054332,70.0934089178709,-0.5634698708785395,2.4406929356525437,-2.6050532308268237
746,7,118.27461212135479,70.68063625445096,15.0,15.0,159.14966910947828,-75.1158859226714,110.90143585722271,77.43609862042112,118.27461212135479,70.68063625445096,-0.5587107659114915,2.435826533286238,-2.6188210613754657
747,7,118.64215174008999,71.25155095601346,15.0,15.0,159.5567991747071,-74.46134255846714,111.36249652548943,78.10768834936688,118.64215174008999,71.25155095601346,-0.554176456398823,2.4309387207387383,-2.632208717297858
748,7,119.02335916675247,71.80590768903272,15.0,15.0,159.94126679450025,-73.8370934914324,111.83780250116818,78.76060217590108,119.02335916675247,71.80590768903272,-0.5498638327726517,2.4260307612171887,-2.645239945505806
749,7,119.41821234134594,72.34346111998317,15.0,15.0,160.30374583867592,-73.24296824818094,112.32741698107583,79.39474619142737,119.41821234134594,72.34346111998317,-0.5457698818858147,2.42110377835457,-2.6579382569162338
750,7,119.82668920387391,72.86396591533901,15.0,15.0,160.6448756997163,-72.67878980924745,112.83141141038287,80.01001997278156,119.82668920387391,72.86396591533901,-0.5418916869740947,2.4161587612711743,-2.6703269315504277
751,7,120.24876769433985,73.3671767415745,15.0,15.0,160.96526222026588,-72.14437575064169,113.34986512341477,80.60631642228817,120.24876769433985,73.3671767415745,-0.5382264271574421,2.411196569240767,-2.6824290236989827
752,7,120.68442575274736,73.85284826516407,15.0,15.0,161.26547862816074,-71.63953925128557,113.8828650121751,81.18352159660547,120.68442575274736,73.85284826516407,-0.5347713765649652,2.4062179359875793,-2.694267367093801
753,7,121.13364131910015,74.32073515258207,15.0,15.0,161.54606647003982,-71.16408998044763,114.43050522052323,81.74151452162108,121.13364131910015,74.32073515258207,-0.5315239031579011,2.4012234736402163,-2.7058645800390297
754,7,121.59639233340154,74.77059207030271,15.0,15.0,161.80753653617282,-70.7178348780479,114.99288686183672,82.28016699083007,121.59639233340154,74.77059207030271,-0.5284814673152888,2.3962136763683386,-2.71724307046207
755,7,122.07265673565529,75.20217368480033,15.0,15.0,162.05036977049872,-70.30057883953424,115.57011775788254,82.79934334478202,122.07265673565529,75.20217368480033,-0.5256416202386089,2.391188923727696,-2.7284250408539683
756,7,122.56241246586487,75.6152346625493,15.0,15.0,162.27501816103197,-69.91212531592707,116.16231219650194,83.298900229328,122.56241246586487,75.6152346625493,-0.5230020022240801,2.386149483738703,-2.739432493075701
757,7,123.06563746403393,76.00952967002392,15.0,15.0,162.4819056067852,-69.55227683860026,116.7695907055948,83.778686330534,123.06563746403393,76.00952967002392,-0.5205603408445889,2.381095515723342,-2.7502872330131423
758,7,123.58230967016598,76.38481337369845,15.0,15.0,162.6714287581995,-69.22083547740435,117.39207984075112,84.23854208425514,123.58230967016598,76.38481337369845,-0.5183144490772313,2.3760270729247837,-2.7610108750691467
759,7,124.1124070242646,76.7408404400473,15.0,15.0,162.84395782878352,-68.91760323984998,118.02991198373351,84.6782993584868,124.1124070242646,76.7408404400473,-0.5162622234071481,2.3709441049337108,-2.771624846486035
760,7,124.65590746633329,77.07736553554471,15.0,15.0,162.9998373762613,-68.64238241824661,118.68322514885296,85.09778110672666,124.65590746633329,77.07736553554471,-0.5144016419336254,2.3658464599449966,-2.7821503914961734
761,7,125.21278893637567,77.39414332666507,15.0,15.0,163.13938705202864,-68.3949758909327,119.35216279410704,85.49680099070085,125.21278893637567,77.39414332666507,-0.5127307625002668,2.360733886868087,-2.792608575302183
762,7,125.78302937439538,77.69092847988263,15.0,15.0,163.26290231813567,-68.17518738303484,120.0368736337588,85.87516297092388,125.78302937439538,77.69092847988263,-0.5112477208673489,2.355606037314215,-2.8030202878917994
763,7,126.36660672039592,77.9674756616718,15.0,15.0,163.37065513135786,-67.98282169155055,120.7375114488278,86.2326608636869,126.36660672039592,77.9674756616718,-0.5099507289412027,2.3504624674834327,-2.813406247695523
764,7,126.9634989143808,78.22353953850677,15.0,15.0,163.46289459420217,-67.81768487896059,121.45423489174141,86.56907786319567,126.9634989143808,78.22353953850677,-0.5088380730725788,2.345302639974385,-2.8237870050980267
765,7,127.57368389635364,78.45887477686196,15.0,15.0,163.53984757293037,-67.6795844390295,122.18720728115058,86.88418602772211,127.57368389635364,78.45887477686196,-0.507908112433356,2.340125925539796,-2.834182945816935
766,7,128.19713960631805,78.67323604321163,15.0,15.0,163.60171928286982,-67.56832943795797,122.9365963826537,87.17774572878193,128.19713960631805,78.67323604321163,-0.5071592774786918,2.3349316048107687,-2.844614294164973
767,7,128.83384398427754,78.86637800403015,15.0,15.0,163.64869384143935,-67.48373063358633,123.70257417089229,87.44950506252354,128.83384398427754,78.86637800403015,-0.5065900684996476,2.3297188700132487,-2.8551011162138034
768,7,129.48377497023571,79.03805532579177,15.0,15.0,163.6809347894442,-67.42560057492481,124.48531656818292,87.69919922269985,129.48377497023571,79.03805532579177,-0.5061990542694913,2.324486826700339,-2.865663322880041
769,7,130.14691050419606,79.18802267497084,15.0,15.0,163.6985855812967,-67.39375368389149,125.28500315453155,87.92654983481181,130.14691050419606,79.18802267497084,-0.5059848707852226,2.3192344955246136,-2.876320672956038
770,7,130.82322852616227,79.31603471804173,15.0,15.0,163.70177004490665,-67.38800632077286,126.10181684354087,88.13126425125336,130.82322852616227,79.31603471804173,-0.505946220104353,2.3139608140751187,-2.8870927761101095
771,7,131.5127069761378,79.42184612147875,15.0,15.0,163.69059281205617,-67.40817683457941,126.93594351836619,88.31303480756604,131.5127069761378,79.42184612147875,-0.5060818692755815,2.308664638804422,-2.897999095882902
772,7,132.2153237941262,79.50521155175612,15.0,15.0,163.66513972013914,-67.45408559914725,127.78757162150737,88.47153804022781,132.2153237941262,79.50521155175612,-0.5063906493607148,2.303344747071803,-2.9090589527086688
773,7,132.93105692013125,79.56588567534824,15.0,15.0,163.6254781862015,-67.525555035534,128.6568916918378,88.6064338667605,132.93105692013125,79.56588567534824,-0.506871454543961,2.2979998393295347,-2.9202915269922523
774,7,133.6598842941562,79.60362315872936,15.0,15.0,163.57165755427522,-67.62240962096891,129.54409584187474,88.71736472935044,133.6598842941562,79.60362315872936,-0.507523241323566,2.292628541480137,-2.9317158622747064
775,7,134.40178385620487,79.61817866837389,15.0,15.0,163.50370941705685,-67.74447588434133,130.44937716789093,88.80395470364554,134.40178385620487,79.61817866837389,-0.5083450277796243,2.287229407433478,-2.943350868522584
776,7,135.1567335462807,79.6093068707561,15.0,15.0,163.42164791303995,-67.89158238794579,131.37292908504998,88.86580857491899,135.1567335462807,79.6093068707561,-0.5093358929107892,2.2818009218936974,-2.9552153255781506
777,7,135.92471130438724,79.57676243235031,15.0,15.0,163.32547000028097,-68.06355969494535,132.31494457933883,88.90251088439067,135.92471130438724,79.57676243235031,-0.5104949760314945,2.2763415034070267,-2.967327886809982
778,7,136.70569507052818,79.52030001963085,15.0,15.0,163.21515570805312,-68.26024032176205,133.27561536765455,88.91362494917173,136.70569507052818,79.52030001963085,-0.5118214762201747,2.270849507702795,-2.9797070830057537
779,7,137.49966278470697,79.43967429907204,15.0,15.0,163.09066836773263,-68.48145867435613,134.25513095700242,88.89869186005649,137.49966278470697,79.43967429907204,-0.513314651807811,2.2653232313610885,-2.9923713265513476
780,7,138.30659238692726,79.3346399371482,15.0,15.0,162.95195482436432,-68.72705096711135,135.25367759337735,88.85722946223663,138.30659238692726,79.3346399371482,-0.5149738198949427,2.2597609158417544,-3.0053389159428523
781,7,139.1264618171926,79.20495160033359,15.0,15.0,162.79894563047307,-68.9968551227989,136.27143709053712,88.78873132496133,139.1264618171926,79.20495160033359,-0.5167983558840199,2.254160751910661,-3.018628040680464
782,7,139.95922805470212,79.05037646925217,15.0,15.0,162.6315647322292,-69.29069399829152,137.30855807213226,88.69267643572817,139.95922805470212,79.05037646925217,-0.5187875802077917,2.2485210056746032,-3.0322563469167054
783,7,140.80256527060897,78.87204462076906,15.0,15.0,162.4507509940133,-69.6065956725685,138.3621875331823,88.5697018893403,140.80256527060897,78.87204462076906,-0.5209286882088999,2.242853167429706,-3.046193463023272
784,7,141.6498442567562,78.67365536199844,15.0,15.0,162.2593452636691,-69.93930322598305,139.4237965604035,88.42274309642585,141.6498442567562,78.67365536199844,-0.5231865505373081,2.237194085494888,-3.0603183939824103
785,7,142.4939590697942,78.45919262346092,15.0,15.0,162.06033816170867,-70.28339193397441,140.48418020221482,88.2551504073344,142.4939590697942,78.45919262346092,-0.52552474652353,2.2315841478462963,-3.074499653983137
786,7,143.3278037663731,78.23264033567729,15.0,15.0,161.85665717441347,-70.63365135013687,141.53408971097346,88.07045461972747,143.3278037663731,78.23264033567729,-0.5279081354116519,2.226064538962484,-3.088605273803302
787,7,144.14427240314325,77.99798242916816,15.0,15.0,161.6511709637803,-70.98508042068745,142.5642425079795,87.87236876606975,144.14427240314325,77.99798242916816,-0.5303028170447832,2.2206772158047228,-3.102502816104452
788,7,144.93625903675496,77.75920283445427,15.0,15.0,161.4466939123235,-71.332878106491,143.56533278066053,87.66478515960563,144.93625903675496,77.75920283445427,-0.5326760688779762,2.2154648634046286,-3.1160593940065335
789,7,145.69665772385844,77.52028548205618,15.0,15.0,161.24599114712603,-71.67242971899849,144.52804204955646,87.4517676174565,145.69665772385844,77.52028548205618,-0.5349962598326167,2.210470833040328,-3.129141695409671
790,7,146.4183625211039,77.28521430249474,15.0,15.0,161.0517842709616,-71.99928914231708,145.44304907621068,87.23753883921532,146.4183625211039,77.28521430249474,-0.5372327413563591,2.205739065775372,-3.1416160154731436
791,7,147.09426748514176,77.05797322629056,15.0,15.0,160.86675800438428,-72.30915707582106,146.30103854600247,87.02646297399617,147.09426748514176,77.05797322629056,-0.5393557159006066,2.201314003814588,-3.1533482994937607
792,7,147.71726667262223,76.84254618396427,15.0,15.0,160.69356791290517,-72.59785538931699,147.0927080518706,86.82302345357643,147.71726667262223,76.84254618396427,-0.5413360828674423,2.1972404916988064,-3.1642041981536515
793,7,148.2802541401955,76.64291710603665,15.0,15.0,160.5348493587842,-72.86129763505654,147.8087730248505,86.63179620020297,148.2802541401955,76.64291710603665,-0.5431452619053319,2.19356366881724,-3.174049136736947
794,7,148.77612394451182,76.46306992302826,15.0,15.0,160.39322777813183,-73.09545570718318,148.4399694041264,86.45741833225325,148.77612394451182,76.46306992302826,-0.54475499324421,2.1903288540639254,-3.182748399451134
795,7,149.19777014222163,76.30698856545992,15.0,15.0,160.2713303409874,-73.29632257891446,148.97705401158544,86.30455248822015,149.19777014222163,76.30698856545992,-0.5461371145530852,2.187581422704419,-3.1901672294361414
796,7,149.5380867899751,76.17865696385225,15.0,15.0,160.1717990043114,-73.45987098030275,149.41080279248854,86.17784687023885,149.5380867899751,76.17865696385225,-0.5472633135750482,2.185366674651851,-3.1961709444053943
797,7,149.7899679444224,76.08205904872588,15.0,15.0,160.09730491428655,-73.58200780412776,149.73200730406495,86.0818910755236,149.7899679444224,76.08205904872588,-0.5481048555439876,2.1837296923772493,-3.2006250671394145
798,7,149.946307662214,76.02117875060159,15.0,15.0,160.05056405314286,-73.6585239436406,149.93147007731804,86.02116774289925,149.946307662214,76.02117875060159,-0.5486322841135054,2.18271518559632,-3.2033954692436897
799,7,149.99999999999997,75.99999999999999,15.0,15.0,160.0343539542763,-73.68503917271333,149.9999997444124,85.99999999999999,149.99999999999997,75.99999999999999,-0.5488150942311841,2.1823673186806003,-3.2043485256855577
800,8,150.00000000000003,76.0,15.0,15.0,160.03435394406313,-73.68503918941582,150.00000000000003,86.0,150.00000000000003,76.0,-0.5488150943463465,2.182367317131231,-3.2043485495797817
801,8,150.00000000000006,76.01236778572138,15.0,15.0,160.0425972543742,-73.67155677952995,149.99044861746853,86.01236322427492,150.00000000000006,76.01236778572138,-0.5487221368754377,2.1823857962436968,-3.2035048477647767
802,8,150.0,76.04913574530661,15.0,15.0,160.06706629203495,-73.63151966102315,149.9620535757151,86.04906374849163,150.0,76.04913574530661,-0.5484461231931412,2.182440840511588,-3.2009963925780878
803,8,149.99999999999997,76.10980078238748,15.0,15.0,160.1073167174133,-73.56560638911867,149.9152041529848,86.10944125914108,149.99999999999997,76.10980078238748,-0.547991822092629,2.1825320118404203,-3.19685683021945
804,8,149.99999999999997,76.1938598005955,15.0,15.0,160.16283776651872,-73.47457562244286,149.8502916960627,86.19273910898464,149.99999999999997,76.1938598005955,-0.5473646080143963,2.1826590572310565,-3.1911193863366223
805,8,150.0,76.30080970356244,15.0,15.0,160.2330575920998,-73.359260875416,149.76771180964514,86.29811144936474,150.0,76.30080970356244,-0.5465704181321782,2.1828218851212196,-3.183816885280985
806,8,150.00000000000006,76.43014739491996,15.0,15.0,160.31734863618507,-73.22056554652914,149.66786719696637,86.4246302630402,150.00000000000006,76.43014739491996,-0.5456157106846642,2.1830205391228654,-3.1749817655131958
807,8,150.0,76.58136977829969,15.0,15.0,160.41503301897507,-73.05945816373386,149.55117102680296,86.5712923281906,150.0,76.58136977829969,-0.544507424326004,2.183255169593478,-3.1646460918239807
808,8,150.0,76.75397375733343,15.0,15.0,160.52538793105202,-72.87696778745163,149.41805070830364,86.73702614735393,150.0,76.75397375733343,-0.5432529382580062,2.183526003441444,-3.152841565007309
809,8,149.99999999999997,76.94745623565261,15.0,15.0,160.64765101728165,-72.67417951226082,149.2689519608703,86.92069887606223,149.99999999999997,76.94745623565261,-0.5418600329042962,2.1838333125355254,-3.13959952959571
810,8,150.0,77.16131411688914,15.0,15.0,160.78102574163697,-72.45223000996708,149.10434307161242,87.1211232850726,150.0,77.16131411688914,-0.5403368508904303,2.1841773810651226,-3.1249509802404187
811,8,150.0,77.39504430467458,15.0,15.0,160.92468672256265,-72.2123030593846,148.92471923777265,87.33706478757361,150.0,77.39504430467458,-0.5386918581033358,2.184558472180909,-3.108926567292573
812,8,150.00000000000006,77.64814370264067,15.0,15.0,161.07778502852491,-71.9556250116119,148.7306068960956,87.56724855881392,150.00000000000006,77.64814370264067,-0.5369338046175365,2.1849767942334317,-3.0915566021155882
813,8,150.00000000000003,77.92010921441897,15.0,15.0,161.23945342313635,-71.68346014380329,148.52256794548285,87.81036677043262,150.00000000000003,77.92010921441897,-0.5350716852939813,2.1854324669198366,-3.0728710626330527
814,8,150.0,78.21043774364126,15.0,15.0,161.40881154880853,-71.39710585931378,148.30120377358827,88.06508595558314,150.0,78.21043774364126,-0.53311469987924,2.1859254876450014,-3.052899599590666
815,8,150.0,78.51862619393916,15.0,15.0,161.58497103733373,-71.0978876975738,148.0671590023673,88.33005451390717,150.0,78.51862619393916,-0.5310722124579929,2.186455698402357,-3.031671543984571
816,8,150.00000000000006,78.84417146894438,15.0,15.0,161.76704053521806,-70.78715412306008,147.8211248721461,88.60391035772719,150.00000000000006,78.84417146894438,-0.5289537101396874,2.1870227534807007,-3.0092159160815086
817,8,150.00000000000003,79.1865704722886,15.0,15.0,161.9541306310294,-70.46627106922564,147.56384218862564,88.88528869265564,150.00000000000003,79.1865704722886,-0.5267687608906955,2.1876260883056604,-2.985561436428127
818,8,149.99999999999997,79.54532010760342,15.0,15.0,162.1453586715484,-70.13661622017504,147.29610376250008,89.1728299173535,149.99999999999997,79.54532010760342,-0.5245269704559539,2.1882648897273405,-2.9607365392169855
819,8,150.00000000000003,79.91991727852051,15.0,15.0,162.3398534531469,-69.7995730201821,147.0187562771355,89.46518761858323,150.00000000000003,79.91991727852051,-0.5222379383487388,2.188938068068455,-2.934769388344913
820,8,150.0,80.30985888867161,15.0,15.0,162.5367597745947,-69.45652440879587,146.73270152610627,89.76103662916998,150.0,80.30985888867161,-0.5199112129236937,2.189644231249145,-2.907687896464799
821,8,149.99999999999997,80.71464184168838,15.0,15.0,162.73524283742583,-69.10884628721772,146.43889696937683,90.05908110818729,149.99999999999997,80.71464184168838,-0.5175562455863164,2.19038166130509,-2.8795197472942173
822,8,150.00000000000003,81.1337630412025,15.0,15.0,162.93449248006817,-68.75790072980969,146.1383555645752,90.35806259479206,150.00000000000003,81.1337630412025,-0.515182344231678,2.1911482936138347,-2.850292421403033
823,8,149.99999999999997,81.5667193908456,15.0,15.0,163.1337272321485,-68.40502896295541,145.83214483815252,90.65676797981703,149.99999999999997,81.5667193908456,-0.5127986260459897,2.1919416991398064,-2.8200332256568537
824,8,149.99999999999997,82.01300779424942,15.0,15.0,163.3321981756954,-68.0515441419738,145.52138517023718,90.95403733265431,149.99999999999997,82.01300779424942,-0.510413969846562,2.1927590700008195,-2.7887693264435756
825,8,150.0,82.47212515504556,15.0,15.0,163.52919260033758,-67.6987239653178,145.20724727663134,91.24877151528146,150.0,82.47212515504556,-0.508036968178476,2.1935972086473945,-2.7565277867560294
826,8,149.99999999999997,82.9435683768657,15.0,15.0,163.72403743999226,-67.347803173781,144.8909488816079,91.539939510644,149.99999999999997,82.9435683768657,-0.5056758794295678,2.1944525209304864,-2.7233356071447252
827,8,150.0,83.42683436334154,15.0,15.0,163.9161024789024,-66.99996599080417,144.5737505858418,91.82658538913675,150.0,83.42683436334154,-0.503338580268778,2.1953210133128818,-2.6892197704909018
828,8,150.0,83.9214200181048,15.0,15.0,164.10480331516175,-66.65633856809237,144.2569509448469,92.10783483474492,150.0,83.9214200181048,-0.5010325187559839,2.1961982944541822,-2.654207290481674
829,8,149.99999999999994,84.42682224478703,15.0,15.0,164.28960407001435,-66.3179815085099,143.94188078455477,92.38290115160125,149.99999999999994,84.42682224478703,-0.4987646685135535,2.1970795813687003,-2.618325263596379
830,8,149.99999999999997,84.94253794701999,15.0,15.0,164.47001983118085,-65.98588254545608,143.62989679200015,92.65109067236541,149.99999999999997,84.94253794701999,-0.49654148439025925,2.1979597103196395,-2.581600924336839
831,8,149.99999999999997,85.46806402843539,15.0,15.0,164.64561881821953,-65.66094946448463,143.3223744303114,92.91180749197856,149.99999999999997,85.46806402843539,-0.4943688600860031,2.1988331525714604,-2.544061703355004
832,8,150.00000000000003,86.00289739266483,15.0,15.0,164.81602425745186,-65.3440033586241,143.02070023815645,93.16455745401444,150.00000000000003,86.00289739266483,-0.4922520882399688,2.1996940350754444,-2.5057352880503645
833,8,150.00000000000003,86.54653494333994,15.0,15.0,164.98091595327577,-65.03577231348758,142.72626358426953,93.40895132202728,150.00000000000003,86.54653494333994,-0.490195823514158,2.200536166111356,-2.466649685128074
834,8,150.00000000000003,87.0984735840925,15.0,15.0,165.1400315417733,-64.73688562162006,142.44044795750176,93.64470707494512,150.00000000000003,87.0984735840925,-0.48820404922748384,2.201353065851032,-2.4268332845284486
835,8,149.99999999999994,87.6582102185541,15.0,15.0,165.29316741144729,-64.44786862738783,142.16462188178872,93.87165127361021,149.99999999999994,87.6582102185541,-0.4862800481112106,2.2021380017482493,-2.386314924061392
836,8,150.0,88.2252417503565,15.0,15.0,165.44017927477202,-64.16913830385204,141.90012955334313,94.08971945492448,150.0,88.2252417503565,-0.4844263777630755,2.202884028593916,-2.3451239540074678
837,8,150.0,88.79906508313125,15.0,15.0,165.58098237311643,-63.90099966126665,141.64828130406565,94.29895552058368,150.0,88.79906508313125,-0.4826448513733793,2.2035840330074095,-2.3032903008831425
838,8,150.00000000000006,89.37917712051019,15.0,15.0,165.7155512966407,-63.64364308289427,141.4103440004805,94.49951009893235,150.00000000000006,89.37917712051019,-0.48093652428013944,2.2042307820646467,-2.2608445295137085
839,8,149.99999999999997,89.96507476612484,15.0,15.0,165.84391940012324,-63.3971426775818,141.18753149128514,94.69163787084582,149.99999999999997,89.96507476612484,-0.4793016868807949,2.2048169756925704,-2.2178179025160616
840,8,150.00000000000003,90.55625492360693,15.0,15.0,165.96617779553387,-63.1614557298369,140.98099521876009,94.87569386355865,150.00000000000003,90.55625492360693,-0.47773986438363014,2.2053353023893028,-2.17424243626743
841,8,150.00000000000003,91.15221449658812,15.0,15.0,166.08247390270787,-62.936423316942125,140.7918151097058,95.05212872976773,150.00000000000003,91.15221449658812,-0.4762498238223204,2.2057784977610346,-2.1301509524277225
842,8,150.00000000000003,91.7524503887001,15.0,15.0,166.19300954088925,-62.7217721489196,140.62099086022803,95.22148304292426,150.00000000000003,91.7524503887001,-0.4748295886812057,2.206139405302163,-2.0855771240943866
843,8,150.0,92.35645950357451,15.0,15.0,166.2980385463697,-62.517117671010126,140.46943372552997,95.38438065313149,150.0,92.35645950357451,-0.47347646138717503,2.206411038786182,-2.0405555157014197
844,8,150.00000000000003,92.96373874484311,15.0,15.0,166.39786390510432,-62.32196844992704,140.33795892092644,95.54152116124182,150.00000000000003,92.96373874484311,-0.4721870538169691,2.2065866455830294,-1.9951216158294107
845,8,150.00000000000003,93.57378501613746,15.0,15.0,166.492834394145,-62.13573184476931,140.2272787336048,95.69367158134474,150.00000000000003,93.57378501613746,-0.4709573258475461,2.2066597701757535,-1.949311862171841
846,8,150.00000000000003,94.1860952210893,15.0,15.0,166.58334073205145,-61.95772094150655,140.1379964363103,95.84165727361733,150.00000000000003,94.1860952210893,-0.4697826318438436,2.206624317117195,-1.903163658004005
847,8,149.99999999999997,94.8001662633303,15.0,15.0,166.66981124610336,-61.78716270687033,140.0706010842454,95.98635224023766,149.99999999999997,94.8001662633303,-0.46865777483550164,2.2064746126473493,-1.8567153796236515
848,8,150.0,95.41549504649207,15.0,15.0,166.75270707305944,-61.623207293862464,140.02546326519976,96.12866888653429,150.0,95.41549504649207,-0.4675770679851414,2.2062054641854725,-1.810006374374805
849,8,150.0,96.03157847420637,15.0,15.0,166.83251692020943,-61.4649384075755,140.00283186044408,96.26954735756654,150.0,96.03157847420637,-0.46653440279961866,2.205812216918833,-1.7630769490252707
850,8,149.99999999999997,96.64791345010484,15.0,15.0,166.90975142428823,-61.31138461730963,140.00283186044405,96.40994456674467,149.99999999999997,96.64791345010484,-0.4655233233866576,2.205290806732911,-1.7159683484401966
851,8,150.00000000000003,97.26399687781912,15.0,15.0,166.98493715712394,-61.16153147977717,140.0254632651998,96.55082303777691,150.00000000000003,97.26399687781912,-0.46453710591713837,2.204637808765995,-1.6687227246743825
852,8,150.0,97.87932566098097,15.0,15.0,167.05861033826113,-61.01433431923786,140.07060108424542,96.6931396840736,150.0,97.87932566098097,-0.463568842322981,2.2038504809243395,-1.6213830967895548
853,8,150.00000000000006,98.49339670322196,15.0,15.0,167.13131032577206,-60.868731494362294,140.1379964363103,96.83783465069394,150.00000000000006,98.49339670322196,-0.46261152714673925,2.2029268017615298,-1.5739933018841366
854,8,150.0,99.10570690817377,15.0,15.0,167.20357296654288,-60.72365796908028,140.22727873360478,96.98582034296649,150.0,99.10570690817377,-0.4616581463661724,2.20186550220634,-1.526597937996534
855,8,150.00000000000003,99.71575317946817,15.0,15.0,167.27592389599477,-60.578058996121456,140.33795892092644,97.13797076306946,150.00000000000003,99.71575317946817,-0.46070176694909304,2.2006660907154405,-1.4792422997029968
856,8,150.0,100.3230324207367,15.0,15.0,167.34887188399128,-60.43090371774166,140.46943372553,97.29511127117972,150.0,100.3230324207367,-0.4597356258537404,2.1993288715288197,-1.4319723073726662
857,8,149.99999999999997,100.92704153561115,15.0,15.0,167.4229023281688,-60.28119848845073,140.620990860228,97.45800888138699,149.99999999999997,100.92704153561115,-0.4587532171799874,2.1978549558142584,-1.3848344311608414
858,8,150.00000000000003,101.52727742772309,15.0,15.0,167.49847099775621,-60.12799972943847,140.7918151097058,97.62736319454348,150.00000000000003,101.52727742772309,-0.4577483761978629,2.196246265600071,-1.3378756109132004
859,8,149.99999999999997,102.12323700070431,15.0,15.0,167.57599812989474,-59.97042613368525,140.98099521876003,97.80379806075258,149.99999999999997,102.12323700070431,-0.45671535903198046,2.194505530509698,-1.2911431732159597
860,8,150.0,102.71441715818644,15.0,15.0,167.6558629764051,-59.807670054139734,141.18753149128517,97.98785405346545,150.0,102.71441715818644,-0.4556489168622121,2.192636277424796,-1.2446847468582982
861,8,150.00000000000003,103.30031480380103,15.0,15.0,167.73839889191152,-59.639007924377765,141.41034400048045,98.17998182537887,150.00000000000003,103.30031480380103,-0.4545443636097555,2.1906428133124574,-1.1985481779735006
862,8,150.0,103.88042684117997,15.0,15.0,167.82388904437437,-59.463809581250615,141.64828130406565,98.38053640372755,150.0,103.88042684117997,-0.45339763621016815,2.1885302015543613,-1.1527814460950816
863,8,149.99999999999997,104.45425017395476,15.0,15.0,167.9125628167048,-59.28154638150251,141.9001295533431,98.5897724693868,149.99999999999997,104.45425017395476,-0.4522053467265478,2.186304232208814,-1.10743258230564
864,8,150.0,105.02128170575715,15.0,15.0,168.0045929536491,-59.091798028446746,142.16462188178878,98.80784065070104,150.0,105.02128170575715,-0.4509648257218044,2.1839713867186132,-1.0625495905724556
865,8,149.99999999999994,105.58101834021872,15.0,15.0,168.10009349204148,-58.894258049784554,142.44044795750168,99.0347848493661,149.99999999999994,105.58101834021872,-0.4496741564835538,2.1815387976469625,-1.018180373258508
866,8,150.00000000000006,106.1329569809713,15.0,15.0,168.19911849541322,-58.68873789276306,142.72626358426956,99.27054060228396,150.00000000000006,106.1329569809713,-0.44833219987292183,2.1790142040790617,-0.9743726616752637
867,8,150.0,106.67659453164644,15.0,15.0,168.30166159642388,-58.475169627402224,143.02070023815642,99.51493447029684,150.0,106.67659453164644,-0.4469386097441612,2.176405903367826,-0.9311739524087759
868,8,149.99999999999997,107.21142789587583,15.0,15.0,168.40765633326714,-58.25360727182107,143.3223744303114,99.76768443233266,149.99999999999997,107.21142789587583,-0.4454938390502896,2.1737226999281636,-0.8886314500083272
869,8,150.0,107.7369539772912,15.0,15.0,168.5169772496898,-58.02422677521638,143.62989679200018,100.02840125194577,150.0,107.7369539772912,-0.44399913690650017,2.1709738517956407,-0.846792016481682
870,8,149.99999999999997,108.2526696795242,15.0,15.0,168.62944171308797,-57.78732471333801,143.9418807845548,100.29659077270999,149.99999999999997,108.2526696795242,-0.442456537024005,2.168169015662638,-0.805702127897401
871,8,150.00000000000003,108.75807190620644,15.0,15.0,168.7448123917711,-57.54331576802312,144.25695094484692,100.57165708956632,150.00000000000003,108.75807190620644,-0.4408688380492317,2.165318191089267,-0.7654078382565599
872,8,150.0,109.25265756096968,15.0,15.0,168.86280032127368,-57.29272907627613,144.57375058584176,100.85290653517448,150.0,109.25265756096968,-0.43923957644477973,2.1624316645584876,-0.7259547506669106
873,8,150.0,109.73592354744552,15.0,15.0,168.98306848081697,-57.03620354538424,144.89094888160793,101.13955241366722,150.0,109.73592354744552,-0.4375729926279165,2.159519954006422,-0.687387995734698
874,8,149.99999999999997,110.20736676926566,15.0,15.0,169.10523579482236,-56.774482238621516,145.2072472766313,101.43072040902976,149.99999999999997,110.20736676926566,-0.43587399113923053,2.1565937544113187,-0.6497522169849774
875,8,150.00000000000006,110.66648413006185,15.0,15.0,169.22888147080766,-56.508405941284735,145.52138517023727,101.72545459165696,150.00000000000006,110.66648413006185,-0.4341480956486551,2.153663884969517,-0.6130915630315439
876,8,150.0,111.1127725334656,15.0,15.0,169.35354958399896,-56.23890601925311,145.83214483815254,102.02272394449417,150.0,111.1127725334656,-0.4324013996193883,2.15074123832568,-0.5774496861432543
877,8,149.99999999999997,111.54572888310872,15.0,15.0,169.47875382042935,-55.96699668217039,146.13835556457514,102.32142932951916,149.99999999999997,111.54572888310872,-0.4306405134437794,2.1478367322590133,-0.542869746794358
878,8,150.0,111.96485008262283,15.0,15.0,169.60398229395145,-55.693766760949615,146.43889696937686,102.62041081612392,150.0,111.96485008262283,-0.42887250884098016,2.1449612641586033,-0.5093944237421795
879,8,149.99999999999997,112.3696330356396,15.0,15.0,169.72870235820372,-55.4203711048614,146.73270152610624,102.91845529514123,149.99999999999997,112.3696330356396,-0.4271048612662761,2.142125668550669,-0.47706592914504586
880,8,150.00000000000006,112.75957464579074,15.0,15.0,169.85236534182778,-55.14802169727311,147.01875627713554,103.21430430572802,150.00000000000006,112.75957464579074,-0.42534539102895497,2.1393406778696056,-0.4459260282154536
881,8,149.99999999999997,113.13417181670785,15.0,15.0,169.9744111438096,-54.87797858144917,147.29610376250008,103.50666200695777,149.99999999999997,113.13417181670785,-0.42360220375182345,2.136616886594214,-0.4160160628967924
882,8,149.99999999999997,113.4929214520227,15.0,15.0,170.09427263538075,-54.61154067898646,147.56384218862559,103.79420323165566,149.99999999999997,113.4929214520227,-0.42188363073349455,2.133964718801237,-0.38737697905458024
883,8,150.00000000000006,113.83532045536684,15.0,15.0,170.21137982513565,-54.3500365737285,147.8211248721461,104.07558156658403,150.00000000000006,113.83532045536684,-0.4201981696967514,2.131394399121006,-0.3600493566837595
884,8,149.99999999999997,114.16086573037208,15.0,15.0,170.32516375459588,-54.09481532364043,148.06715900236728,104.34943741040408,149.99999999999997,114.16086573037208,-0.4185544263248381,2.128915927015073,-0.3340734426500278
885,8,150.0,114.46905418066993,15.0,15.0,170.43506010210146,-53.84723735238842,148.30120377358827,104.61440596872805,150.0,114.46905418066993,-0.41696105690452,2.1265390542336005,-0.3094891855041757
886,8,149.99999999999997,114.75938270989222,15.0,15.0,170.5405124833867,-53.60866546148111,148.5225679454828,104.86912515387857,149.99999999999997,114.75938270989222,-0.4154267123119869,2.1242732652511926,-0.28633627193200795
887,8,150.0,115.03134822167058,15.0,15.0,170.64097544729717,-53.380455993023645,148.73060689609554,105.11224336549733,150.0,115.03134822167058,-0.41395998349683216,2.1221277604239193,-0.2646541644273941
888,8,150.0,115.28444761963664,15.0,15.0,170.73591717465627,-53.16395016259405,148.92471923777268,105.34242713673761,150.0,115.28444761963664,-0.4125693485417755,2.1201114415575506,-0.2444821398007746
889,8,150.00000000000003,115.51817780742209,15.0,15.0,170.8248218971558,-52.96046557168131,149.10434307161245,105.55836863923864,150.00000000000003,115.51817780742209,-0.4112631213028344,2.118232899527418,-0.22585932815885723
890,8,150.00000000000003,115.73203568865863,15.0,15.0,170.90719206123157,-52.77128789968694,149.26895196087037,105.758793048249,150.00000000000003,115.73203568865863,-0.41004940156729097,2.116500403543758,-0.20882475201198636
891,8,150.0,115.92551816697787,15.0,15.0,170.98255026911562,-52.597662766865085,149.41805070830364,105.94246577695736,150.0,115.92551816697787,-0.40893602660606887,2.1149218916127905,-0.19341736518285058
892,8,149.99999999999997,116.09812214601149,15.0,15.0,171.0504410355841,-52.44078775192122,149.55117102680293,106.10819959612058,149.99999999999997,116.09812214601149,-0.40793052394386164,2.113504961702901,-0.17967609120253192
893,8,149.99999999999997,116.2493445293913,15.0,15.0,171.11043240431184,-52.301804541474084,149.66786719696628,106.25486166127105,149.99999999999997,116.2493445293913,-0.4070400651254191,2.1122568630871466,-0.16763986088673244
894,8,149.99999999999997,116.37868222074877,15.0,15.0,171.16211747217392,-52.18179118337764,149.7677118096451,106.38138047494647,149.99999999999997,116.37868222074877,-0.4062714202206069,2.1111844872976864,-0.1573476487851364
895,8,149.99999999999997,116.48563212371577,15.0,15.0,171.2051158732766,-52.08175441218144,149.8502916960627,106.48675281532665,149.99999999999997,116.48563212371577,-0.4056309127851452,2.1102943580947087,-0.1488385081896011
896,8,150.0,116.56969114192377,15.0,15.0,171.23907527691821,-52.0026220129741,149.91520415298484,106.57005066517017,150.0,116.56969114192377,-0.4051243749793114,2.109592619822058,-0.14215160437108754
897,8,149.99999999999997,116.63035617900458,15.0,15.0,171.26367295502118,-51.94523518971445,149.96205357571506,106.63042817581956,149.99999999999997,116.63035617900458,-0.4047571025444976,2.1090850234942145,-0.13732624569007545
898,8,150.0,116.66712413858991,15.0,15.0,171.27861747475788,-51.91034090615811,149.99044861746847,106.66712870003637,150.0,116.66712413858991,-0.4045338093487937,2.108776909935031,-0.1344019121897193
899,8,150.0,116.67949192431125,15.0,15.0,171.2836505709951,-51.898584171887435,150.0,106.67949192431125,150.0,116.67949192431125,-0.40445858123928036,2.108673189268126,-0.13341828123394928
900,9,150.00000000000003,116.67949192431124,15.0,15.0,171.2836505709951,-51.89858417188745,150.00000000000003,106.67949192431124,150.00000000000003,116.67949192431124,-0.40445858123928047,2.108673189268126,-0.13341828123394928
901,9,149.98870259207243,116.67472586471726,15.0,15.0,171.28234240464764,-51.901640133231936,149.98595709273852,106.6747262416056,149.98870259207243,116.67472586471726,-0.4044781352625144,2.10877304953464,-0.1337731374140687
902,9,149.95523875751135,116.66075357650908,15.0,15.0,171.27854027272866,-51.91052122218987,149.94432084634994,106.66075953655006,149.95523875751135,116.66075357650908,-0.4045349631603592,2.109068467342466,-0.13482896872025574
903,9,149.9002510801495,116.63806389554718,15.0,15.0,171.2724340614117,-51.924781303503195,149.8758299887522,106.63809371507689,149.9002510801495,116.63806389554718,-0.404626212796255,2.109553144455911,-0.13657271643191082
904,9,149.82438214381926,116.60714565769197,15.0,15.0,171.26422177089285,-51.94395412833944,149.7812232976291,106.6072387924259,149.82438214381926,116.60714565769197,-0.4047489044834822,2.110220715145373,-0.13899138188468418
905,9,149.72827453235337,116.56848769880405,15.0,15.0,171.25410911213,-51.967554722974384,149.6612396537865,106.56871238507547,149.72827453235337,116.56848769880405,-0.4048999394293261,2.11106475119995,-0.1420720230389203
906,9,149.61257082958412,116.52257885474378,15.0,15.0,171.24230911546948,-51.99508073184242,149.51661811120553,106.52303921154842,149.61257082958412,116.52257885474378,-0.4050761079048112,2.1120787667046828,-0.14580175108716897
907,9,149.47791361934438,116.46990796137175,15.0,15.0,171.2290417465496,-52.02601371821886,149.34809798119883,106.47075060186926,149.47791361934438,116.46990796137175,-0.40527409716808316,2.113256222588493,-0.1501677270787387
908,9,149.3249454854665,116.41096385454837,15.0,15.0,171.2145335251239,-52.059820425706064,149.15641892819892,106.41238401541644,149.3249454854665,116.41096385454837,-0.405490499168514,2.114590530949383,-0.15515715854079204
909,9,149.15430901178303,116.34623537013415,15.0,15.0,171.19901714270438,-52.09595400359953,148.94232107484228,106.34848256689924,149.15430901178303,116.34623537013415,-0.40572181805756413,2.116075059163846,-0.16075729607689548
910,9,148.96664678212667,116.27621134398962,15.0,15.0,171.18273107518328,-52.1338551991242,148.70654511413102,106.2795945601819,148.96664678212667,116.27621134398962,-0.4059644775314605,2.1177031337878947,-0.16695542992536616
911,9,148.76260138032995,116.20138061197521,15.0,15.0,171.1659191868535,-52.1729535194422,148.4498324265764,106.20627302968437,148.76260138032995,116.20138061197521,-0.4062148280297322,2.119468044257448,-0.17373888646112756
912,9,148.54281539022534,116.12223200995146,15.0,15.0,171.14883032251197,-52.21266836624898,148.17292520034763,106.12907528910333,148.54281539022534,116.12223200995146,-0.4064691538126489,2.121363046396196,-0.1810950246261327
913,9,148.30793139564548,116.03925437377875,15.0,15.0,171.13171788460045,-52.25241014568573,147.8765665525615,106.04856248721998,148.30793139564548,116.03925437377875,-0.4067236799395586,2.1233813657393474,-0.18901123227477457
914,9,148.05859198042296,115.95293653931772,15.0,15.0,171.11483939261092,-52.291581356209065,147.56150064996086,105.96529917059135,148.05859198042296,115.95293653931772,-0.4069745791690612,2.1255162006819623,-0.19747492242204645
915,9,147.79543972839014,115.86376734242869,15.0,15.0,171.098456022263,-52.329577656967516,147.22847282734077,105.87985285295541,147.79543972839014,115.86376734242869,-0.4072179788008442,2.1277607254607975,-0.2064735293835498
916,9,147.51911722337994,115.7722356189723,15.0,15.0,171.0828321222494,-52.36578891913683,146.8782297021879,105.79279359122444,147.51911722337994,115.7722356189723,-0.4074499674778219,2.1301080929787934,-0.2159945047978442
917,9,147.23026704922458,115.67883020480893,15.0,15.0,171.06823470663696,-52.399600262568924,146.51151928410135,105.70469356798014,147.23026704922458,115.67883020480893,-0.40766660196600957,2.132551437481508,-0.22602531352300437
918,9,146.92953178975682,115.58403993579913,15.0,15.0,171.05493292131726,-52.430393079998964,146.12909107767305,105.61612668043625,146.92953178975682,115.58403993579913,-0.40786391392823373,2.1350838770948948,-0.2365534294006899
919,9,146.61755402880908,115.48835364780328,15.0,15.0,171.04319748321296,-52.457546050942284,145.73169617759945,105.5276681358794,146.61755402880908,115.48835364780328,-0.4080379167063959,2.1376985162339315,-0.24756633088251045
920,9,146.29497635021409,115.39226017668203,15.0,15.0,171.03330009126765,-52.48043614728951,145.3200873549051,105.43989405365252,146.29497635021409,115.39226017668203,-0.40818461212552604,2.140388447891624,-0.25905149651497394
921,9,145.96244133780422,115.29624835829568,15.0,15.0,171.025512808583,-52.49843963247376,144.8950191332518,105.35338107379327,145.96244133780422,115.29624835829568,-0.4082999973312632,2.143146755817912,-0.270996400280914
922,9,145.62059157541213,115.20080702850493,15.0,15.0,171.02010741541176,-52.51093305593824,144.45724785441016,105.26870597249442,145.62059157541213,115.20080702850493,-0.40838007167070656,2.1459665165979476,-0.28338850679691596
923,9,145.27006964687047,115.10642502317012,15.0,15.0,171.01735473307036,-52.517294244476986,144.00753173206505,105.18644528459812,145.27006964687047,115.10642502317012,-0.4084208436247794,2.1488408016391385,-0.29621526636799733
924,9,144.91151813601167,115.01359117815171,15.0,15.0,171.01752391920465,-52.51690329184541,143.54663089322452,105.1071749333901,144.91151813601167,115.01359117815171,-0.4084183377982944,2.151762679076195,-0.3094641099025883
925,9,144.54557962666837,114.92279432931025,15.0,15.0,171.0208817352198,-52.509143547852545,143.07530740659828,105.03146986800124,144.54557962666837,114.92279432931025,-0.4083686019718663,2.1547252156032464,-0.323122443692736
926,9,144.17289670267297,114.83452331250624,15.0,15.0,171.02769178707496,-52.493402607940425,142.59432529740573,104.95990370877098,144.17289670267297,114.83452331250624,-0.40826771421762287,2.15772147824187,-0.3371776440664229
927,9,143.79411194785828,114.74926696360016,15.0,15.0,171.03821374104206,-52.469073304032236,142.1044505481704,104.89304840096648,143.79411194785828,114.74926696360016,-0.40811179007834386,2.160744536053587,-0.35161705192092274
928,9,143.40986794605658,114.66751411845246,15.0,15.0,171.05270251643344,-52.43555469718865,141.6064510851479,104.83147387728883,143.40986794605658,114.66751411845246,-0.40789698980721356,2.1637874618050765,-0.3664279671482631
929,9,143.02080728110073,114.58975361292363,15.0,15.0,171.0714074577168,-52.3922530723476,141.10109675013322,104.7757477296315,143.02080728110073,114.58975361292363,-0.4076195256627947,2.1668433335939747,-0.38159764296605037
930,9,142.62757253682315,114.51647428287417,15.0,15.0,171.09457148884994,-52.33858293513694,140.58915925747831,104.72643489058413,142.62757253682315,114.51647428287417,-0.4072756692511321,2.1699052364427227,-0.39711328016921343
931,9,142.23080629705635,114.44816496416458,15.0,15.0,171.12243025308706,-52.27396801044192,140.0714121362483,104.68409732520037,142.23080629705635,114.44816496416458,-0.4068617589040848,2.172966263867444,-0.4129620213205494
932,9,141.83115114563293,114.38531449265534,15.0,15.0,171.15521124192063,-52.19784224207757,139.5486306575304,104.64929373356736,141.83115114563293,114.38531449265534,-0.406374207080061,2.1760195194283285,-0.4291309449003724
933,9,141.42924966638546,114.32841170420686,15.0,15.0,171.19313291723245,-52.10965079256303,139.0215917469992,104.62257926472921,141.42924966638546,114.32841170420686,-0.4058095077703312,2.1790581182674162,-0.4456070594379853
934,9,141.02574444314655,114.27794543467981,15.0,15.0,171.23640383112544,-52.008851041616055,138.4910738829292,104.60450524252647,141.02574444314655,114.27794543467981,-0.4051642438910028,2.1820751886390637,-0.46237729765016944
935,9,140.62127805974868,114.23440451993447,15.0,15.0,171.28522174828873,-51.89491358158868,137.95785697992883,104.59561890391565,140.62127805974868,114.23440451993447,-0.40443509463761496,2.185063873437686,-0.47942851061433367
936,9,140.21649310002437,114.1982777958314,15.0,15.0,171.3397727761118,-51.76732320764201,137.4227222587547,104.59646315033488,140.21649310002437,114.1982777958314,-0.4036188427761368,2.188017331726642,-0.49674746200639985
937,9,139.81203214780635,114.17005409823115,15.0,15.0,171.40023050809697,-51.625579900021364,136.88645210264386,104.60757631267018,139.81203214780635,114.17005409823115,-0.4027123818410048,2.190928740271338,-0.5143208224358711
938,9,139.40853778692704,114.15022226299415,15.0,15.0,171.466755186423,-51.46919979533355,136.3498299006782,104.6294919303674,139.40853778692704,114.15022226299415,-0.4017127232076856,2.1937912950787952,-0.5321351639128344
939,9,139.00665260121906,114.13927112598088,15.0,15.0,171.53949288977404,-51.2977161432608,135.81363987877353,104.66273854521586,139.00665260121906,114.13927112598088,-0.4006170030042089,2.1965982129450063,-0.5501769544837856
940,9,138.6070191745149,114.13768952305183,15.0,15.0,171.61857475276594,-51.11068024466448,135.2786669189526,104.70783951030543,138.6070191745149,114.13768952305183,-0.39942248882314524,2.1993427330104716,-0.568432553075187
941,9,138.21028009064722,114.1459662900675,15.0,15.0,171.70411622346455,-50.90766236654815,134.74569636763218,104.76531281463099,138.21028009064722,114.1459662900675,-0.39812658619271624,2.202018118323295,-0.5868882045854535
942,9,137.81707793344856,114.16459026288837,15.0,15.0,171.79621636559415,-50.68825262886648,134.21551383371676,104.8356709237836,137.81707793344856,114.16459026288837,-0.3967268447631236,2.2046176574081606,-0.6055300352676007
943,9,137.4280552867515,114.19405027737494,15.0,15.0,171.89495721206956,-50.452061857689856,133.68890497735177,104.91942063712968,137.4280552867515,114.19405027737494,-0.3952209641618356,2.2071346658384035,-0.6243440484460272
944,9,137.04385473438845,114.23483516938764,15.0,15.0,172.0004031764493,-50.19872239877374,133.1666552902439,105.01706296183524,137.04385473438845,114.23483516938764,-0.3936067994695277,2.209562487807248,-0.6433161206118152
945,9,136.66511886019214,114.28743377478705,15.0,15.0,172.11260052878797,-49.927888885143176,132.64954986850822,105.12909300404553,136.66511886019214,114.28743377478705,-0.3918823662666885,2.211894497693081,-0.662431997941396
946,9,136.2924902479951,114.35233492943362,15.0,15.0,172.23157694216366,-49.63923895189723,132.13837317904404,105.25599987747728,136.2924902479951,114.35233492943362,-0.3900458451996329,2.2141241016124233,-0.6816772932835073
947,9,135.92661148162983,114.43002746918776,15.0,15.0,172.35734111586464,-49.33247389107167,131.63390882048742,105.39826662962714,135.92661148162983,114.43002746918776,-0.3880955860138535,2.21624473895299,-0.7010374836589048
948,9,135.5681251449289,114.52100022991002,15.0,15.0,172.4898824808306,-49.007319239085206,131.13693927981757,105.5563701857399,135.5681251449289,114.52100022991002,-0.38603011100235773,2.218249883877971,-0.7204979083163034
949,9,135.217673821725,114.62574204746089,15.0,15.0,172.62917099246357,-48.66352528904349,130.6482456857292,105.73078131061837,135.217673821725,114.62574204746089,-0.38384811781692885,2.220133046791378,-0.7400437673864648
950,9,134.8759000958505,114.74474175770084,15.0,15.0,172.77515701534332,-48.30086751999349,130.16860755990223,105.92196458829406,134.8759000958505,114.74474175770084,-0.3815484815911384,2.2218877757530255,-0.7596601211741638
951,9,134.54344655113806,114.87848819649037,15.0,15.0,172.9277713037073,-47.91914693512561,129.6988025673233,106.13037841951069,134.54344655113806,114.87848819649037,-0.3791302563254997,2.223507657830419,-0.7793318901249264
952,9,134.22095577142017,115.02747019968993,15.0,15.0,173.08692508078735,-47.51819030091584,129.23960626682157,106.35647503690527,134.22095577142017,115.02747019968993,-0.37659267548739406,2.224986320373612,-0.7990438554999559
953,9,133.90907034052952,115.19217660316006,15.0,15.0,173.25251021923725,-47.097850279298825,128.79179186299083,106.60070053770315,133.90907034052952,115.19217660316006,-0.3739351517813593,2.226317432197833,-0.8187806607884771
954,9,133.60843284229855,115.37309624276116,15.0,15.0,173.42439952394741,-46.658005445170616,128.3561299606682,106.86349493367403,133.60843284229855,115.37309624276116,-0.3711572760490055,2.227494704657559,-0.8385268138818889
955,9,133.31968586055993,115.57071795435382,15.0,15.0,173.60244711753006,-46.198560181846425,127.93338832313708,107.14529221802735,133.31968586055993,115.57071795435382,-0.3682588152622388,2.228511892594571,-0.8582666900285989
956,9,133.04347197914615,115.78553057379851,15.0,15.0,173.78648892768265,-45.71944444754836,127.52433163520755,107.44652044885507,133.04347197914615,115.78553057379851,-0.3652397095785961,2.2293627951415234,-0.8779845355822578
957,9,132.78043378188977,116.0180229369557,15.0,15.0,173.97634327451385,-45.220613406573115,127.12972127231349,107.76760184866464,132.78043378188977,116.0180229369557,-0.362100068433308,2.230041256361605,-0.8976644725493561
958,9,132.531186172924,116.26863927200284,15.0,15.0,174.171795435427,-44.70208989526741,126.75028931656063,108.10890695187811,132.531186172924,116.26863927200284,-0.35884043564532486,2.230541498790228,-0.9172903317820171
959,9,132.295821610524,116.53698185074865,15.0,15.0,174.37231472628562,-44.16473019279106,126.38627738700706,108.4699323857771,132.295821610524,116.53698185074865,-0.3554665908582988,2.2308640926998695,-0.9368426159075169
960,9,132.07396662620386,116.82190207292933,15.0,15.0,174.57710635512882,-43.610128197470296,126.037487018419,108.849392183014,132.07396662620386,116.82190207292933,-0.35198891446382163,2.2310153376079795,-0.9562989962546737
961,9,131.8652314220683,117.12222502234829,15.0,15.0,174.785382742869,-43.03991266115814,125.70369697698233,109.24596364514532,131.8652314220683,117.12222502234829,-0.34841795701051537,2.2310018800439546,-0.975637182227644
962,9,131.66922620022217,117.43677578280904,15.0,15.0,174.99637586317874,-42.45571956427341,125.38467812082278,109.6583147886459,131.66922620022217,117.43677578280904,-0.3447642623811443,2.230830521790536,-0.9948350451497836
963,9,131.4855611627703,117.76437943811501,15.0,15.0,175.20933969721847,-41.85918987974815,125.0801931120178,110.08510472402912,131.4855611627703,117.76437943811501,-0.34103835140934813,2.2305082231788065,-1.0138706379419171
964,9,131.3138465118176,118.10386107206983,15.0,15.0,175.42355241327363,-41.251967353201564,124.78999616740074,110.52498406530609,131.3138465118176,118.10386107206983,-0.3372507063140364,2.2300421053295123,-1.032722212929261
965,9,131.15369244946862,118.45404576847673,15.0,15.0,175.63831826412175,-40.63569632236777,124.51383285082548,110.97659536674843,131.15369244946862,118.45404576847673,-0.33341175606638784,2.229439451358628,-1.0513682376799922
966,9,131.0047091778284,118.81375861113939,15.0,15.0,175.8529691978457,-40.012019597874236,124.25143990933377,111.43857358381933,131.0047091778284,118.81375861113939,-0.3295318627912899,2.228707706570448,-1.0697874087968975
967,9,130.8665068990017,119.18182468386112,15.0,15.0,176.06686618061707,-39.38257642623414,124.00254515542424,111.90954655505548,130.8665068990017,119.18182468386112,-0.32562130929118016,2.227854477666359,-1.0879586636023069
968,9,130.73869581509334,119.55706907044551,15.0,15.0,176.27940023264682,-38.749000554407736,123.76686739737718,112.38813550164147,130.73869581509334,119.55706907044551,-0.3216902877658353,2.2268875310016774,-1.10586118967514
969,9,130.62088612820813,119.93831685469594,15.0,15.0,176.48999318098728,-38.112918413552485,123.54411641932893,112.87295554139499,130.62088612820813,119.93831685469594,-0.31774888978700777,2.2258147899265417,-1.1234744322171635
970,9,130.51268804045077,120.32439312041598,15.0,15.0,176.6980981351381,-37.475947437652295,123.33399301253004,113.3626162138995,130.51268804045077,120.32439312041598,-0.3138070975721441,2.224644331249744,-1.1407780992431038
971,9,130.41371175392632,120.71412295140901,15.0,15.0,176.9031996934251,-36.839694530648174,123.13618905895983,113.85572201356295,130.41371175392632,120.71412295140901,-0.3098747765870272,2.2233843808665363,-1.1577521646058098
972,9,130.3235674707394,121.10633143147851,15.0,15.0,177.10481388986287,-36.20575469351977,122.9503876682044,114.35087292746192,130.3235674707394,121.10633143147851,-0.3059616694932331,2.222043308592902,-1.1743768688830696
973,9,130.24186539299478,121.499843644428,15.0,15.0,177.30248789266244,-35.57570982054686,122.7762633682514,114.84666497493866,130.24186539299478,121.499843644428,-0.30207739144305024,2.2206296222494597,-1.1906327181665939
974,9,130.1682157227975,121.89348467406093,15.0,15.0,177.49579946669732,-34.95112767174425,122.61348235059691,115.34169074606237,130.1682157227975,121.89348467406093,-0.2982314267120929,2.219151961038154,-1.2065004808060933
975,9,130.10222866225217,122.28607960418081,15.0,15.0,177.6843562130923,-34.33356102625975,122.46170276981545,115.83453993624076,130.10222866225217,122.28607960418081,-0.29443312664842813,2.217619088254172,-1.221961182172068
976,9,130.04351441346378,122.67645351859105,15.0,15.0,177.8677945996553,-33.72454701938742,122.32057509751107,116.32379987447413,130.04351441346378,122.67645351859105,-0.2906917089067458,2.2160398833741426,-1.236996097509838
977,9,129.991683178537,123.06343150109512,15.0,15.0,178.04577879614266,-33.125606663805456,122.18974253033636,116.80805604298274,129.991683178537,123.06343150109512,-0.2870162579269835,2.2144233335596986,-1.2515867429644785
978,9,129.94634515957674,123.44583863549653,15.0,15.0,178.2179993283501,-32.538244553735,122.06884145156049,117.28589258620435,129.94634515957674,123.44583863549653,-0.2834157266089904,2.212778524612929,-1.26571486486161
979,9,129.90711055868766,123.82250000559876,15.0,15.0,178.38417156477158,-31.963948748942393,121.95750194546294,117.75589280745717,129.90711055868766,123.82250000559876,-0.2798989391282194,2.211114631417199,-1.2793624273325255
980,9,129.87358957797477,124.19224069520524,15.0,15.0,178.54403404909291,-31.40419083390139,121.85534836365005,118.21663965188714,129.87358957797477,124.19224069520524,-0.276474594832157,2.2094409078933195,-1.2925115983739288
981,9,129.8453924195428,124.55388578811944,15.0,15.0,178.6973466911053,-30.860426145992975,121.76199994221736,118.66671617467033,129.8453924195428,124.55388578811944,-0.2731512731531417,2.20776667649716,-1.3051447344327323
982,9,129.82212928549646,124.9062603681448,15.0,15.0,178.84388882776793,-30.334094165363247,121.67707146853019,119.10470599381748,129.82212928549646,124.9062603681448,-0.2699374394703836,2.2061013172806145,-1.317244363605
983,9,129.8034103779408,125.24818951908495,15.0,15.0,178.98345716513901,-29.826619057977375,121.60017399625157,119.5291937273283,129.8034103779408,125.24818951908495,-0.2668414518522845,2.2044542565333582,-1.3287931675353857
984,9,129.78884589898044,125.57849832474318,15.0,15.0,179.11586361076073,-29.339410362500075,121.53091560711934,119.93876541486503,129.78884589898044,125.57849832474318,-0.2638715686095011,2.2028349550181963,-1.339773962099418
985,9,129.77804605072032,125.8960118689231,15.0,15.0,179.24093300484947,-28.87386381089027,121.46890221786241,120.33200892456014,129.77804605072032,125.8960118689231,-0.2610359565894973,2.201252895807995,-1.3501696769458809
986,9,129.77062103526515,126.19955523542808,15.0,15.0,179.35850075733077,-28.431362272009117,121.41373843053717,120.70751434603235,129.77062103526515,126.19955523542808,-0.2583427001444918,2.199717571727349,-1.3599633339705293
987,9,129.76618105471977,126.48795350806161,15.0,15.0,179.46841039639418,-28.013276807088992,121.36502842447214,121.06387437116811,129.76618105471977,126.48795350806161,-0.25579981070661195,2.1982384723972115,-1.36913802478557
988,9,129.76433631118903,126.7600317706272,15.0,15.0,179.57051103284218,-27.6209678255805,121.32237688791618,121.39968466471933,129.76433631118903,126.7600317706272,-0.2534152369065943,2.1968250708758577,-1.3776768872419223
989,9,129.76469700677788,127.01461510692829,15.0,15.0,179.66465474309166,-27.255786329666435,121.28538998739634,121.71354422727886,129.76469700677788,127.01461510692829,-0.2511968751754309,2.1954868098847538,-1.3855630810534407
990,9,129.7668733435907,127.25052860076829,15.0,15.0,179.75069387226824,-26.919075235579243,121.25367637270116,122.00405575371786,129.7668733435907,127.25052860076829,-0.2491525807717916,2.1942330876031986,-1.3927797625641343
991,9,129.77047552373276,127.46659733595082,15.0,15.0,179.82847825742968,-26.61217075976723,121.22684821531156,122.26982599070197,129.77047552373276,127.46659733595082,-0.24729017918179041,2.193073243011071,-1.3993100586911487
992,9,129.7751137493087,127.6616463962792,15.0,15.0,179.8978523695729,-26.336403857889614,121.20452227798683,122.50946609744409,129.7751137493087,127.6616463962792,-0.24561747784152932,2.1920165407546905,-1.405137040068082
993,9,129.78039822242332,127.83450086555709,15.0,15.0,179.95865237173246,-26.093101704567495,121.18632101310077,122.72159201440368,129.78039822242332,127.83450086555709,-0.24414227813679834,2.191072155506638,-1.4102436934051048
994,9,129.78593914518143,127.98398582758773,15.0,15.0,180.01070308917275,-25.883589201743014,121.17187368717009,122.90482484519151,129.78593914518143,127.98398582758773,-0.24287238763817032,2.19024915578656,-1.414612893074672
995,9,129.7913467196879,128.10892636617479,15.0,15.0,180.0538148864174,-25.7091905033772,121.16081752884902,123.05779125750091,129.7913467196879,128.10892636617479,-0.2418156325334062,2.189556487206393,-1.418227371924339
996,9,129.79623114804753,128.2081475651216,15.0,15.0,180.08778044465754,-25.57123054402652,121.15279889745607,123.17912390943698,129.79623114804753,128.2081475651216,-0.24097987022249878,2.18900295510021,-1.4210696913115666
997,9,129.80020263236509,128.2804745082317,15.0,15.0,180.11237143193512,-25.47103655854015,121.1474744688511,123.26746190817452,129.80020263236509,128.2804745082317,-0.24037300204365686,2.1885972064960213,-1.4231222103495371
998,9,129.8028713747454,128.3247322793085,15.0,15.0,180.12733505741932,-25.409939579697216,121.14451243518107,123.32145130841889,129.8028713747454,128.3247322793085,-0.24000298610102322,2.188347711384396,-1.4243670543480569
999,9,129.80384757729337,128.33974596215558,15.0,15.0,180.13239050008482,-25.389275900014574,121.14359371465866,123.33974565868354,129.80384757729337,128.33974596215558,-0.23987785016674723,2.1882627432367374,-1.42478608242976
1000,10,129.8038475772933,128.33974596215558,15.0,15.0,180.1323906011069,-25.389275486983706,121.14359353944894,123.33974596215558,129.8038475772933,128.33974596215558,-0.23987784766553677,2.1882627425928094,-1.4247861193289737
1001,10,129.78943156036723,128.32407909618541,15.0,15.0,180.12921088469423,-25.402273606793244,121.13001771379629,123.3226241244981,129.78943156036723,128.32407909618541,-0.23995656175003433,2.1884113573144504,-1.4246880061573557
1002,10,129.74656399064398,128.27764442453085,15.0,15.0,180.119785427223,-25.44077719910721,121.0896602253044,123.27184606686109,129.74656399064398,128.27764442453085,-0.2401897409122392,2.188852526583656,-1.4243943438936013
1003,10,129.67581558970656,128.20129083657602,15.0,15.0,180.10427699358132,-25.504045704432727,121.0230781773216,123.18829420059934,129.67581558970656,128.20129083657602,-0.2405729262203452,2.1895791736369494,-1.4239060982893341
1004,10,129.5777570791376,128.09586722170485,15.0,15.0,180.08283889871916,-25.591332832755477,120.93083141490163,123.07285253357406,129.5777570791376,128.09586722170485,-0.24110163931718143,2.1905841410628595,-1.423224173873548
1005,10,129.45295918051994,127.9622224693016,15.0,15.0,180.0556161243859,-25.701886759699043,120.81348241639932,122.9264066225673,129.45295918051994,127.9622224693016,-0.2417713820940619,2.191860197338066,-1.422349420814903
1006,10,129.30199261543635,127.80120546875017,15.0,15.0,180.0227464058025,-25.834950332848436,120.67159618386627,122.7498435302288,129.30199261543635,127.80120546875017,-0.24257763649329778,2.1934000433168053,-1.421282641608618
1007,10,129.12542810546964,127.6136651094346,15.0,15.0,179.984361288676,-25.989761284589456,120.50574013240941,122.54405178620365,129.12542810546964,127.6136651094346,-0.24351586440884943,2.195196318648673,-1.4200245975936223
1008,10,128.92383637220246,127.40045028073901,15.0,15.0,179.94058715683278,-26.165552448123975,120.31648397866064,122.30992135209223,128.92383637220246,127.40045028073901,-0.24458150765727393,2.1972416081014514,-1.418576015304436
1009,10,128.69778813721786,127.16240987204735,15.0,15.0,179.89154623064923,-26.36155197361041,120.10439962849645,122.04834358990212,128.69778813721786,127.16240987204735,-0.24576998799363725,2.1995284477671335,-1.4169375926612795
1010,10,128.44785412209836,126.90039277274379,15.0,15.0,179.8373575363816,-26.576983541655615,119.87006106413455,121.76021123365902,128.44785412209836,126.90039277274379,-0.2470767071494625,2.2020493311309868,-1.4151100050011913
1011,10,128.17460504842694,126.61524787221235,15.0,15.0,179.77813784644195,-26.81106657165035,119.6140442307307,121.4464183638494,128.17460504842694,126.61524787221235,-0.24849704687208563,2.204796714985186,-1.4130939109523046
1012,10,127.87861163778626,126.307824059837,15.0,15.0,179.71400259062466,-27.063016422692378,119.33692692258516,121.10786038437735,127.87861163778626,126.307824059837,-0.25002636894697483,2.2077630251703,-1.4108899581530139
1013,10,127.56044461175921,125.97897022500186,15.0,15.0,179.64506673826025,-27.332044585087402,119.03928866906872,120.74543400172504,127.56044461175921,125.97897022500186,-0.25166001518669334,2.2109406621296577,-1.4084987888173792
1014,10,127.22067469192851,125.62953525709099,15.0,15.0,179.57144565124992,-27.617358860653155,118.72171062036679,120.36003720601411,127.22067469192851,125.62953525709099,-0.2533933073722161,2.2143220062633877,-1.4059210451478483
1015,10,126.85987259987692,125.26036804548845,15.0,15.0,179.49325590791923,-27.918163530279273,118.38477543314053,119.95256925367495,126.85987259987692,125.26036804548845,-0.25522154713427625,2.217899423070636,-1.4031573745961277
1016,10,126.4786090571872,124.87231747957816,15.0,15.0,179.41061609761303,-28.233659507417514,118.02906715619719,119.52393065143886,126.4786090571872,124.87231747957816,-0.257140015764327,2.2216652680701645,-1.4002084349728208
1017,10,126.07745478544227,124.46623244874431,15.0,15.0,179.32364758593954,-28.563044476390182,117.65517111626055,119.07502314137784,126.07745478544227,124.46623244874431,-0.25914397394654876,2.2256118914911736,-1.3970748994062414
1018,10,125.65698050622483,124.04296184237096,15.0,15.0,179.23247525055288,-28.90551301461513,117.26367380392932,118.60674968672421,125.65698050622483,124.04296184237096,-0.2612286614041428,2.229731642727762,-1.3937574611505805
1019,10,125.21775694111768,123.60335454984201,15.0,15.0,179.1372281873397,-29.260256698048828,116.85516275991145,118.12001445821394,125.21775694111768,123.60335454984201,-0.2633892964549055,2.2340168745519295,-1.390256838243337
1020,10,124.76035481170355,123.1482594605417,15.0,15.0,179.03804038684663,-29.626464189349292,116.43022646161936,117.61572282070608,124.76035481170355,123.1482594605417,-0.26562107547280545,2.2384599470814566,-1.3865737780116154
1021,10,124.28534483956538,122.67852546385399,15.0,15.0,178.93505138074548,-30.003321308458354,115.98945421021301,117.09478131983884,124.28534483956538,122.67852546385399,-0.2679191722539874,2.2430532315002982,-1.382709061426521
1022,10,123.7932977462857,122.19500144916286,15.0,15.0,178.82840685808617,-30.39001108549523,115.53343601817527,116.55809766849599,123.7932977462857,122.19500144916286,-0.27027873728729035,2.2477891135303754,-1.3786635073044293
1023,10,123.28478425344754,121.69853630585247,15.0,15.0,178.71825925102684,-30.78571379604746,115.06276249750871,116.00658073286452,123.28478425344754,121.69853630585247,-0.27269489693103843,2.2526599966547463,-1.3744379763533687
1024,10,122.76037508263357,121.18997892330678,15.0,15.0,178.6047682896586,-31.189606979136762,114.57802474863831,115.44114051787497,122.76037508263357,121.18997892330678,-0.2751627524995124,2.2576583050931918,-1.3700333750621336
1025,10,122.22064095542665,120.67017819090997,15.0,15.0,178.48810152545934,-31.60086543832746,114.07981425011204,114.86268815182798,122.22064095542665,120.67017819090997,-0.27767737926415126,2.262776486532127,-1.3654506594289941
1026,10,121.66615259340941,120.13998299804595,15.0,15.0,178.368434822809,-32.01866122664074,113.56872274918761,114.27213587001796,121.66615259340941,120.13998299804595,-0.2802338253762092,2.268007014611599,-1.360690838526037
1027,10,121.09748071816477,119.60024223409886,15.0,15.0,178.24595281788876,-32.442163616129825,113.04534215339984,113.67039699717864,121.09748071816477,119.60024223409886,-0.2828271107192456,2.2733423911727986,-1.355754977894188
1028,10,120.51519605127551,119.05180478845269,15.0,15.0,178.12084934415608,-32.87053905317067,112.51026442320078,113.0583859285824,120.51519605127551,119.05180478845269,-0.28545222570153084,2.2787751482701557,-1.3506442027629006
1029,10,119.91986931432436,118.49551955049151,15.0,15.0,177.9933278234451,-33.30295110072423,111.96408146577114,112.43701810963891,119.91986931432436,118.49551955049151,-0.28810413000016766,2.2842978499525577,-1.3453597010872536
1030,10,119.31207122889413,117.93223540959937,15.0,15.0,177.86360162158473,-33.73856036903166,111.40738503010078,111.80721001384745,119.31207122889413,117.93223540959937,-0.29077775127047345,2.2899030938186673,-1.3399027263938863
1031,10,118.69237251656757,117.36280125516035,15.0,15.0,177.7318943672518,-34.17652443641777,110.84076660343935,111.16987911896891,118.69237251656757,117.36280125516035,-0.29346798383597206,2.2955835123516164,-1.3342746004257011
1032,10,118.06134389892753,116.78806597655853,15.0,15.0,177.59844023259174,-34.61599776209568,110.26481730922067,110.5259438812945,118.06134389892753,116.78806597655853,-0.29616968737616844,2.3013317740386023,-1.3284767155736845
1033,10,117.4195560975568,116.20887846317783,15.0,15.0,177.4634841739365,-35.0561315930934,109.68012780656589,109.87632370789859,117.4195560975568,116.20887846317783,-0.29887768563116834,2.307140584281056,-1.3225105370824553
1034,10,116.76757983403813,115.62608760440243,15.0,15.0,177.3272821307382,-35.49607386765546,109.08728819147338,109.22193892677555,116.76757983403813,115.62608760440243,-0.30158676514412397,2.313002686101137,-1.3163776050143154
1035,10,116.10598582995428,115.04054228961627,15.0,15.0,177.1901011806112,-35.934969117720115,108.48688789980494,108.56371075476885,116.10598582995428,115.04054228961627,-0.30429167406448376,2.318910860650339,-1.3100795359546042
1036,10,115.43534480688805,114.45309140820343,15.0,15.0,177.0522196481427,-36.37195837331984,107.87951561217974,107.90256126321566,115.43534480688805,114.45309140820343,-0.30698712103702186,2.324857927525923,-1.3036180244391025
1037,10,114.75622748642225,113.86458384954811,15.0,15.0,176.9139271648917,-36.8061790720194,107.26575916088908,107.23941334123782,114.75622748642225,113.86458384954811,-0.3096677742037113,2.33083674490083,-1.2969948440820724
1038,10,114.06920459013962,113.27586850303418,15.0,15.0,176.7755246777501,-37.23676497677352,106.64620543894654,106.57519065662291,114.06920459013962,113.27586850303418,-0.31232826034758976,2.3368402094725695,-1.2902118483812797
1039,10,113.37484683962299,112.68779425804573,15.0,15.0,176.63732440259528,-37.662846105866414,106.02144031138972,105.91081761425121,113.37484683962299,112.68779425804573,-0.31496316420988846,2.342861256236418,-1.2832709711740637
1040,10,112.67372495645515,112.10121000396684,15.0,15.0,176.49964971991918,-38.083548678883616,105.39204852894974,105.24721931203327,112.67372495645515,112.10121000396684,-0.3175670280138305,2.348892858088067,-1.2761742267161873
1041,10,111.96640966221888,111.51696463018158,15.0,15.0,176.36283500888175,-38.49799508295991,104.75861364420626,104.58532149433555,111.96640966221888,111.51696463018158,-0.32013435123061473,2.354928025260646,-1.2689237093528751
1042,10,111.25347167849695,110.93590702607386,15.0,15.0,176.22722541601456,-38.905303863846555,104.12171793034555,103.92605050288249,111.25347167849695,110.93590702607386,-0.32265959062518945,2.3609598046008244,-1.2615215927491419
1043,10,110.5354817268721,110.35888608102795,15.0,15.0,176.09317655459185,-39.304589746642016,103.48194230263923,103.27033322513469,110.5354817268721,110.35888608102795,-0.32513716062142795,2.3669812786884763,-1.253970128644283
1044,10,109.81301052892721,109.78675068442774,15.0,15.0,175.9610541305057,-39.694963691334685,102.83986624276096,102.61909704015147,109.81301052892721,109.78675068442774,-0.3275614340282593,2.3729855648042006,-1.246271645093262
1045,10,109.08662880624502,109.22034972565734,15.0,15.0,175.83123349033204,-40.075532988599356,102.1960677260572,101.97326976196157,109.08662880624502,109.22034972565734,-0.329926743170053,2.378965813748776,-1.2384285441557827
1046,10,108.35690728040825,108.6605320941008,15.0,15.0,175.70409908716493,-40.44540140158309,101.55112315188748,101.3337795804714,108.35690728040825,108.6605320941008,-0.33222738146618014,2.3849152085185055,-1.2304432989920708
1047,10,107.62441667299979,108.10814667914212,15.0,15.0,175.58004385973499,-40.80366935968981,100.90560727714809,100.70155499995425,107.62441667299979,108.10814667914212,-0.3344576055060069,2.3908269628402765,-1.222318450322942
1048,10,106.88972770560241,107.56404237016542,15.0,15.0,175.4594685203288,-41.14943421062771,100.26009315308968,100.07752477517312,106.88972770560241,107.56404237016542,-0.33661163766661517,2.396694319570108,-1.2140566022106265
1049,10,106.1534110997988,107.02906805655469,15.0,15.0,175.34278074709258,-41.481790537214685,99.61515206553887,99.46261784519942,106.1534110997988,107.02906805655469,-0.3386836693212356,2.402510548958954,-1.2056604171161434
1050,10,105.41603757717196,106.50407262769409,15.0,15.0,175.23039427645446,-41.799830545627,98.97135347863004,98.85776326500147,105.41603757717196,106.50407262769409,-0.34066786468658083,2.408268946789617,-1.1971326101888748
1051,10,104.67817785930445,105.98990497296757,15.0,15.0,175.12272789164163,-42.1026445319242,98.3292649821486,98.26389013488418,104.67817785930445,105.98990497296757,-0.34255836535696527,2.4139628323887603,-1.1884759427444647
1052,10,103.94040266777907,105.4874139817591,15.0,15.0,175.02020430361603,-42.38932143377361,97.68945224258721,97.68192752787337,103.94040266777907,105.4874139817591,-0.34434929557215965,2.4195855465182703,-1.179693214888323
1053,10,103.20328272417868,104.99744854345286,15.0,15.0,174.9232489212186,-42.65894947431795,97.0524789580076,97.11280441514526,103.20328272417868,104.99744854345286,-0.3460347682642638,2.4251304491505477,-1.1707872572440445
1054,10,102.46738875008609,104.5208575474329,15.0,15.0,174.83228850790505,-42.91061690507025,96.41890681679882,96.55744958961122,102.46738875008609,104.5208575474329,-0.34760889192641675,2.430590917132763,-1.1617609217489546
1055,10,101.7332914670841,104.05848988308331,15.0,15.0,174.7477497231941,-43.14341285455942,95.78929546041712,96.01679158777733,101.7332914670841,104.05848988308331,-0.3490657783427372,2.4359603417456466,-1.152617071482959
1056,10,101.00156159675531,103.6111944397879,15.0,15.0,174.67005754783713,-43.356428289181466,95.16420245018625,95.49175861000474,101.00156159675531,103.6111944397879,-0.350399551214471,2.441232126163081,-1.1433585695019888
1057,10,100.27276986068279,103.17982010693098,15.0,15.0,174.59963359276878,-43.54875709230686,94.54418323823296,94.98327843930744,100.27276986068279,103.17982010693098,-0.35160435571172,2.4463996828195054,-1.1339882666536751
1058,10,99.54748698044905,102.76521577389659,15.0,15.0,174.53689429311672,-43.71949726715054,93.92979114262202,94.49227835882684,99.54748698044905,102.76521577389659,-0.3526743689733438,2.4514564306930766,-1.1245089883606099
1059,10,98.82628367763705,102.36823033006858,15.0,15.0,174.48224898994422,-43.86775226819376,93.32157732675473,94.01968506813486,98.82628367763705,102.36823033006858,-0.35360381156945164,2.4563957925135007,-1.114923520365683
1060,10,98.10973067382953,101.98971266483115,15.0,15.0,174.43609790396684,-43.992632465051926,92.72009078308048,93.56642459852078,98.10973067382953,101.98971266483115,-0.3543869599313555,2.461211191904564,-1.105234593444664
1061,10,97.39839869060924,101.63051166756826,15.0,15.0,174.3988300072269,-44.093256741587474,92.12587832116938,93.13342222742219,97.39839869060924,101.63051166756826,-0.35501815974283124,2.465896050472586,-1.0954448671033896
1062,10,96.692858449559,101.29147622766412,15.0,15.0,174.37082080061813,-44.16875423175023,91.53948456018273,92.72160239216953,96.692858449559,101.29147622766412,-0.3554918402739595,2.470443784853267,-1.0855569122907747
1063,10,95.99368067226165,100.97345523450257,15.0,15.0,174.35243000721127,-44.21826619208668,90.96145192577082,92.33188860321451,95.99368067226165,100.97345523450257,-0.3558025296247532,2.4748478037307216,-1.0755731931742134
1064,10,95.30143608029991,100.67729757746791,15.0,15.0,174.34399919352697,-44.24094800906949,90.39232065141935,91.965203357022,95.30143608029991,100.67729757746791,-0.355944870830153,2.4791015048438094,-1.065496048040921
1065,10,94.6166953952565,100.40385214594394,15.0,15.0,174.34584933319886,-44.23597133736806,89.83262878425703,91.622468048803,94.6166953952565,100.40385214594394,-0.3559136387609545,2.4831982719962222,-1.0553276694070859
1066,10,93.9400293387143,100.15396782931487,15.0,15.0,174.35827832984364,-44.20252636288495,89.28291219532731,91.30460288527672,93.9400293387143,100.15396782931487,-0.35570375773678586,2.48713147208802,-1.0450700834364346
1067,10,93.27200863225613,99.92849351696469,15.0,15.0,174.38155851835432,-44.13982418185228,88.7437045943185,91.01252679764605,93.27200863225613,99.92849351696469,-0.35531031974771077,2.490894452187534,-1.0347251287905292
1068,10,92.61320399746458,99.72827809827737,15.0,15.0,174.41593416621237,-44.047099284502075,88.2155375487366,90.74715735497745,92.61320399746458,99.72827809827737,-0.35472860316045296,2.4944805366635636,-1.0242944350547387
1069,10,91.96418615592273,99.55417046263719,15.0,15.0,174.46161899871353,-43.92361212883273,87.69894050749782,90.50941067817678,91.96418615592273,99.55417046263719,-0.3539540917640206,2.4978830243986434,-1.0137794009058845
1070,10,91.32552582921323,99.40701949942799,15.0,15.0,174.51879377415304,-43.76865178680924,87.19444082890278,90.30020135475144,91.32552582921323,99.40701949942799,-0.35298249398793025,2.5010951861047657,-1.0031811722097357
1071,10,90.6977937389187,99.2876740980339,15.0,15.0,174.58760393694558,-43.58153864200385,86.70256381295187,90.12044235455436,90.6977937389187,99.2876740980339,-0.351809762104754,2.5041102617631847,-0.9925006202582687
1072,10,90.08156060662205,99.19698314783892,15.0,15.0,174.6681573782842,-43.361627114255995,86.22383273794561,89.97104494669985,90.08156060662205,99.19698314783892,-0.3504321112078014,2.506921458209849,-0.981738320377417
1073,10,89.47739715390622,99.1357955382272,15.0,15.0,174.76052233518706,-43.10830838346787,85.7587689013061,89.85291861784502,89.47739715390622,99.1357955382272,-0.34884603773493295,2.5095219468874452,-0.9708945311553003
1074,10,88.88587410235378,99.10496015858263,15.0,15.0,174.8647254595549,-42.82101308124185,85.30789166454544,89.76697099202568,88.88587410235378,99.10496015858263,-0.3470483372914508,2.5119048617839868,-0.9599691745579244
1075,10,88.30756217354761,99.10532589828946,15.0,15.0,174.98075008908754,-42.49921391578254,84.87171850229944,89.71410775223706,88.30756217354761,99.10532589828946,-0.345036121509273,2.5140632975762527,-0.9489618172134442
1076,10,87.74303208907043,99.1377416467316,15.0,15.0,175.10853475149602,-42.14242819244724,84.4507650553304,89.69523256394281,87.74303208907043,99.1377416467316,-0.34280683366696096,2.515990307994172,-0.937871653156521
1077,10,87.19285457050515,99.20305629329319,15.0,15.0,175.2479719323421,-41.75022018962836,84.04554518739806,89.71124700069748,87.19285457050515,99.20305629329319,-0.34035826278621384,2.5176789044193413,-0.9266974883303472
1078,10,86.65760033943442,99.30211872735818,15.0,15.0,175.39890713496624,-41.322203347423105,83.65657104588486,89.76305047205895,86.65760033943442,99.30211872735818,-0.33768855591595237,2.5191220547273114,-0.9154377271448464
1079,10,86.1378401174411,99.43577783831063,15.0,15.0,175.56113825830215,-40.85804222489702,83.28435312605492,89.85154015396714,86.1378401174411,99.43577783831063,-0.3347962283156325,2.520312682379009,-0.9040903613847835
1080,10,85.63414462610797,99.60488251553473,15.0,15.0,175.73441531488984,-40.357454180810194,82.92940033881482,89.97761092175723,85.63414462610797,99.60488251553473,-0.33168017125559335,2.5212436657617037,-0.8926529617503829
1081,10,85.14708458701779,99.81028164841433,15.0,15.0,175.9184405071017,-39.82021073256071,82.59222008183684,90.14215528597127,85.14708458701779,99.81028164841433,-0.3283396571645042,2.5219078377743154,-0.8811226722951901
1082,10,84.67723072175336,100.05282412633366,15.0,15.0,176.11286867451773,-39.24613854891057,82.27331831389691,90.34606333112737,84.67723072175336,100.05282412633366,-0.32477434187264453,2.522297985645585,-0.8694962080009598
1083,10,84.22515375189754,100.33335883867659,15.0,15.0,176.31730811958633,-38.6351200338962,81.97319963226987,90.59022265759548,84.22515375189754,100.33335883867659,-0.3209842637250897,2.5224068509668727,-0.8577698556972713
1084,10,83.79142439903298,100.65273467482739,15.0,15.0,176.53132181228557,-37.987093462236984,81.69236735301835,90.87551832672624,83.79142439903298,100.65273467482739,-0.31696983937075696,2.522227129914028,-0.8459394784943508
1085,10,83.37661338474253,101.01180052416989,15.0,15.0,176.75442896757372,-37.302052630600926,81.43132359400366,91.20283280936691,83.37661338474253,101.01180052416989,-0.3127318560716058,2.5217514736252022,-0.8340005238516843
1086,10,82.98129143060893,101.41140527608832,15.0,15.0,176.98610698214665,-36.58004599424602,81.19056936043864,91.57304593789554,82.98129143060893,101.41140527608832,-0.3082714604204908,2.520972488693603,-0.8219480353529189
1087,10,82.60602925821505,101.85239781996658,15.0,15.0,177.22579370957752,-35.82117526482047,80.97060463279834,91.98703486189045,82.60602925821505,101.85239781996658,-0.3035901434056901,2.519882737726275,-0.8097766682001155
1088,10,82.25139758914356,102.33562704518882,15.0,15.0,177.47289004550265,-35.02559345237199,80.77192845689521,92.44567400754883,82.25139758914356,102.33562704518882,-0.2986897218139143,2.518474739912164,-0.7974807083788029
1089,10,81.91796714497741,102.86194184113903,15.0,15.0,177.72676278734795,-34.193502342791085,80.59503903592288,92.94983504095404,81.91796714497741,102.86194184113903,-0.29357231602062706,2.516740971535112,-0.7850540953806542
1090,10,81.60630864729919,103.43219109720125,15.0,15.0,177.98674772638068,-33.3251494108103,80.44043382426392,93.50038683528527,81.60630864729919,103.43219109720125,-0.28824032427531965,2.51467386636027,-0.7724904483046227
1091,10,81.3169928176919,104.04722370275967,15.0,15.0,178.25215292383743,-32.4208241781182,80.30860962285635,94.09819544205132,81.3169928176919,104.04722370275967,-0.2826963936485737,2.5122658158157702,-0.7597830950915534
1092,10,81.05059037773815,104.70788854719821,15.0,15.0,178.5222621177189,-31.480854035871964,80.20006267590479,94.74412406642017,81.05059037773815,104.70788854719821,-0.2769433878656493,2.509509168885614,-0.7469251045834806
1093,10,80.80767204902075,105.4150345199009,15.0,15.0,178.79633820273895,-30.505599560647056,80.11528876872359,95.4390330467071,80.80767204902075,105.4150345199009,-0.27098435230629314,2.506396231624616,-0.7339093210387682
1094,10,80.5888085531226,106.16951051025194,15.0,15.0,179.0736267230085,-29.495449362365918,80.05478332649189,96.18377983807166,80.5888085531226,106.16951051025194,-0.26482247650084934,2.5029192662020896,-0.7207284006796784
1095,10,80.39533929490607,106.96180081314789,15.0,15.0,179.3501308217879,-28.463024501997175,80.01821892840216,96.96891433179687,80.39533929490607,106.96180081314789,-0.25853534631710995,2.499125600065488,-0.707514908324927
1096,10,80.23278603239649,107.7259966736083,15.0,15.0,179.60514521947056,-27.487011748027314,80.00078550325836,97.72868824811297,80.23278603239649,107.7259966736083,-0.2526013488342881,2.4953655525691723,-0.6951700115669572
1097,10,80.10808609395933,108.37710239547602,15.0,15.0,179.81451576056037,-26.66743806153673,79.99614962179241,98.3777289037917,80.10808609395933,108.37710239547602,-0.24762549527983946,2.4920999653699063,-0.6848720242814887
1098,10,80.02817793226887,108.83010712289257,15.0,15.0,179.9561039736445,-26.10333030103748,79.99798861005974,98.83015269275518,80.02817793226887,108.83010712289257,-0.24420428564795071,2.4897968449050802,-0.6778151692688994
1099,10,80.00000000000003,109.0,15.0,15.0,180.00829167255839,-25.89332071749495,79.99999981554814,99.0,80.00000000000003,109.0,-0.24293136312687602,2.4889256126110384,-0.6751979411344542
1100,11,80.00000000000001,109.00000000000003,15.0,15.0,180.0082916268923,-25.893320901761854,80.00000000000001,99.00000000000003,80.00000000000001,109.00000000000003,-0.24293136424358897,2.488925611885235,-0.6751979208467498
1101,11,79.9708239995816,108.99699848792284,15.0,15.0,180.01687498740995,-25.858670675751483,79.96158621058811,98.99700275476103,79.9708239995816,108.99699848792284,-0.24272137888860212,2.4890919815942634,-0.6764980549415003
1102,11,79.8847988959386,108.98846075284739,15.0,15.0,180.04227431607117,-25.755952799299322,79.84838852498925,98.98852703882271,79.8847988959386,108.98846075284739,-0.24209895788707692,2.489580112795535,-0.6803258732535082
1103,11,79.74417903548971,108.97508699650788,15.0,15.0,180.08397518347923,-25.58671134275867,79.66347299311064,98.97541267507503,79.74417903548971,108.97508699650788,-0.24107364443823298,2.490372772343533,-0.6865734929635448
1104,11,79.5512187646533,108.95757742063827,15.0,15.0,180.14147102056594,-25.35213190357586,79.40990734117817,98.9585759164082,79.5512187646533,108.95757742063827,-0.2396529217021628,2.4914518108288215,-0.6951341750275886
1105,11,79.30817242984787,108.93663222697278,15.0,15.0,180.21425238370495,-25.053099871214023,79.0907625487653,98.93899585913024,79.30817242984787,108.93663222697278,-0.23784255833016288,2.492798285192566,-0.7059021012610165
1106,11,79.01729437749192,108.91295161724548,15.0,15.0,180.30179537677589,-24.6902563006907,78.70911467177663,98.91770148185691,79.01729437749192,108.91295161724548,-0.23564694073629755,2.494392572340687,-0.7187721556811917
1107,11,78.68083895400416,108.88723579319064,15.0,15.0,180.40354968104972,-24.26405166190211,78.26804672265098,98.89575929700979,78.68083895400416,108.88723579319064,-0.23306939302386165,2.4962144758258926,-0.7336397112630355
1108,11,78.30106050580285,108.86018495654218,15.0,15.0,180.51892660302406,-23.774797693640373,77.7706504471831,98.87426160565894,78.30106050580285,108.86018495654218,-0.2301124853077049,2.498243327390503,-0.7504004231595256
1109,11,77.88021337930667,108.83249930903435,15.0,15.0,180.6472875237385,-23.22271753849939,77.22002786404634,98.85431535174831,77.88021337930667,108.83249930903435,-0.2267783309154191,2.500458084890636,-0.7689500294246949
1110,11,77.42055192093403,108.80487905240123,15.0,15.0,180.7879331160279,-22.607994271370906,76.619292458413,98.8370315779602,77.42055192093403,108.80487905240123,-0.22306887263241038,2.502837427854568,-0.7891841603269223
1111,11,76.92433047710352,108.77802438837698,15.0,15.0,180.94009368434197,-21.930817863023485,75.97156994511961,98.82351549196758,76.92433047710352,108.77802438837698,-0.21898615779972597,2.5053598516658044,-0.8109981574341725
1112,11,76.39380339423366,108.75263551869564,15.0,15.0,181.10292097122345,-21.191430544087396,75.27999853964947,98.81485715802042,76.39380339423366,108.75263551869564,-0.21453260169881727,2.508003761105338,-0.8342869037714942
1113,11,75.83122501874283,108.72941264509143,15.0,15.0,181.27548176166354,-20.390170456310166,74.54772869684561,98.81212283427737,75.83122501874283,108.72941264509143,-0.20971123828263538,2.5107475637385157,-0.8589446664767917
1114,11,75.23884969704972,108.7090559692984,15.0,15.0,181.4567535980953,-19.527513399939252,73.77792229770981,98.81634698066148,75.23884969704972,108.7090559692984,-0.20452595695531184,2.5135697633908274,-0.8848649534969302
1115,11,74.61893177557275,108.69226569305071,15.0,15.0,181.64562289192747,-18.604112411451958,72.97375128384337,98.82852496502906,74.61893177557275,108.69226569305071,-0.19898172378060808,2.51644905372514,-0.9119403859565227
1116,11,73.97372560073038,108.67974201808241,15.0,15.0,181.84088568000556,-17.620834837743146,72.13839575698046,98.8496064969087,73.97372560073038,108.67974201808241,-0.19308478522946415,2.5193644117122687,-0.9400625878809517
1117,11,73.30548551894128,108.67218514612777,15.0,15.0,182.04125122462085,-16.57879651464103,71.27504157754329,98.88048981789987,73.30548551894128,108.67218514612777,-0.1868428523757959,2.5222951905796336,-0.9691220949492292
1118,11,72.61646587662382,108.67029527892078,15.0,15.0,182.2453485928954,-15.479392612729363,70.38687751110862,98.92201667598994,72.61646587662382,108.67029527892078,-0.18026526333256565,2.5252212116319352,-0.9990082838786007
1119,11,71.90892102019654,108.67477261819558,15.0,15.0,182.45173627570384,-14.324324685355236,69.47709198498988,98.9749681076126,71.90892102019654,108.67477261819558,-0.17336312170054802,2.5281228541666083,-1.0296093238912336
1120,11,71.185105296078,108.68631736568634,15.0,15.0,182.65891481894187,-13.115623445600423,68.54886952867798,99.04006104633214,71.185105296078,108.68631736568634,-0.1661494088907396,2.530981142558912,-1.0608121514768982
1121,11,70.44727305068666,108.70562972312715,15.0,15.0,182.86534234318944,-11.85566681361324,67.60538698154554,99.11794577078383,70.44727305068666,108.70562972312715,-0.1586390683848422,2.53377782947065,-1.0925024693412042
1122,11,69.69767863044106,108.7334098922522,15.0,15.0,183.06945272498155,-10.547192814968827,66.64980955889389,99.20920419714533,69.69767863044106,108.7334098922522,-0.15084906031857703,2.536495474046415,-1.1245647700185295
1123,11,68.93857638175973,108.7703580747954,15.0,15.0,183.26967610828638,-9.193306975533439,65.68528687304392,99.31434901322615,68.93857638175973,108.7703580747954,-0.14279838520603794,2.5391175139052535,-1.1568823841393352
1124,11,68.17222065106117,108.81717447249116,15.0,15.0,183.46446131345263,-7.797483948195236,64.71494900969739,99.43382364254657,68.17222065106117,108.81717447249116,-0.13450807615967753,2.54162832971649,-1.1893375527860002
1125,11,67.40086578476385,108.87455928707342,15.0,15.0,183.6522996183327,-6.363563219840831,63.74190276121756,99.56800301784467,67.40086578476385,108.87455928707342,-0.12600115958319535,2.54401330116783,-1.2218115227680377
1126,11,66.62676612928638,108.94321272027634,15.0,15.0,183.8317493081158,-4.895738879507359,62.76922811783054,99.71719513465614,66.62676612928638,108.94321272027634,-0.11730258500035218,2.5462588531922643,-1.2541846630201863
1127,11,65.85217603104714,109.0238349738341,15.0,15.0,184.00146033184734,-3.3985435755938127,61.79997511510253,99.88164334727006,65.85217603104714,109.0238349738341,-0.10843912540297618,2.548352491416679,-1.2863365997030098
1128,11,65.07934983646479,109.11712624948078,15.0,15.0,184.1601983691069,-1.8768269447903556,60.837161131516,100.0615293618314,65.07934983646479,109.11712624948078,-0.09943925022296396,2.5502828259266646,-1.3181463669957112
1129,11,64.31054189195774,109.2237867489504,15.0,15.0,184.30686760306338,-0.33572895035519146,59.88376872369027,100.25697687493684,64.31054189195774,109.2237867489504,-0.09033297372035487,2.5520395826043027,-1.349492570045839
1130,11,63.547926695026554,109.34447874270627,15.0,15.0,184.4405434856565,1.2194984385415673,58.94262554693145,100.46803793935756,63.547926695026554,109.34447874270627,-0.08115081373367139,2.553614047898694,-1.3802592289369084
1131,11,62.792653965045176,109.47937769265208,15.0,15.0,184.56061238842352,2.7853069435699567,58.01500749698697,100.69449896689548,62.792653965045176,109.47937769265208,-0.07191310263454787,2.555004143106907,-1.410403113807046
1132,11,62.04516334757573,109.62832174864249,15.0,15.0,184.66666816465158,4.359430752727217,57.101128357978695,100.93599651188103,62.04516334757573,109.62832174864249,-0.06263252526814678,2.5562120002338906,-1.4399316070209056
1133,11,61.3058802477322,109.79114229577797,15.0,15.0,184.75838760088325,5.939655682685766,56.20118084553718,101.1921863118675,61.3058802477322,109.79114229577797,-0.053321406443069375,2.5572398563994754,-1.4688533333014135
1134,11,60.575230070628606,109.96767071915929,15.0,15.0,184.8355275063377,7.523797979989512,55.31535866479754,101.46274551113301,60.575230070628606,109.96767071915929,-0.04399184701097458,2.5580899708079103,-1.497177163412857
1135,11,59.85363822137908,110.15773840388722,15.0,15.0,184.89792367889365,9.109708869603487,54.44385725857808,101.74737159057189,59.85363822137908,110.15773840388722,-0.03465570796076611,2.5587646233377885,-1.5249122286566217
1136,11,59.14153010509742,110.36117673506195,15.0,15.0,184.94548942877282,10.6952790084759,53.586874464593734,102.0457813316298,59.14153010509742,110.36117673506195,-0.025324595023970664,2.5592661130141354,-1.5520679347379036
1137,11,58.439331126897784,110.5778170977845,15.0,15.0,184.9782136817055,12.278442803015496,52.7446110905814,102.35770981697748,58.439331126897784,110.5778170977845,-0.016009843900958165,2.5595967563214295,-1.5786539748525081
1138,11,57.747466691894154,110.80749087715533,15.0,15.0,184.99615868683085,13.857182550964758,51.917271415745546,102.68290946997044,57.747466691894154,110.80749087715533,-0.006722506216463309,2.559758885323992,-1.6046803418517186
1139,11,57.066362205200555,111.05002945827508,15.0,15.0,184.99945735778908,15.429532370435103,51.10506362647382,103.02114913438989,57.066362205200555,111.05002945827508,0.002526663690941122,2.559754845567478,-1.6301573393543145
1140,11,56.396443071930904,111.3052642262443,15.0,15.0,184.98831027832657,16.993581881784426,50.308200193813946,103.37221319545809,56.396443071930904,111.3052642262443,0.01172722104692503,2.5595869937421334,-1.6550955916879078
1141,11,55.73813469719936,111.57302656616375,15.0,15.0,184.96298240618788,18.547479611481045,49.5268981997593,103.73590074269578,55.73813469719936,111.57302656616375,0.02086904189681249,2.5592576950949626,-1.6795060525565244
1142,11,55.09186248611978,111.85314786313391,15.0,15.0,184.9237995110616,20.08943609101653,48.761379618956965,104.11202477481152,55.09186248611978,111.85314786313391,0.029942333258179854,2.5587693205839197,-1.7034000123473916
1143,11,54.45805184380626,112.14545950225548,15.0,15.0,184.87114438383713,21.617726628197534,48.01187156203869,104.50041144649082,54.45805184380626,112.14545950225548,0.03893764210203399,2.558124243772664,-1.7267891040068721
1144,11,53.83712817537284,112.44979286862909,15.0,15.0,184.8054528553944,23.13069373266644,47.278606486373036,104.9008993566686,53.83712817537284,112.44979286862909,0.04784586310666228,2.557324837469302,-1.7496853074330565
1145,11,53.22951688593348,112.76597934735534,15.0,15.0,184.72720966357696,24.626749182158733,46.561822379659645,105.31333887762881,53.22951688593348,112.76597934735534,0.05665824514171147,2.556373470116807,-1.7721009523502627
1146,11,52.63564338060212,113.09385032353465,15.0,15.0,184.63694420689572,26.104375720703235,45.861762921425026,105.73759152406473,52.63564338060212,113.09385032353465,0.0653663964539708,2.555272501946524,-1.7940487196483206
1147,11,52.05593306449292,113.43323718226804,15.0,15.0,184.53522622289574,27.56212838461561,45.178677627138995,106.17352936105472,52.05593306449292,113.43323718226804,0.07396228854039832,2.554024280909255,-1.8155416411866878
1148,11,51.49081134271983,113.7839713086559,15.0,15.0,184.42266142801734,28.99863545662258,44.512821979349695,106.62103444974856,51.49081134271983,113.7839713086559,0.0824382587077559,2.5526311384010048,-1.8365930980798275
1149,11,50.94070362039677,114.14588408779878,15.0,15.0,184.2998871542444,30.412599052726428,43.8644575499371,107.07999832943104,50.94070362039677,114.14588408779878,0.09078701133165867,2.551095384802408,-1.8572168174956867
1150,11,50.40603530263789,114.51880690479749,15.0,15.0,184.16756801589713,31.802795350381988,43.23385211730263,107.55032153450401,50.40603530263789,114.51880690479749,0.09900161784050932,2.549419304852393,-1.877426868013293
1151,11,49.88723179455711,114.90257114475251,15.0,15.0,184.02639163765562,33.16807447017587,42.62127978205112,108.03191314482557,49.88723179455711,114.90257114475251,0.10707551546158633,2.5476051528775994,-1.8972376535982616
1152,11,49.38471850126845,115.29700819276442,15.0,15.0,183.87706447235462,34.50736002641525,42.02702108448099,108.52469036775065,49.38471850126845,115.29700819276442,0.11500250477726226,2.5456551478996365,-1.916663906266271
1153,11,48.89892082788594,115.70194943393408,15.0,15.0,183.72030773432456,35.81964836482146,41.45136312697102,109.02857815012685,48.89892082788594,115.70194943393408,0.12277674614881717,2.543571468642431,-1.9357206775142246
1154,11,48.43026417952355,116.1172262533617,15.0,15.0,183.55685347114246,37.1040075078664,40.894599704145435,109.54350881841484,48.43026417952355,116.1172262533617,0.130392755073514,2.541356248461743,-1.9544233286068429
1155,11,47.97917396129539,116.54267003614837,15.0,15.0,183.38744079364747,38.35957583017852,40.35703144350671,110.06942174502603,47.97917396129539,116.54267003614837,0.13784539654745576,2.539011570218417,-1.9727875198127696
1156,11,47.54607557831536,116.97811216739431,15.0,15.0,183.21281228104093,39.585560487881764,39.83896595904642,110.60626303887815,47.54607557831536,116.97811216739431,0.1451298785122106,2.536539461116264,-1.9908291986890814
1157,11,47.131394435697565,117.4233840322004,15.0,15.0,183.03371057486905,40.781235626733334,39.34071802018187,111.15398525809714,47.131394435697565,117.4233840322004,0.15224174446732563,2.5339418875244926,-2.00856458751623
1158,11,46.735555938555926,117.87831701566718,15.0,15.0,182.85087517274178,41.945940394513244,38.86260973821115,111.71254714269294,46.735555938555926,117.87831701566718,0.15917686533365916,2.531220749803586,-2.0260101699872552
1159,11,46.35898549200448,118.34274250289519,15.0,15.0,182.6650394298008,43.079076783315784,38.404970772339425,112.28191336495114,46.35898549200448,118.34274250289519,0.1659314306540114,2.5283778771523355,-2.043182677255444
1160,11,46.002108501157245,118.81649187898516,15.0,15.0,182.4769277732625,44.18010732724288,37.96813855719381,112.8620542951749,46.002108501157245,118.81649187898516,0.17250193921795098,2.5254150224925156,-2.060099073443837
1161,11,45.6653503711283,119.29939652903775,15.0,15.0,182.2872531328476,45.24855268052623,37.55245855361957,113.45294578030139,45.6653503711283,119.29939652903775,0.178885189197046,2.5223338574064558,-2.0767765407180283
1162,11,45.34913650703147,119.79128783815334,15.0,15.0,182.0967145875958,46.28398910036165,37.15828452442838,114.05456893279576,45.34913650703147,119.79128783815334,0.18507826787510218,2.519135967141546,-2.09323246402091
1163,11,45.053892313980924,120.29199719143276,15.0,15.0,181.905995227466,47.286045857755504,36.78597883665421,114.66690992709283,45.053892313980924,120.29199719143276,0.19107854105553757,2.5158228456945397,-2.1094844155643524
1164,11,44.780043197090684,120.8013559739766,15.0,15.0,181.71576022624984,48.254402598506786,36.435912791753566,115.2899598007072,44.780043197090684,120.8013559739766,0.19688364222484767,2.5123958909874613,-2.1255501391685705
1165,11,44.52801456147465,121.31919557088546,15.0,15.0,181.52665512068438,49.18878667511679,36.108466985074045,115.92371425697779,44.52801456147465,121.31919557088546,0.20249146154733677,2.508856400145939,-2.1414475345351933
1166,11,44.298231812246904,121.84534736725993,15.0,15.0,181.33930428923847,50.0889704689684,35.80403169579412,116.56817346623549,44.298231812246904,121.84534736725993,0.2079001347620284,2.505205564889965,-2.1571946415349355
1167,11,44.09112035452142,122.37964274820074,15.0,15.0,181.15430962285964,50.954768720586856,35.5230073084123,117.22334186199416,44.09112035452142,122.37964274820074,0.2131080320480443,2.5014444670463996,-2.172809624585474
1168,11,43.90710559341228,122.9219130988084,15.0,15.0,180.97224937900123,51.786035884213256,35.265804766732714,117.8892279285611,43.90710559341228,122.9219130988084,0.2181137469198462,2.4975740741920154,-2.188310757189741
1169,11,43.74661293403341,123.47198980418352,15.0,15.0,180.79367720948503,52.58266352132432,35.03284606114906,118.56584397624249,43.74661293403341,123.47198980418352,0.22291608520869022,2.4935952354355586,-2.2037164066994355
1170,11,43.61006778149888,124.02970424942674,15.0,15.0,180.61912135218682,53.344577746137965,34.8245647498733,119.2532059000815,43.61006778149888,124.02970424942674,0.2275140541815075,2.4895086773471355,-2.2190450193632913
1171,11,43.49789554092258,124.59488781963863,15.0,15.0,180.44908397613892,54.07173673458258,34.64140651457896,119.95133291781448,43.49789554092258,124.59488781963863,0.23190685184331117,2.485315000043301,-2.2343151057145736
1172,11,43.41052161741871,125.16737189991996,15.0,15.0,180.2840406694151,54.76412830669294,34.48382975073591,120.6602472824616,43.41052161741871,125.16737189991996,0.23609385646418346,2.4810146734364507,-2.2495452263474576
1173,11,43.34837141610113,125.74698787537129,15.0,15.0,180.12444005907673,55.42176759094502,34.352306192691,121.37997396468234,43.34837141610113,125.74698787537129,0.24007461636698357,2.4766080336575875,-2.2647539781275015
1174,11,43.31187034208393,126.33356713109315,15.0,15.0,179.97070355250327,56.044694777669974,34.24732157330462,122.11054029972901,43.31187034208393,126.33356713109315,0.24384884000720497,2.4720952796621596,-2.2799599808773445
1175,11,43.30144380048107,126.92694105218621,15.0,15.0,179.82322518958222,56.632972967400136,34.16937631766814,122.85197559351657,43.30144380048107,126.92694105218621,0.2474163863719112,2.467476470029525,-2.2951818645751043
1176,11,43.317517196406556,127.52694102375106,15.0,15.0,179.6823715954844,57.1866861188076,34.118986270112686,123.60431068200138,43.317517196406556,127.52694102375106,0.25077725572045595,2.462751519967649,-2.3104382570997974
1177,11,43.36051593497444,128.13339843088846,15.0,15.0,179.54848202407632,57.70593709980182,34.09668345335717,124.36757743772736,43.36051593497444,128.13339843088846,0.2539315806857503,2.457920198535865,-2.325747772555365
1178,11,43.43086542129873,128.74614465869888,15.0,15.0,179.42186848241593,58.19084584435824,34.103016858236884,125.14180821705182,43.43086542129873,128.74614465869888,0.2568796177512047,2.4529821260999767,-2.3411290002027174
1179,11,43.52899106049343,129.36501109228305,15.0,15.0,179.30281592722054,58.641547616759425,34.13855326199388,125.92703524121735,43.52899106049343,129.36501109228305,0.2596217391151645,2.4479367720355696,-2.356600494027483
1180,11,43.65531825767253,129.98982911674142,15.0,15.0,179.19158252468014,59.05819138413595,34.203878072592005,126.72328990408151,43.65531825767253,129.98982911674142,0.2621584249516513,2.4427834526972205,-2.3721807629699576
1181,11,43.81027241795004,130.62043011717475,15.0,15.0,179.08839996549878,59.44093829750337,34.29959619593669,127.53060199897305,43.81027241795004,130.62043011717475,0.2644902560735729,2.437521329673228,-2.387888261843043
1182,11,43.994278946440005,131.2566454786837,15.0,15.0,178.99347382757696,59.7899602808914,34.42633292222749,128.3489988567993,43.994278946440005,131.2566454786837,0.2666179070022101,2.432149408347636,-2.403741382963762
1183,11,44.207763248256356,131.89830658636873,15.0,15.0,178.90698397928585,60.10543872765375,34.584734826941855,129.17850438720546,44.207763248256356,131.89830658636873,0.2685421394447609,2.426666536793591,-2.4197584485241554
1184,11,44.451150728513184,132.54524482533054,15.0,15.0,178.82908501682522,60.38756330262577,34.77547068113785,130.01913801428262,44.451150728513184,132.54524482533054,0.2702637961800054,2.421071405024507,-2.435957703728114
1185,11,44.72486679232445,133.19729158066974,15.0,15.0,178.75990672969385,60.63653084845485,34.999232364860916,130.87091349804086,44.72486679232445,133.19729158066974,0.2717837953507176,2.4153625446320888,-2.452357310721814
1186,11,45.0293368448042,133.854278237487,15.0,15.0,178.69955458882978,60.85254439416351,35.25673577644591,131.73383763263095,45.0293368448042,133.854278237487,0.2731031251603102,2.409538328842935,-2.4689753433469637
1187,11,45.364986291066444,134.5160361808829,15.0,15.0,178.64811025249128,61.035812263806704,35.548721729405486,132.60790881210505,45.364986291066444,134.5160361808829,0.2742228389703001,2.4035969730282685,-2.4858297827479987
1188,11,45.73148845747883,135.18169815286177,15.0,15.0,178.6055608804311,61.186799510244775,35.87525510128097,133.4921230500112,45.73148845747883,135.18169815286177,0.2751455924734274,2.3975437142085485,-2.502917429507439
1189,11,46.12179472696733,135.84415255013508,15.0,15.0,178.5712436180652,61.30818784231964,36.230069216624486,134.3765809409682,46.12179472696733,135.84415255013508,0.2758876275128066,2.39144816056448,-2.5200466539238358
1190,11,46.52531931673016,136.49300192145185,15.0,15.0,178.54417824370432,61.40368264040546,36.603292104716076,135.24665686327094,46.52531931673016,136.49300192145185,0.2764714874533103,2.385414929629997,-2.5369269608842124
1191,11,46.93144486290707,137.11781947835584,15.0,15.0,178.5234168321386,61.476791493633144,36.98465062188083,136.08763292889637,46.93144486290707,137.11781947835584,0.2769185439829742,2.3795504448789258,-2.5532672379955064
1192,11,47.329554001637845,137.7081784323912,15.0,15.0,178.50805424731297,61.530809108135664,37.36351234960884,136.88476250467116,47.329554001637845,137.7081784323912,0.27724889514968587,2.373962547700744,-2.568776517140158
1193,11,47.70902936906227,138.25365199510173,15.0,15.0,178.49723085268946,61.568825446884276,37.72891687363639,137.6232913216423,47.70902936906227,138.25365199510173,0.2774814072240135,2.368760336502358,-2.5831638554407164
1194,11,48.059253601319966,138.7438133780313,15.0,15.0,178.49013097845932,61.593744994861815,38.069625613617774,138.28847540759946,48.059253601319966,138.7438133780313,0.2776338262520135,2.3640539424411218,-2.596138222545668
1195,11,48.36960933455081,139.1682357927237,15.0,15.0,178.48597758791755,61.60831612623356,38.37418998814243,138.86559394260178,48.36960933455081,139.1682357927237,0.2777229528333163,2.359954249777359,-2.6074083957600416
1196,11,48.629479204894416,139.5164924507229,15.0,15.0,178.48402346765343,61.61516996459139,38.6310375850299,139.33995584216524,48.629479204894416,139.5164924507229,0.2777648761800129,2.3565725660683734,-2.616682864298307
1197,11,48.82824584849072,139.77815656357276,15.0,15.0,178.4835391199303,61.61686858662028,38.82857598712093,139.6968997877773,48.82824584849072,139.77815656357276,0.27777526633624383,2.354020243680504,-2.6236697430160194
1198,11,48.9552919014793,139.9428013428172,15.0,15.0,178.48379736216245,61.61596293167618,38.9553139783921,139.92178854270543,48.9552919014793,139.9428013428172,0.2777697266089192,2.35240824939241,-2.6280766944438225
1199,11,49.0,140.0,15.0,15.0,178.48405443300067,61.61506136591134,39.0,139.99999970824663,49.0,140.0,0.277764211903055,2.3518466732441863,-2.629610855971903
1200,12,49.00000000000003,140.00000000000003,15.0,15.0,178.48405437781315,61.61506155945987,39.00000000000003,140.00000000000003,49.00000000000003,140.00000000000003,0.27776421308695354,2.35184667135623,-2.6296108844431836
1201,12,48.996998487922795,140.02917600041843,15.0,15.0,178.47577723174166,61.64408063707515,38.997002754760985,140.0384137894119,48.996998487922795,140.02917600041843,0.27794172160471997,2.3516018082605674,-2.630467308896023
1202,12,48.9884607528474,140.11520110406144,15.0,15.0,178.45148322275364,61.72914114641829,38.988527038822724,140.15161147501078,48.9884607528474,140.11520110406144,0.2784620851088555,2.3508797024348826,-2.632982832683685
1203,12,48.9750869965078,140.2558209645103,15.0,15.0,178.41197063752182,61.867129764491736,38.97541267507495,140.33652700688936,48.9750869965078,140.2558209645103,0.2793064047062066,2.3496988679927067,-2.6370759645520545
1204,12,48.957577420638216,140.44878123534676,15.0,15.0,178.3580296686365,62.05479935969204,38.95857591640814,140.59009265882185,48.957577420638216,140.44878123534676,0.28045503875701194,2.348077582973325,-2.6426642344261637
1205,12,48.936632226972776,140.69182757015213,15.0,15.0,178.2904454639671,62.28879804117661,38.938995859130245,140.9092374512347,48.936632226972776,140.69182757015213,0.28188776328672027,2.346033946642043,-2.6496644111222727
1206,12,48.91295161724554,140.9827056225081,15.0,15.0,178.2100011074067,62.56569707804463,38.917701481856966,141.29088532822337,48.91295161724554,140.9827056225081,0.2835839261764801,2.343585936022157,-2.6579927130703362
1207,12,48.88723579319064,141.31916104599583,15.0,15.0,178.11748037720724,62.88201745322992,38.89575929700979,141.73195327734902,48.88723579319064,141.31916104599583,0.2855225938895014,2.340751460153539,-2.6675650092989414
1208,12,48.86018495654218,141.6989394941972,15.0,15.0,178.01367016011514,63.23425484994234,38.874261605658944,142.22934955281693,48.86018495654218,141.6989394941972,0.2876826896618312,2.3375484108209337,-2.6782970083543884
1209,12,48.83249930903432,142.1197866206933,15.0,15.0,177.89936243193785,63.61890290070473,38.85431535174828,142.7799721359536,48.83249930903432,142.1197866206933,0.29004312225398476,2.3339947087320962,-2.6901044332304553
1210,12,48.80487905240126,142.57944807906603,15.0,15.0,177.77535574667039,64.03247456069191,38.83703157796023,143.38070754158707,48.80487905240126,142.57944807906603,0.29258290452500857,2.330108344350613,-2.7029031807752824
1211,12,48.77802438837698,143.07566952289642,15.0,15.0,177.64245620578697,64.47152149821827,38.823515491967584,144.02843005488035,48.77802438837698,143.07566952289642,0.29528126125290655,2.325907412800097,-2.7166094644159937
1212,12,48.75263551869563,143.60619660576643,15.0,15.0,177.501477905873,64.93265142576614,38.8148571580204,144.7200014603506,48.75263551869563,143.60619660576643,0.29811772578445694,2.321410142454493,-2.73113993939882
1213,12,48.7294126450914,144.16877498125714,15.0,15.0,177.35324288580517,65.41254332468009,38.812122834277346,145.45227130315436,48.7294126450914,144.16877498125714,0.3010722252521596,2.3166349170129625,-2.74641181008093
1214,12,48.709055969298376,144.76115030295028,15.0,15.0,177.19858061376942,65.9079605452678,38.81634698066145,146.2220777022902,48.709055969298376,144.76115030295028,0.30412515424486175,2.3116002910264855,-2.7623429191276583
1215,12,48.69226569305074,145.38106822442734,15.0,15.0,177.0383270693513,66.41576179116609,38.82852496502909,147.02624871615672,48.69226569305074,145.38106822442734,0.3072574369596748,2.30632499899649,-2.778851818763052
1216,12,48.679742018082436,146.0262743992696,15.0,15.0,176.8733234867375,66.93291002204708,38.849606496908734,147.8616042430195,48.679742018082436,146.0262743992696,0.31045057799417,2.3008279583029467,-2.7958578244901604
1217,12,48.67218514612772,146.6945144810587,15.0,15.0,176.70441483190498,67.45647933164389,38.880489817899814,148.7249584224567,48.67218514612772,146.6945144810587,0.3136867020575498,2.2951282663401193,-2.813281051937957
1218,12,48.670295278920754,147.38353412337617,15.0,15.0,176.5324480898477,67.98365987831215,38.92201667598991,149.61312248889135,48.670295278920754,147.38353412337617,0.31694858298582873,2.2892451923423534,-2.831042437702309
1219,12,48.674772618195604,148.09107897980346,15.0,15.0,176.35827043780708,68.51176096261005,38.974968107612625,150.5229080150101,48.674772618195604,148.09107897980346,0.3202196625375573,2.283198164469747,-2.849063745227374
1220,12,48.686317365686286,148.81489470392196,15.0,15.0,176.1827273776119,69.03821236046241,39.040061046332085,151.451130471322,48.686317365686286,148.81489470392196,0.3234840595222288,2.277006752794455,-2.8672675569203054
1221,12,48.70562972312717,149.55272694931332,15.0,15.0,176.00666089510327,69.56056403126001,39.11794577078385,152.39461301845444,48.70562972312717,149.55272694931332,0.32672656987265536,2.270690648882858,-2.8855772538058058
1222,12,48.733409892252155,150.30232136955888,15.0,15.0,175.83090770775163,70.07648432771171,39.20920419714528,153.35019044110604,48.733409892252155,150.30232136955888,0.32993265831511054,2.2642696427073674,-2.9039169841080654
1223,12,48.77035807479545,151.06142361824024,15.0,15.0,175.6562976534687,70.5837568384872,39.314349013226206,154.31471312695604,48.77035807479545,151.06142361824024,0.3330884423172309,2.2577635976446215,-2.922211622196868
1224,12,48.81717447249117,151.82777934893878,15.0,15.0,175.48365226474579,71.08027599582721,39.43382364254657,155.28505099030255,48.81717447249117,151.82777934893878,0.3361806690042497,2.2511924243250725,-2.940386719353406
1225,12,48.87455928707344,152.5991342152361,15.0,15.0,175.31378356304182,71.56404157856987,39.56800301784469,156.2580972387824,48.87455928707344,152.5991342152361,0.3391966857301041,2.2445760540930744,-2.958368447801478
1226,12,48.943212720276385,153.37323387071356,15.0,15.0,175.14749309914865,72.03315223673104,39.71719513465618,157.23077188216942,48.943212720276385,153.37323387071356,0.3421244049725898,2.2379344128175007,-2.9760835394132608
1227,12,49.02383497383407,154.14782396895274,15.0,15.0,174.98557125638274,72.48579815718733,39.88164334727003,158.20002488489735,49.02383497383407,154.14782396895274,0.34495226419247205,2.2312873957615347,-2.99345922043821
1228,12,49.117126249480755,154.92065016353516,15.0,15.0,174.82879682511333,72.92025298146277,40.06152936183139,159.16283886848396,49.117126249480755,154.92065016353516,0.34766918125678403,2.224654844177529,-3.0104231435212196
1229,12,49.22378674895047,155.68945810804223,15.0,15.0,174.67793684950263,73.33486507643822,40.256976874936896,160.1162312763097,49.22378674895047,155.68945810804223,0.35026450597799674,2.218056524239711,-3.0269033181744947
1230,12,49.34447874270637,156.45207330497348,15.0,15.0,174.53371241203507,73.72814149991541,40.46803793935766,161.05737445306858,49.34447874270637,156.45207330497348,0.3527285527971189,2.211511335772825,-3.042832210136726
1231,12,49.479377692652115,157.20734603495484,15.0,15.0,174.39639533687085,74.09982363435594,40.69449896689551,161.98499250301305,49.479377692652115,157.20734603495484,0.3550593579305421,2.2050281598727812,-3.058195917932906
1232,12,49.62832174864246,157.9548366524243,15.0,15.0,174.26595262736902,74.4504527627557,40.935996511881,162.89887164202133,49.62832174864246,157.9548366524243,0.3572599880905738,2.198608938035077,-3.0730173849757088
1233,12,49.79114229577802,158.69411975226782,15.0,15.0,174.14234887558717,74.78053859209453,41.192186311867545,163.79881915446285,49.79114229577802,158.69411975226782,0.3593333367409306,2.1922554289585423,-3.087319975839377
1234,12,49.96767071915938,159.42476992937134,15.0,15.0,174.02555275040896,75.09054478390838,41.46274551113311,164.6846413352024,49.96767071915938,159.42476992937134,0.3612820317043621,2.185969355774948,-3.101126753890128
1235,12,50.157738403887095,160.14636177862099,15.0,15.0,173.91553724097412,75.3808912108174,41.74737159057176,165.55614274142198,50.157738403887095,160.14636177862099,0.36310844769988826,2.1797524142628686,-3.1144605020372524
1236,12,50.361176735062,160.85846989490256,15.0,15.0,173.8122798176446,75.65195610301582,42.045781331629854,166.41312553540624,50.361176735062,160.85846989490256,0.36481471836226764,2.1736062801121836,-3.1273437420170866
1237,12,50.57781709778449,161.5606688731022,15.0,15.0,173.71576252162035,75.90407808333208,42.35770981697746,167.25538890941857,50.57781709778449,161.5606688731022,0.36640274772480597,2.1675326153233088,-3.1397987522750483
1238,12,50.8074908771553,162.25253330810577,15.0,15.0,173.6259719929655,76.13755809064443,42.68290946997041,168.08272858425437,50.8074908771553,162.25253330810577,0.36787422115417545,2.16153307381974,-3.151847584513002
1239,12,51.05002945827506,162.93363779479947,15.0,15.0,173.54289944558403,76.3526611923838,43.02114913438987,168.8949363735262,51.05002945827506,162.93363779479947,0.36923061573214744,2.1556093063471273,-3.1635120789700664
1240,12,51.30526422624434,163.603556928069,15.0,15.0,173.46654059659804,76.54961828757959,43.37221319545813,169.69179980618594,51.30526422624434,163.603556928069,0.37047321008408285,2.1497629647270227,-3.1748138785048514
1241,12,51.57302656616369,164.2618653028006,15.0,15.0,173.39689555660436,76.72862770247019,43.73590074269572,170.47310180024067,51.57302656616369,164.2618653028006,0.3716030936580266,2.1439957055285372,-3.1857744415462097
1242,12,51.853147863133884,164.90813751388015,15.0,15.0,173.3339686864179,76.88985668111076,44.11202477481149,171.23862038104295,51.853147863133884,164.90813751388015,0.3726211754613258,2.138309193216581,-3.196415053978095
1243,12,52.14545950225549,165.54194815619368,15.0,15.0,173.2777684251328,77.0334427737171,44.50041144649083,171.98812843796125,52.14545950225549,165.54194815619368,0.3735281922641298,2.1327051028309576,-3.206756840022158
1244,12,52.4497928686291,166.1628718246272,15.0,15.0,173.2283070936438,77.15949512568096,44.90089935666862,172.721393513627,52.4497928686291,166.1628718246272,0.37432471628088204,2.1271851222465243,-3.2168207721793953
1245,12,52.76597934735525,166.77048311406648,15.0,15.0,173.18560067715376,77.26809567031943,45.31333887762871,173.4381776203403,52.76597934735525,166.77048311406648,0.37501116234223963,2.121750954060783,-3.226627680289663
1246,12,53.09385032353475,167.36435661939782,15.0,15.0,173.14966858964448,77.3593002284793,45.737591524064825,174.13823707857492,53.09385032353475,167.36435661939782,0.3755877945707238,2.116404317151681,-3.236198259765127
1247,12,53.433237182268115,167.94406693550712,15.0,15.0,173.12053342279864,77.4331395181246,46.17352936105479,174.82132237286106,53.433237182268115,167.94406693550712,0.37605473257394917,2.1111469479450795,-3.2455530790509597
1248,12,53.783971308655914,168.5091886572802,15.0,15.0,173.09822068142256,77.48962007700331,46.62103444974858,175.48717802065033,53.783971308655914,168.5091886572802,0.37641195716954967,2.105980601428219,-3.254712586363732
1249,12,54.14588408779882,169.0592963796032,15.0,15.0,173.08275850702523,77.5287251014247,47.07999832943108,176.13554245006287,54.14588408779882,169.0592963796032,0.37665931565596056,2.1009070519426665,-3.2636971157551438
1250,12,54.518806904797444,169.59396469736214,15.0,15.0,173.07417739085744,77.5504152040874,47.550321534503965,176.7661478826974,54.518806904797444,169.59396469736214,0.37679652664307417,2.095928093787556,-3.2725268925459177
1251,12,54.902571144752486,170.11276820544293,15.0,15.0,173.07250987739144,77.55462909379278,48.03191314482554,177.37872021794894,54.902571144752486,170.11276820544293,0.37682318445651863,2.0910455416614884,-3.2812220381719794
1252,12,55.29700819276445,170.61528149873152,15.0,15.0,173.07779025893214,77.54128417975654,48.52469036775068,177.97297891551898,55.29700819276445,170.61528149873152,0.37673876312892496,2.086261230969185,-3.2898025744823784
1253,12,55.70194943393396,171.10107917211408,15.0,15.0,173.09005426178246,77.51027710310264,49.028578150126734,178.548636873029,55.70194943393396,171.10107917211408,0.37654261999108307,2.081577018016933,-3.298288427525889
1254,12,56.11722625336172,171.56973582047638,15.0,15.0,173.10933872413833,77.4614841979895,49.543508818414864,179.1054002958545,56.11722625336172,171.56973582047638,0.3762339988753681,2.0769947801189437,-3.306699430860794
1255,12,56.542670036148316,172.02082603870457,15.0,15.0,173.13568126565684,77.39476188468538,50.06942174502599,179.64296855649326,56.542670036148316,172.02082603870457,0.37581203294328,2.072516415634985,-3.3150553284200583
1256,12,56.978112167394286,172.45392442168463,15.0,15.0,173.16911994842562,77.30994699677214,50.606263038878126,180.16103404095358,56.978112167394286,172.45392442168463,0.37527574714834466,2.068143843958079,-3.323375776961927
1257,12,57.42338403220039,172.86860556430247,15.0,15.0,173.20969292885124,77.20685704453007,51.15398525809712,180.65928197981816,57.42338403220039,172.86860556430247,0.3746240603450721,2.0638790054695626,-3.3316803481339434
1258,12,57.87831701566715,173.26444406144415,15.0,15.0,173.25743809978565,77.08529041643051,51.71254714269291,181.13739026178894,57.87831701566715,173.26444406144415,0.37385578705409916,2.0597238614774707,-3.3399885301764765
1259,12,58.342742502895206,173.64101450799552,15.0,15.0,173.3123927220139,76.94502652054354,52.28191336495115,181.59502922766058,58.342742502895206,173.64101450799552,0.37296963889308055,2.055680394152999,-3.348319729290073
1260,12,58.81649187898514,173.99789149884276,15.0,15.0,173.37459304403276,76.78582586756458,52.86205429517487,182.0318614428062,58.81649187898514,173.99789149884276,0.3719642256824106,2.0517506064786293,-3.3566932706893065
1261,12,59.29939652903766,174.33464962887174,15.0,15.0,173.44407390885812,76.60743009706138,53.45294578030129,182.44754144638046,59.29939652903766,174.33464962887174,0.3708380562343496,2.04793652222051,-3.3651283993642824
1262,12,59.79128783815333,174.6508634929685,15.0,15.0,173.52086834640397,76.40956194846254,54.054568932795746,182.8417154755716,59.79128783815333,174.6508634929685,0.36958953883373125,2.0442401859366757,-3.3736442805695654
1263,12,60.29199719143274,174.94610768601905,15.0,15.0,173.6050071497794,76.1919251782327,54.66690992709282,183.21402116334576,60.29199719143274,174.94610768601905,0.3682169814180243,2.040663663031835,-3.382260000059031
1264,12,60.80135597397659,175.21995680290937,15.0,15.0,173.69651843364665,75.95420442462728,55.28995980070718,183.5640872082465,60.80135597397659,175.21995680290937,0.366718591464233,2.03720903986858,-3.3909945640839707
1265,12,61.31919557088552,175.4719854385254,15.0,15.0,173.79542717257542,75.69606502137762,55.92371425697786,183.891533014926,61.31919557088552,175.4719854385254,0.3650924755898628,2.0338784239440875,-3.399866899170765
1266,12,61.84534736725999,175.70176818775315,15.0,15.0,173.9017547171112,75.41715276163734,56.56817346623555,184.19596830420593,61.84534736725999,175.70176818775315,0.36333663887500767,2.0306739441406085,-3.4088958516934547
1267,12,62.37964274820075,175.90887964547858,15.0,15.0,174.01551828505126,75.11709361351836,57.22334186199417,184.4769926915877,62.37964274820075,175.90887964547858,0.36144898391252733,2.027597751057274,-3.4181001872557277
1268,12,62.921913098808346,176.09289440658776,15.0,15.0,174.13673042518403,74.79549338856826,57.88922792856104,184.73419523326731,62.921913098808346,176.09289440658776,0.3594273095932813,2.024652017430007,-3.427498589896064
1269,12,63.47198980418346,176.25338706596662,15.0,15.0,174.2653984505038,74.45193736458268,58.56584397624242,184.96715393885097,63.47198980418346,176.25338706596662,0.35726930963347336,2.021838938645555,-3.437109661129111
1270,12,64.02970424942669,176.38993221850114,15.0,15.0,174.4015238376512,74.08598986422002,59.25320590008144,185.17543525012672,64.02970424942669,176.38993221850114,0.35497257085136014,2.0191607333548607,-3.4469519188357656
1271,12,64.59488781963864,176.50210445907734,15.0,15.0,174.54510158906075,73.69719379098358,59.9513329178145,185.35859348542095,64.59488781963864,176.50210445907734,0.3525345712008686,2.0166196441901745,-3.457043796013901
1272,12,65.16737189991997,176.58947838258135,15.0,15.0,174.6961195540114,73.28507012426854,60.66024728246161,185.51617024926415,65.16737189991997,176.58947838258135,0.3499526775700984,2.0142179385894012,-3.467403639401219
1273,12,65.74698787537125,176.6516285838989,15.0,15.0,174.85455770447922,72.84911737533531,61.37997396468229,185.64769380730903,65.74698787537125,176.6516285838989,0.34722414335321183,2.01195790973023,-3.4780497079812687
1274,12,66.33356713109306,176.68812965791605,15.0,15.0,175.02038736137976,72.38881100627515,62.11054029972891,185.75267842669535,66.33356713109306,176.68812965791605,0.34434610580491287,2.0098418775755267,-3.4890001713833154
1275,12,66.92694105218621,176.69855619951898,15.0,15.0,175.19357036646417,71.90360281427434,62.851975593516556,185.83062368233192,66.92694105218621,176.69855619951898,0.34131558318750466,2.0078721900303256,-3.5002731081863945
1276,12,67.52694102375109,176.68248280359344,15.0,15.0,175.37405819479642,71.39292028377366,63.60431068200141,185.88101372988731,67.52694102375109,176.68248280359344,0.338129471721511,2.0060512242094624,-3.5118865041375624
1277,12,68.13339843088843,176.63948406502553,15.0,15.0,175.5617910023911,70.85616590945429,64.36757743772733,185.9033165466428,68.13339843088843,176.63948406502553,0.334784542351961,2.0043813878134507,-3.523858250294057
1278,12,68.74614465869885,176.56913457870124,15.0,15.0,175.75669660323265,70.2927164933701,65.14180821705179,185.8969831417631,68.74614465869885,176.56913457870124,0.33127743734373594,2.0028651206086376,-3.536206141098806
1279,12,69.36501109228298,176.47100893950656,15.0,15.0,175.95868936953082,69.70192241999257,65.92703524121728,185.86144673800612,69.36501109228298,176.47100893950656,0.3276046667208624,2.001504896005864,-3.548947872398372
1280,12,69.98982911674143,176.3446817423275,15.0,15.0,176.16766904869368,69.08310691344151,66.7232899040815,185.79612192740802,69.98982911674143,176.3446817423275,0.32376260456629613,2.000303222729895,-3.562101039412173
1281,12,70.62043011717479,176.18972758204998,15.0,15.0,176.38351949012593,68.43556528174982,67.5306019989731,185.70040380406334,70.62043011717479,176.18972758204998,0.3197474852006119,1.9992626465696697,-3.5756831346614195
1282,12,71.25664547868362,176.00572105356002,15.0,15.0,176.6061072745843,67.75856415365706,68.34899885679921,185.57366707777254,71.25664547868362,176.00572105356002,0.3155553992600877,1.9983857521969703,-3.58971154586587
1283,12,71.89830658636866,175.79223675174367,15.0,15.0,176.83528023845514,67.05134071415151,69.17850438720538,185.41526517305817,71.89830658636866,175.79223675174367,0.31118228969696404,1.9976751650384004,-3.604203553816064
1284,12,72.54524482533051,175.54884927148683,15.0,15.0,177.0708658849617,66.31310194578728,70.01913801428256,185.22452931886215,72.54524482533051,175.54884927148683,0.3066239477271736,1.9971335531825551,-3.6191763302282265
1285,12,73.19729158066984,175.2751332076756,15.0,15.0,177.31266967397062,65.54302388370233,70.87091349804095,185.00076763513914,73.19729158066984,175.2751332076756,0.30187600875359677,1.9967636293009652,-3.6346469355884654
1286,12,73.85427823748702,174.9706631551958,15.0,15.0,177.56047318175584,64.74025089325187,71.73383763263095,184.7432642235541,73.85427823748702,174.9706631551958,0.2969339482958737,1.9965681525577879,-3.650632316992276
1287,12,74.51603618088296,174.6350137089336,15.0,15.0,177.81403212180132,63.90389498026763,72.60790881210507,184.45127827059454,74.51603618088296,174.6350137089336,0.2917930779610547,1.9965499304792333,-3.6671493059846147
1288,12,75.18169815286177,174.2685115425211,15.0,15.0,178.0727081794473,63.034277833863854,73.49212305001117,184.12474489871897,75.18169815286177,174.2685115425211,0.28645616194223245,1.996709373002244,-3.684189984564836
1289,12,75.84415255013505,173.8782052730327,15.0,15.0,178.33263243231272,62.14288050947914,74.37658094096818,183.76993078337554,75.84415255013505,173.8782052730327,0.28099427148001876,1.997025097941311,-3.7015265620627753
1290,12,76.4930019214518,173.47468068326984,15.0,15.0,178.58846167388214,61.24732648675804,75.2466568632709,183.39670789528392,76.4930019214518,173.47468068326984,0.27551556852219705,1.9974643852627836,-3.7188168243807818
1291,12,77.1178194783559,173.06855513709286,15.0,15.0,178.83515259266653,60.36565633756082,76.08763292889641,183.01534937811908,77.1178194783559,173.06855513709286,0.2701300802444969,1.9979945939139754,-3.7357192500869747
1292,12,77.70817843239125,172.6704459983621,15.0,15.0,179.06798097440029,59.516262410312784,76.88476250467122,182.6364876503911,77.70817843239125,172.6704459983621,0.2649493305628198,1.998583242118372,-3.7518939737658163
1293,12,78.25365199510179,172.29097063093775,15.0,15.0,179.2825278552521,58.717857238070515,77.62329132164236,182.27108312636364,78.25365199510179,172.29097063093775,0.2600862127831667,1.9991979809531346,-3.7670026322455428
1294,12,78.74381337803132,171.94074639868,15.0,15.0,179.47464635734198,57.98942550938881,78.2884754075995,181.9303743863822,78.74381337803132,171.94074639868,0.2556547929160329,1.9998065633074478,-3.78070813687091
1295,12,79.16823579272369,171.63039066544926,15.0,15.0,179.64040771778818,57.35016111563777,78.8655939426018,181.62581001185762,79.16823579272369,171.63039066544926,0.25177005059327795,2.000376806908906,-3.792674377446447
1296,12,79.51649245072292,171.37052079510556,15.0,15.0,179.7760255367141,56.81939033898207,79.33995584216527,181.36896241497007,79.51649245072292,171.37052079510556,0.2485475621940254,2.0008765498401138,-3.802565860878956
1297,12,79.7781565635728,171.17175415150933,15.0,15.0,179.87775791400472,56.41648156532438,79.69689978777734,181.17142401287913,79.7781565635728,171.17175415150933,0.2461031274976213,2.00127359698993,-3.810047284281719
1298,12,79.94280134281713,171.04470809852063,15.0,15.0,179.9417879154991,56.1607409947697,79.92178854270534,181.04468602160784,79.94280134281713,171.04470809852063,0.24455233693632905,2.001535656193717,-3.814783038367436
1299,12,79.99999999999996,170.99999999999997,15.0,15.0,179.96408371591963,56.07129269656677,79.99999970824658,180.99999999999997,79.99999999999996,170.99999999999997,0.24401007137695163,2.0016302633685785,-3.8164366323650887
1300,13,79.99999999999999,171.00000000000003,15.0,15.0,179.96408376438686,56.07129250189674,79.99999999999999,181.00000000000003,79.99999999999999,171.00000000000003,0.24401007019687637,2.0016302626012537,-3.816436659593027
1301,13,80.02944056760164,171.00273504169203,15.0,15.0,179.96381545307275,56.07237016735896,80.00175510964677,181.00269671738948,80.02944056760164,171.00273504169203,0.2440166029300267,2.0016075333677965,-3.813651913760474
1302,13,80.11621160619731,171.01051248758026,15.0,15.0,179.96320285108789,56.07483055486451,80.007091748318,181.0099171126875,80.11621160619731,171.01051248758026,0.2440315176679475,2.001544999068761,-3.805460641181104
1303,13,80.25798711947292,171.02269081888306,15.0,15.0,179.96265943600028,56.077012936704556,80.01613103850713,181.01976567286408,80.25798711947292,171.02269081888306,0.2440447471966961,2.001455070419361,-3.792108177823907
1304,13,80.45244111111447,171.0386285168187,15.0,15.0,179.96274858057475,56.07665493613229,80.02903922236924,181.02966103806529,80.45244111111447,171.0386285168187,0.2440425770057162,2.0013546455176034,-3.7738406997440563
1305,13,80.6972475848079,171.0576840626055,15.0,15.0,179.96416474002643,56.070967259433004,80.04607007704571,181.03645993208892,80.6972475848079,171.0576840626055,0.244008098601748,2.0012641656229175,-3.7509047321754423
1306,13,80.99008054423935,171.07921593746187,15.0,15.0,179.96771593853876,56.056701012399756,80.06761384064254,181.03657779594403,80.99008054423935,171.07921593746187,0.24392161864718875,2.001206673595979,-3.7235466171088585
1307,13,81.32861399309479,171.10258262260612,15.0,15.0,179.97430623485505,56.0302118240726,80.09424741210469,181.0261071549351,81.32861399309479,171.10258262260612,0.24376104990183312,2.0012068805996077,-3.6920119709346415
1308,13,81.71052193506014,171.12714259925644,15.0,15.0,179.98491704358315,55.98752429852272,80.12678125622412,181.0009344474878,81.71052193506014,171.12714259925644,0.24350230565527087,2.0012902470913856,-3.6565451598676835
1309,13,82.13347837382138,171.15225434863123,15.0,15.0,180.0005864319823,55.924399532576395,80.16629908272478,180.9568555968555,82.13347837382138,171.15225434863123,0.24311971451407544,2.001482085724728,-3.6173888176356948
1310,13,82.59515731306456,171.17727635194882,15.0,15.0,180.0223857930413,55.83640761835739,80.2141870001066,180.88969007711586,82.59515731306456,171.17727635194882,0.24258646731894418,2.0018066960229115,-3.5747834270703702
1311,13,83.0932327564757,171.20156709042757,15.0,15.0,180.05139360657705,55.719006232062874,80.27214949179735,180.79539266804528,83.0932327564757,171.20156709042757,0.24187510283820746,2.002286543161834,-3.52896698458366
1312,13,83.62537870774074,171.22448504528563,15.0,15.0,180.08866633143342,55.56762562572084,80.34221023892782,180.67016155919362,83.62537870774074,171.22448504528563,0.2409580339083659,2.0029414955090648,-3.480174763847354
1313,13,84.18926917054569,171.2453886977416,15.0,15.0,180.13520681165613,55.377759611840204,80.426696527152,180.5105409956364,84.18926917054569,171.2453886977416,0.23980811103240018,2.003788137392424,-3.4286391921599755
1314,13,84.78257814857655,171.26363652901358,15.0,15.0,180.19193091281068,55.14506148079963,80.52820672153145,180.31351629400174,84.78257814857655,171.26363652901358,0.2383992162370666,2.0048391746443635,-3.374589849848453
1315,13,85.40297964551935,171.27858702032,15.0,15.0,180.25963341368612,54.86544323062373,80.64956106143352,180.07659882779487,85.40297964551935,171.27858702032,0.2367068763384197,2.0061029505867243,-3.3182535995184033
1316,13,86.04814766505999,171.289598652879,15.0,15.0,180.33895444380784,54.535176026273646,80.79373679603952,179.7978985076984,86.04814766505999,171.289598652879,0.23470888175155813,2.0075830891517725,-3.2598548479849123
1317,13,86.71575621088454,171.2960299079092,15.0,15.0,180.43034795808845,54.150989444275595,80.9637894229947,179.47618137784008,86.71575621088454,171.2960299079092,0.2323858946639189,2.0092782797211743,-3.199615939284805
1318,13,87.40347928667893,171.29723926662865,15.0,15.0,180.53405385715274,53.710166799140154,81.16276247597827,179.1109102149498,87.40347928667893,171.29723926662865,0.22972202880984005,2.011182215022382,-3.1377576723475924
1319,13,88.10899089612926,171.29258521025574,15.0,15.0,180.6500753787596,53.21063369026043,81.39358889777719,178.70226644500053,88.10899089612926,171.29258521025574,0.22670538226211423,2.0132836891449304,-3.0744999318033233
1320,13,88.82996504292146,171.2814262200089,15.0,15.0,180.77816329043205,52.651036852268085,81.65898750124177,178.25115226173577,88.82996504292146,171.2814262200089,0.2233285046099973,2.015566857592277,-3.010062415212432
1321,13,89.56407573074151,171.26312077710634,15.0,15.0,180.91780820058813,52.03081044094031,81.96135833296493,177.75917251408822,89.56407573074151,171.26312077710634,0.2195887806351191,2.0180116554970313,-2.94466543495688
1322,13,90.3089969632754,171.23702736276636,15.0,15.0,181.06824197799784,51.35022704656948,82.30268089229256,177.22859668736922,90.3089969632754,171.23702736276636,0.21548871413780923,2.0205943639809623,-2.8785307684264856
1323,13,91.06240274420927,171.20250445820741,15.0,15.0,181.22844883945285,50.61043100594834,82.68441910924201,176.66230209293903,91.06240274420927,171.20250445820741,0.21103609791375144,2.0232883084571895,-2.811882526297774
1324,13,91.82196707722886,171.15891054464777,15.0,15.0,181.3971861551501,49.81345199270418,83.10743674778544,176.063700156569,91.82196707722886,171.15891054464777,0.20624405903118925,2.026064666793692,-2.744948005974689
1325,13,92.58536396602037,171.10560410330567,15.0,15.0,181.57301446202658,48.96219741173245,83.57192648597348,175.4366484107777,92.58536396602037,171.10560410330567,0.2011309724858008,2.0288933600309695,-2.6779584959611293
1326,13,93.3502674142697,171.04194361539948,15.0,15.0,181.75433560685272,48.060422809110094,84.07735535304238,174.7853514084064,93.3502674142697,171.04194361539948,0.19572024094874385,2.031743994100668,-2.6111499973276207
1327,13,94.11435142566282,170.96728756214748,15.0,15.0,181.9394374085875,47.11268032575748,84.62242850762152,174.11425424737982,94.11435142566282,170.96728756214748,0.19003994355222453,2.0345868180149194,-2.5447638306862217
1328,13,94.87529000388578,170.88099442476806,15.0,15.0,182.12654278032528,46.12424614823786,85.20507256020079,173.42793270275018,94.87529000388578,170.88099442476806,0.18412236228541956,2.0373936625148765,-2.479047101234982
1329,13,95.63075715262461,170.78242268447957,15.0,15.0,182.3138609290296,45.101028903034916,85.82243882239936,172.7309840853514,95.63075715262461,170.78242268447957,0.17800340033423256,2.040138823325935,-2.4142530003529252
1330,13,96.37848346353995,170.67095167705835,15.0,15.0,182.49965310141235,44.04937539615146,86.47097100845761,172.02785880445816,96.37848346353995,170.67095167705835,0.1717213955506134,2.042800137723067,-2.3506321231242526
1331,13,97.11721987719056,170.54633677091883,15.0,15.0,182.68253806531283,42.974388786440215,87.14732160556981,171.32166151161366,97.11721987719056,170.54633677091883,0.16530707550430823,2.045364161716189,-2.2882816004645044
1332,13,97.84660230358256,170.40865947526515,15.0,15.0,182.86149512922182,41.8797033648483,87.84871495024774,170.6142038014521,97.84660230358256,170.40865947526515,0.15878225950637992,2.047824624530554,-2.227162764253079
1333,13,98.56629599270741,170.258012112066,15.0,15.0,183.03564208973046,40.768643493439995,88.57245945386117,169.90696904516147,98.56629599270741,170.258012112066,0.15216680676064331,2.0501775365541333,-2.16723282271143
1334,13,99.27596619455655,170.09448700329008,15.0,15.0,183.20422120393815,39.64426848532213,89.31594648599688,169.20117440117207,99.27596619455655,170.09448700329008,0.14547889768187772,2.0524207794655225,-2.1084491765625977
1335,13,99.97527815912134,169.91817647090568,15.0,15.0,183.36659159732284,38.50937757364696,90.07666572493815,168.49779909927736,99.97527815912134,169.91817647090568,0.13873507696211196,2.054553861926701,-2.050769217790257
1336,13,100.66389713639319,169.72917283688165,15.0,15.0,183.52222081182427,37.36651722219494,90.85221680862523,167.79761151357576,100.66389713639319,169.72917283688165,0.1319503104442632,2.056577689570338,-1.9941501564996604
1337,13,101.34148837636354,169.52756842318627,15.0,15.0,183.67067582185993,36.21799042786651,91.64031776584886,167.10119483577515,101.34148837636354,169.52756842318627,0.12513805334059636,2.0584943502765194,-1.938548874412825
1338,13,102.00771712902397,169.31345555178837,15.0,15.0,183.81161380097788,35.065867683942834,92.43881067094452,166.40897122638302,102.00771712902397,169.31345555178837,0.11831032753952786,2.06030691529612,-1.883921803298708
1339,13,102.66224864436553,169.08692654465645,15.0,15.0,183.9447728777933,33.91199929332792,93.24566492671606,165.72122437594055,102.66224864436553,169.08692654465645,0.11147780595148438,2.0620192564117947,-1.8302248264800574
1340,13,103.30474817237996,168.84807372375894,15.0,15.0,184.06996307786522,32.758028743340056,94.05897854109527,165.03812045302007,103.30474817237996,168.84807372375894,0.10464990205244218,2.0636358790264735,-1.7774132014654458
1341,13,103.93488096305857,168.5969894110645,15.0,15.0,184.18705760909262,31.60540687780868,94.87697772417482,164.35972745137647,103.93488096305857,168.5969894110645,0.09783486299082256,2.065161770827369,-1.725441501720173
1342,13,104.55231226639276,168.3337659285417,15.0,15.0,184.29598461265024,30.4554066278857,95.69801509454584,163.68603297659368,104.55231226639276,168.3337659285417,0.09103986482752568,2.0666022654846588,-1.674263575604984
1343,13,105.15670733237394,168.05849559815906,15.0,15.0,184.39671946980872,29.30913808958909,96.5205667478618,163.01696053386144,105.15670733237394,168.05849559815906,0.08427110867767251,2.0679629207023376,-1.6238325205686592
1344,13,105.74773141099355,167.77127074188525,15.0,15.0,184.48927772736891,28.16756376308121,97.34322840663921,162.35238439413823,105.74773141099355,167.77127074188525,0.07753391671362231,2.0692494098384877,-1.5741006707713074
1345,13,106.325049752243,167.4721836816888,15.0,15.0,184.57370868088586,27.03151379544791,98.1647108387139,161.69214312678412,106.325049752243,167.4721836816888,0.07083282716970873,2.0704674262480434,-1.5250195964318625
1346,13,106.88832760611368,167.16132673953814,15.0,15.0,184.6500896352279,25.90170109474392,98.98383470261896,161.03605189357395,106.88832760611368,167.16132673953814,0.06417168765795667,2.071622599467848,-1.4765401133288587
1347,13,107.43723022259707,166.83879223740195,15.0,15.0,184.71852084607127,24.778736207796534,99.79952495145886,160.38391360250665,107.43723022259707,166.83879223740195,0.0575537462590936,2.072720422356792,-1.4286123010315812
1348,13,107.97142285168447,166.50467249724883,15.0,15.0,184.7791211333527,23.66314187730665,100.61080490258085,159.73552902060914,107.97142285168447,166.50467249724883,0.05098173999327715,2.073766188318753,-1.3811855285937304
1349,13,108.49057074336747,166.15905984104734,15.0,15.0,184.83202414812476,22.55536721481927,101.41679005839771,159.0907059435017,108.49057074336747,166.15905984104734,0.04445798039928184,2.074764937769063,-1.3342084865990793
1350,13,108.99433914763732,165.80204659076588,15.0,15.0,184.87737526729035,21.45580144491822,102.21668174395985,158.44926751626787,108.99433914763732,165.80204659076588,0.03798443605901647,2.075721413052913,-1.2876292246043939
1351,13,109.4823933144856,165.43372506837326,15.0,15.0,184.91532908593226,20.364787192363032,103.00976060917212,157.8110597955106,109.4823933144856,165.43372506837326,0.03156281199603672,2.0766400210834197,-1.241395193176013
1352,13,109.95439849390355,165.05418759583793,15.0,15.0,184.9460474740058,19.28263329774639,103.79538002772395,157.17595863665818,109.95439849390355,165.05418759583793,0.025194625952378646,2.077524803035499,-1.1954532898605552
1353,13,110.4100199358827,164.66352649512842,15.0,15.0,184.9696981626518,18.209627158571536,104.57295941070778,156.54387598384133,110.4100199358827,164.66352649512842,0.018881281607917355,2.0783794105069338,-1.1497499085653442
1354,13,110.84892289041444,164.26183408821336,15.0,15.0,184.9864538249575,17.146046601449733,105.34197744035863,155.9147656321559,110.84892289041444,164.26183408821336,0.012624138851082933,2.079207087638312,-1.104230991949064
1355,13,111.27077260749013,163.84920269706126,15.0,15.0,184.9964916163185,16.09217129744093,106.10196521822989,155.28862852398566,111.27077260749013,163.84920269706126,0.0064245812397054625,2.080010658767233,-1.058842086536811
1356,13,111.67523433710129,163.42572464364073,15.0,15.0,184.99999314033815,15.048293736487556,106.8524993122756,154.66551763236984,111.67523433710129,163.42572464364073,0.00028408080668895774,2.080792521278099,-1.0135284003755567
1357,13,112.06197332923934,162.99149224992033,15.0,15.0,184.99714480717205,14.014729778498229,107.59319467862993,154.04554247519783,112.06197332923934,162.99149224992033,-0.005795739632309949,2.081554643395852,-0.9682348631355673
1358,13,112.4306548338956,162.54659783786866,15.0,15.0,184.98813855214593,12.991828798024358,108.3236974262652,153.42887329432656,112.4306548338956,162.54659783786866,-0.011813046522380466,2.0822985667592855,-0.9229061886402123
1359,13,112.78094410106146,162.0911337294542,15.0,15.0,184.97317288312746,11.979983436724417,109.04367738609554,152.81574492352226,112.78094410106146,162.0911337294542,-0.01776573783993407,2.083025413696333,-0.8774869398706799
1360,13,113.11250638072848,161.62519224664558,15.0,15.0,184.95245422532966,10.979638973024349,109.75282044043486,152.20646035840323,113.11250638072848,161.62519224664558,-0.023651387500855492,2.0837358992092483,-0.8319215965430067
1361,13,113.42500692288799,161.14886571141133,15.0,15.0,184.92619853179377,9.991302311637103,110.45082056399703,151.6013940302495,113.42500692288799,161.14886571141133,-0.02946719186286051,2.084430347761292,-0.7861546253924021
1362,13,113.71811097753137,160.66224644572003,15.0,15.0,184.89463312660328,9.015550586989864,111.1373715238655,151.00099477358705,113.71811097753137,160.66224644572003,-0.03520991833599496,2.0851087150376,-0.7401305533236235
1363,13,113.99148379465011,160.16542677154024,15.0,15.0,184.85799874578973,8.05303936420461,111.8121581831018,150.40578846477652,113.99148379465011,160.16542677154024,-0.0408758561833823,2.0857706149307287,-0.6937940435957692
1364,13,114.24479062423563,159.65849901084056,15.0,15.0,184.81655173781272,7.104510409177947,112.47484735100397,149.8163802953636,114.24479062423563,159.65849901084056,-0.04646076967301882,2.086415352074915,-0.6470899752047474
1365,13,114.4776967162793,159.14155548558952,15.0,15.0,184.77056638135915,6.17079898560891,113.12507812259014,149.23345662960276,114.4776967162793,159.14155548558952,-0.051959853830228275,2.087041960321487,-0.5999635256062272
1366,13,114.68986732077254,158.61468851775572,15.0,15.0,184.72033727297725,5.252840621655592,113.76245165083897,148.65778638028536,114.68986732077254,158.61468851775572,-0.05736769313874068,2.08764924760972,-0.5523602568854211
1367,13,114.88096768770676,158.07799042930765,15.0,15.0,184.66618173074158,4.351677272407143,114.38652029778254,148.0902218207246,114.88096768770676,158.07799042930765,-0.06267822364554299,2.088235847741433,-0.504226205426827
1368,13,115.05066306707343,157.53155354221403,15.0,15.0,184.6084421527979,3.468462786730914,114.99677611498188,147.53169873344834,115.05066306707343,157.53155354221403,-0.06788469903960115,2.08880027961189,-0.45550797506640883
1369,13,115.19861870886392,156.97547017844326,15.0,15.0,184.54748826137313,2.6044675685334315,115.59263861052955,146.98323577781537,115.19861870886392,156.97547017844326,-0.07297966139588219,2.0893410144821836,-0.4061528336199589
1370,13,115.32449986306966,156.40983265996397,15.0,15.0,184.4837191538507,1.7610823033506815,116.17344176888484,146.44593293944536,115.32449986306966,156.40983265996397,-0.07795491740199989,2.0898565518967858,-0.35610881257400173
1371,13,115.4279717796821,155.83473330874472,15.0,15.0,184.41756507307974,0.9398206018274884,116.73842030196735,145.92096890411818,115.4279717796821,155.83473330874472,-0.0828015210128763,2.0903455048517676,-0.30532480959935326
1372,13,115.5086997086926,155.25026444675407,15.0,15.0,184.3494887995846,0.14232039249164252,117.28669512548662,145.40959717782056,115.5086997086926,155.25026444675407,-0.08750976360612661,2.0908066948012176,-0.2537506934021512
1373,13,115.5663489000926,154.6565183959607,15.0,15.0,184.27998655925538,-0.6296561222030022,117.81725807398651,144.91314075312653,115.5663489000926,154.6565183959607,-0.09206917283381899,2.0912392570484077,-0.2013374102632668
1374,13,115.60058460387351,154.05358747833301,15.0,15.0,184.20958833203042,-1.3742241497054017,118.32895589209954,144.43298510043672,115.60058460387351,154.05358747833301,-0.09646852148058516,2.091642757000603,-0.1480370914349991
1375,13,115.61107207002678,153.44156401583962,15.0,15.0,184.1388574407595,-2.0893798493227678,118.82047356864551,143.970569241231,115.61107207002678,153.44156401583962,-0.1006958477387595,2.092017317668288,-0.093803160365165
1376,13,115.59747654854374,152.82054033044918,15.0,15.0,184.06838929569759,-2.7730059629330484,119.29031711510503,143.5273746400098,115.59747654854374,152.82054033044918,-0.10473848839278521,2.092363758657005,-0.03859043850453059
1377,13,115.55946328941586,152.19060874413015,15.0,15.0,183.99880916987556,-3.4228797739110384,119.73679593130184,143.10491163278894,115.55946328941586,152.19060874413015,-0.1085831264613839,2.0926837467288477,0.017644751773867817
1378,13,115.49669754263458,151.5518615788511,15.0,15.0,183.9307688849506,-4.036683638160547,120.15800494947754,142.70470309383958,115.49669754263458,151.5518615788511,-0.11221585487045804,2.092979957796882,0.07494448885319915
1379,13,115.40884455819132,150.9043911565806,15.0,15.0,183.86494229712181,-4.6120183303430835,120.55180680394804,142.32826503001735,115.40884455819132,150.9043911565806,-0.11562225771577894,2.093256249955461,0.13334916010521658
1380,13,115.29556958607746,150.24828979928733,15.0,15.0,183.80201948936156,-5.146419441508751,120.9158143377235,141.9770837849509,115.29556958607746,150.24828979928733,-0.11878751061565174,2.0935178468388678,0.19289737888427405
1381,13,115.1565378762844,149.58364982893977,15.0,15.0,183.74269960052,-5.637377050600676,121.24737383026923,141.65258953528132,115.1565378762844,149.58364982893977,-0.12169650154402034,2.0937715302368214,0.2536259127449312
1382,13,114.99141467880364,148.91056356750644,15.0,15.0,183.6876822546127,-6.082358871028237,121.54354941222171,141.35612577008322,114.99141467880364,148.91056356750644,-0.12433397336875895,2.0940258404754815,0.3155696255992373
1383,13,114.79986524362647,148.22912333695592,15.0,15.0,183.63765759530222,-6.478837044160759,121.80110922334487,141.08891446490907,114.79986524362647,148.22912333695592,-0.12668468909462283,2.0942912825949964,0.3787614367821299
1384,13,114.58155482074446,147.5394214592569,15.0,15.0,183.59329498137694,-6.824318713820524,122.01651396897427,140.85201669626,114.58155482074446,147.5394214592569,-0.12873362052369586,2.0945805358185874,0.4432323002428098
1385,13,114.33614866014887,146.8415502563778,15.0,15.0,183.55523045852374,-7.116380469551299,122.18590863687561,140.6462884937257,114.33614866014887,146.8415502563778,-0.13046616069893757,2.094908663214307,0.5090112073265147
1386,13,114.06416678451026,146.13662130004485,15.0,15.0,183.52404705734466,-7.352752926963792,122.30529198071315,140.47236005072824,114.06416678451026,146.13662130004485,-0.1318686344458282,2.0952923754210184,0.576006188241458
1387,13,113.77072816637396,145.43123005104684,15.0,15.0,183.5001378891442,-7.532277544433558,122.37191861176723,140.33029651667536,113.77072816637396,145.43123005104684,-0.1329339858865186,2.095745352384219,0.6434879648246956
1388,13,113.46249171988234,144.7338082304294,15.0,15.0,183.48352083996488,-7.656195739115617,122.38515693605046,140.2187173741804,113.46249171988234,144.7338082304294,-0.13366944106890843,2.0962789030083036,0.7105272802318812
1389,13,113.1461174655352,144.0527888784838,15.0,15.0,183.47383411393403,-7.728115164936845,122.34666613993979,140.13489351363393,113.1461174655352,144.0527888784838,-0.13409631659883392,2.0969005731037296,0.7762125756334077
1390,13,112.82826542383265,143.3966050355009,15.0,15.0,183.47038545458167,-7.753663985931443,122.26054346355401,140.07513984956412,112.82826542383265,143.3966050355009,-0.13424796675017558,2.0976114136782096,0.8396508246704544
1391,13,112.51559561527446,142.7736897417718,15.0,15.0,183.47222109001444,-7.740068623407794,122.13333308885305,140.03523654894155,112.51559561527446,142.7736897417718,-0.13416726836266268,2.098403815481145,0.8999671838083625
1392,13,112.2147680603606,142.19247603758748,15.0,15.0,183.47820464476607,-7.695694738789662,121.97388924064315,140.01083587739592,112.2147680603606,142.19247603758748,-0.13390388312274293,2.099260142965605,0.9563036206555249
1393,13,111.93244277959109,141.66139696323907,15.0,15.0,183.48709653142615,-7.629589090610821,121.79309662951835,139.99781478855857,111.93244277959109,141.66139696323907,-0.13351152434217983,2.1001523265254036,1.0078165885049013
1394,13,111.67527979346575,141.18888555901765,15.0,15.0,183.49762604756918,-7.5510535526287725,121.60345983024554,139.9925406433319,111.67527979346575,141.18888555901765,-0.13304541694146954,2.1010424925122395,1.0536738563003043
1395,13,111.44993912248462,140.78337486521406,15.0,15.0,183.50855107357273,-7.469272687052673,121.41857848267358,139.9920283504107,111.44993912248462,140.78337486521406,-0.1325600794638636,2.101884633649295,1.0930506202368147
1396,13,111.26308078714747,140.45329792211942,15.0,15.0,183.5187033726152,-7.393003675535219,121.25252661274811,139.9939809320243,111.26308078714747,140.45329792211942,-0.1321074809917262,2.102627254254698,1.1251250154536807
1397,13,111.1213648079544,140.20708777002494,15.0,15.0,183.52702062417308,-7.330322871368114,121.11915185850216,139.99672120447968,111.1213648079544,140.20708777002494,-0.1317355385579151,2.103216867641759,1.1490731160454652
1398,13,111.03145120540526,140.0531774492214,15.0,15.0,183.5325692596683,-7.288407272282072,121.03130465746959,139.99903931813833,111.03145120540526,140.0531774492214,-0.1314868252732142,2.1036021749932323,1.1640634643152086
1399,13,111.00000000000001,140.00000000000006,15.0,15.0,183.53456490914,-7.273312077167166,120.99999999999997,139.9999991221963,111.00000000000001,140.00000000000006,-0.1313972573885135,2.1037387085556443,1.1692511146422873
1400,14,110.99999999999999,140.0,15.0,15.0,183.5345650320465,-7.273311147175441,120.99999999999999,140.0,110.99999999999999,140.0,-0.13139725187040674,2.1037387038720845,1.1692512015881156
1401,14,111.0057169336826,140.00354506697545,15.0,15.0,183.53316130944836,-7.2839300627931856,121.00571072504732,139.99240178796717,111.0057169336826,140.00354506697545,-0.13146025947857787,2.1037534041893577,1.168185180747571
1402,14,111.02271269924074,140.01408413049217,15.0,15.0,183.52898867014125,-7.315464992229106,121.02261470361837,139.96981334052617,111.02271269924074,140.01408413049217,-0.13164737588631348,2.1037974156091144,1.1650155204091934
1403,14,111.05075474343987,140.03147298443588,15.0,15.0,183.52210572231698,-7.367384355713572,121.05026539341335,139.932544924378,111.05075474343987,140.03147298443588,-0.13195545596044822,2.103871039664626,1.159784102508504
1404,14,111.08961051304539,140.05556742269238,15.0,15.0,183.5125725144432,-7.439093220638782,121.08808513753048,139.88091009096064,111.08961051304539,140.05556742269238,-0.1323809840646677,2.1039751166628964,1.1525318997041412
1405,14,111.13904745482274,140.08622323914742,15.0,15.0,183.50045118758652,-7.5299345223142105,121.13537489069803,139.81522915292584,111.13904745482274,140.08622323914742,-0.13292008073504258,2.1041109686618586,1.1432990390761986
1406,14,111.19883301553752,140.1232962276868,15.0,15.0,183.48580685156347,-7.639189242939938,121.19132383540902,139.73583369429338,111.19883301553752,140.1232962276868,-0.13356850312136437,2.10428033815265,1.1321248638852883
1407,14,111.26873464195502,140.1666421821962,15.0,15.0,183.4687086533828,-7.766075741366048,121.25501894471302,139.64307191519342,111.26873464195502,140.1666421821962,-0.134321640334785,2.1044853231006426,1.119047993879147
1408,14,111.3485197808408,140.21611689656135,15.0,15.0,183.44923100867692,-7.909748418203979,121.32545455417453,139.53731462148838,111.3485197808408,140.21611689656135,-0.1351745047935511,2.1047283089262394,1.1041063846575754
1409,14,111.43795587896028,140.2715761646681,15.0,15.0,183.42745496796215,-8.069295893353257,121.4015420073033,139.41896167787434,111.43795587896028,140.2715761646681,-0.13612172061383065,2.1050118979550634,1.087337386613075
1410,14,111.53681038307886,140.332875780402,15.0,15.0,183.40346968969533,-8.243738866022852,121.48211943705071,139.28844875040647,111.53681038307886,140.332875780402,-0.13715751005181542,2.10533883683478,1.06877780395613
1411,14,111.64485073996202,140.39987153764895,15.0,15.0,183.37737399129443,-8.432027820821816,121.56596174115084,139.1462541709496,111.64485073996202,140.39987153764895,-0.13827567896619197,2.1057119424000907,1.0484639543126812
1412,14,111.76184439637531,140.47241923029472,15.0,15.0,183.3492779476783,-8.633040737394559,121.65179080155104,138.99290576203848,111.76184439637531,140.47241923029472,-0.1394696022362235,2.106134026466173,1.0264317293487726
1413,14,111.88755879908406,140.550374652225,15.0,15.0,183.31930450458185,-8.845580955259742,121.73828598828987,138.82898746630735,111.88755879908406,140.550374652225,-0.1407322100393127,2.1066078200416456,1.002716656835144
1414,14,112.02176139485381,140.63359359732544,15.0,15.0,183.28759107106222,-9.068375339830048,121.8240949762878,138.65514563028373,112.02176139485381,140.63359359732544,-0.14205597586208174,2.1071358974728,0.9773539645140845
1415,14,112.1642196304499,140.72193185948197,15.0,15.0,183.25429105240318,-9.300072889874333,121.90784488996067,138.47209479822095,112.1642196304499,140.72193185948197,-0.1434329070896324,2.1077206010591185,0.9503786460731689
1416,14,112.31470095263784,140.81524523258022,15.0,15.0,183.21957528123357,-9.53924392073609,121.98815377569538,138.28062287805085,112.31470095263784,140.81524523258022,-0.14485453898744804,2.1083639667137444,0.9218255294666955
1417,14,112.47297280818316,140.91338951050602,15.0,15.0,183.18363330132024,-9.78437995123221,122.06364238637647,138.08159554873598,112.47297280818316,140.91338951050602,-0.14631193285797617,2.109067651279471,0.8917293477562742
1418,14,112.63880264385125,141.016220487145,15.0,15.0,183.14667445540852,-10.033894415109764,122.13294624568044,137.87595978652698,112.63880264385125,141.016220487145,-0.14779567911781344,2.1098328621488336,0.8601248125679248
1419,14,112.81195790640761,141.123593956383,15.0,15.0,183.10892872592842,-10.286124309998922,122.19472794311275,137.66474639710714,112.81195790640761,141.123593956383,-0.14929590599995535,2.110660289873948,0.8270466901844835
1420,14,112.9922060426175,141.23536571210565,15.0,15.0,183.07064727562917,-10.539332887744784,122.24768959411405,137.44907145148923,112.9922060426175,141.23536571210565,-0.15080229453715077,2.1115500444858553,0.7925298802096146
1421,14,113.17931449924664,141.35139154819882,15.0,15.0,183.03210263454582,-10.791713479593849,122.29058538338121,137.2301365359578,113.17931449924664,141.35139154819882,-0.15230410042526765,2.112501596272315,0.7566094966533838
1422,14,113.37305072306033,141.47152725854824,15.0,15.0,182.99358848042277,-11.04139453774248,122.32223409419544,137.00922774038514,113.37305072306033,141.47152725854824,-0.1537901832980959,2.113513721785445,0.7193209511994203
1423,14,113.5731821608241,141.59562863703968,15.0,15.0,182.9554189621125,-11.286445961013062,122.34153151240952,136.78771332491618,113.5731821608241,141.59562863703968,-0.15524904386550575,2.114584455864424,0.6807000383203725
1424,14,113.77947625930332,141.72355147755883,15.0,15.0,182.9179275197932,-11.524886756732403,122.34746258115737,136.56704002227028,113.77947625930332,141.72355147755883,-0.15666886927386714,2.1157110504621075,0.6407830218117105
1425,14,113.99170046526343,141.85515157399135,15.0,15.0,182.88146516234275,-11.754694073098573,122.33911317167991,136.3487279516429,113.99170046526343,141.85515157399135,-0.15803758693981707,2.116889941056146,0.5996067222143804
1426,14,114.20962222546999,141.99028472022312,15.0,15.0,182.84639817104133,-11.973813616325216,122.31568132721797,136.13436414024864,114.20962222546999,141.99028472022312,-0.15934292698480268,2.1181167214036583,0.557208604494666
1427,14,114.43300898668844,142.12880671013988,15.0,15.0,182.81310521005872,-12.180171444598408,122.27648783100965,135.9255946696978,114.43300898668844,142.12880671013988,-0.16057249325774492,2.1193861273623886,0.5136268652457008
1428,14,114.66162819568413,142.27057333762735,15.0,15.0,182.78197383792687,-12.371687106373624,122.2209859462973,135.7241154863734,114.66162819568413,142.27057333762735,-0.16171384277650558,2.120692030449396,0.4689005185702446
1429,14,114.8952472992226,142.41544039657123,15.0,15.0,182.7533964303019,-12.546288063874794,122.14877017610674,135.53166193743135,114.8952472992226,142.41544039657123,-0.1627545732461554,2.1220274417397977,0.4230694797002088
1430,14,115.13363374406926,142.56326368085735,15.0,15.0,182.7277655425512,-12.701925314009802,122.05958389356178,135.34999711662,115.13363374406926,142.56326368085735,-0.16368241812456308,2.123384526622238,0.376174645306774
1431,14,115.37655497698962,142.7138989843714,15.0,15.0,182.7054687606831,-12.836590088578554,121.95332569973903,135.18089912638746,115.37655497698962,142.7138989843714,-0.16448534850570817,2.1247546308241247,0.32825796935846885
1432,14,115.6237784447491,142.86720210099918,15.0,15.0,182.68688311033466,-12.94833148402536,121.8300543755668,135.02614738428196,115.6237784447491,142.86720210099918,-0.16515168088144083,2.126128317998278,0.27936253329628036
1433,14,115.87507159411307,143.02302882462627,15.0,15.0,182.6723691152564,-13.035274838624503,121.68999230699333,134.8875081219966,115.87507159411307,143.02302882462627,-0.1656701896273558,2.127495419023724,0.22953260921873486
1434,14,116.13020187184712,143.18123494913866,15.0,15.0,182.66226461814148,-13.095640642567801,121.53352727846257,134.76671924410704,116.13020187184712,143.18123494913866,-0.1660302228432462,2.1288450930177927,0.17881371471025087
1435,14,116.38893672471666,143.34167626842196,15.0,15.0,182.6568784967688,-13.127763734781887,121.3612125484492,134.6654747301493,116.38893672471666,143.34167626842196,-0.16622181996959817,2.1301658998857063,0.12725265790805107
1436,14,116.6510435994871,143.50420857636198,15.0,15.0,182.65648442619522,-13.130112510421355,121.17376514214911,134.58540877776008,116.6510435994871,143.50420857636198,-0.16623582940613812,2.13144588404936,0.0748975713919231
1437,14,116.91628994292397,143.6686876668444,15.0,15.0,182.66131485201743,-13.101307835983068,120.97206232004669,134.52807989575126,116.91628994292397,143.6686876668444,-0.1660640241847664,2.132672668801617,0.02179793350286019
1438,14,117.18444320179258,143.8349693337549,15.0,15.0,182.67155534941264,-13.040141346092664,120.75713620658573,134.49495516387796,117.18444320179258,143.8349693337549,-0.16569921360609996,2.133833560529288,-0.031995424243373094
1439,14,117.45527082285854,144.0029093709794,15.0,15.0,182.68733954671578,-12.945592778548264,120.53016659008438,134.4873948803858,117.45527082285854,144.0029093709794,-0.16513534864543689,2.1349156618410956,-0.08643032487824476
1440,14,117.72854025288726,144.17236357240353,15.0,15.0,182.70874478981077,-12.816845993500475,120.29247193283764,134.50663781897214,117.72854025288726,144.17236357240353,-0.16436761887912932,2.135905992430941,-0.1414532699173474
1441,14,118.00401893864417,144.34318773191308,15.0,15.0,182.73578871395105,-12.65330332001544,120.04549865849515,134.5537873134279,118.00401893864417,144.34318773191308,-0.16339253868438575,2.136791616307001,-0.1970094803896918
1442,14,118.28147432689471,144.51523764339376,15.0,15.0,182.7684268724397,-12.454597879897062,119.79080881169733,134.62979838087307,118.28147432689471,144.51523764339376,-0.16220802053138594,2.137559773829548,-0.25304295558341394
1443,14,118.56067386440434,144.6883691007314,15.0,15.0,182.80655154693224,-12.220603555519837,119.5300662120165,134.73546608319973,118.56067386440434,144.6883691007314,-0.16081343332136644,2.1381980168311063,-0.30949654982784414
1444,14,118.84138499793856,144.86243789781167,15.0,15.0,182.84999183244787,-11.951442296233221,119.2650212498865,134.87141531120744,118.84138499793856,144.86243789781167,-0.1592096439306796,2.1386943449482088,-0.36631206728120635
1445,14,119.12337517426269,145.0372998285203,15.0,15.0,182.89851505241552,-11.647488496925952,118.99749449584789,135.03809215716944,119.12337517426269,145.0372998285203,-0.1573990403983504,2.139037341181018,-0.4234303743026815
1446,14,119.40641184014235,145.21281068674304,15.0,15.0,182.95182951660573,-11.309370232390645,118.72935931554903,135.23575701950531,119.40641184014235,145.21281068674304,-0.15538553553959622,2.1392163046215047,-0.4807915285670652
1447,14,119.69026244234303,145.38882626636578,15.0,15.0,183.0095885893859,-10.93796719146065,118.46252370103413,135.4644795582399,119.69026244234303,145.38882626636578,-0.15317455017273574,2.1392213782581244,-0.5383349236425372
1448,14,119.97469442762987,145.5652023612741,15.0,15.0,183.0713959894658,-10.53440522417112,118.19891154349803,135.7241355924515,119.97469442762987,145.5652023612741,-0.15077297560087344,2.139043669779289,-0.5959994473124492
1449,14,120.25947524276873,145.74179476535383,15.0,15.0,183.13681219745962,-10.100047491512878,117.94044358353362,136.0144060014838,120.25947524276873,145.74179476535383,-0.1481891154783569,2.138675363362313,-0.6537236514978093
1450,14,120.54437233452471,145.91845927249057,15.0,15.0,183.20536180651575,-9.636482288247574,117.68901828166767,136.33477766087424,120.54437233452471,145.91845927249057,-0.14543260769808186,2.1381098205501807,-0.7114459312467509
1451,14,120.82915314966344,146.09505167657034,15.0,15.0,183.27654161618344,-9.14550769184363,117.44649285451591,136.6845464123652,120.82915314966344,146.09505167657034,-0.1425143274401145,2.1373416684846163,-0.7691047099189743
1452,14,121.11358513495038,146.27142777147859,15.0,15.0,183.34982924254618,-8.629113271672846,117.21466472007128,137.06282203562264,121.11358513495038,146.27142777147859,-0.13944627300464751,2.1363668739779245,-0.8266386274246338
1453,14,121.39743573715094,146.44744335110124,15.0,15.0,183.4246919999859,-8.089459168847768,116.99525358952629,137.468535158056,121.39743573715094,146.44744335110124,-0.13624143649304898,2.1351828021629258,-0.8839867281932254
1454,14,121.68047240303059,146.6229542093241,15.0,15.0,183.50059580272438,-7.528852925235711,116.789884432708,137.90044600901058,121.68047240303059,146.6229542093241,-0.13291366178122532,2.1337882587534205,-0.9410886454606868
1455,14,121.96246257935485,146.79781614003272,15.0,15.0,183.57701383787173,-6.949724497268797,116.6000715299018,138.35715489622334,121.96246257935485,146.79781614003272,-0.12947749253368812,2.132183515268378,-0.9978847784795182
1456,14,122.24317371288905,146.97188493711297,15.0,15.0,183.65343477578887,-6.354599933708354,116.42720380485684,138.83711425633385,122.24317371288905,146.97188493711297,-0.12594801322239324,2.130370316911799,-1.0543164593798076
1457,14,122.52237325039863,147.1450163944506,15.0,15.0,183.72937030719996,-5.746074224676512,116.2725316124913,139.3386421079409,122.52237325039863,147.1450163944506,-0.12234068623371441,2.128351873146235,-1.1103261066357748
1458,14,122.79982863864922,147.31706630593132,15.0,15.0,183.80436182817778,-5.126783840982693,116.13715513070495,139.85993671563068,122.79982863864922,147.31706630593132,-0.11867118816684441,2.1261328313403385,-1.1658573624149229
1459,14,123.0753073244061,147.48789046544084,15.0,15.0,183.87798613193755,-4.49937947784786,116.02201447928566,140.39909225693097,123.0753073244061,147.48789046544084,-0.1149552483495545,2.123719234198828,-1.2208552114922435
1460,14,123.3485767544348,147.65734466686496,15.0,15.0,183.94986000810925,-3.8664994962043515,115.92788166073119,140.95411527154488,123.3485767544348,147.65734466686496,-0.11120849242933717,2.1211184619869154,-1.2752660798834978
1461,14,123.61940437550075,147.82528470408946,15.0,15.0,184.01964369348775,-3.230744519257737,115.85535438848845,141.522941663666,123.61940437550075,147.82528470408946,-0.10744629365043568,2.11833916083185,-1.329037911869735
1462,14,123.88755763436946,147.99156637100006,15.0,15.0,184.08704316092803,-2.594653594045525,115.80485183826741,142.10345402376532,123.88755763436946,147.99156637100006,-0.10368363411436154,2.115391158614651,-1.3821202246285056
1463,14,124.15280397780626,148.15604546148248,15.0,15.0,184.15181127300627,-1.960682269922419,115.77661232831687,142.6934990359567,124.15280397780626,148.15604546148248,-0.09993497795963824,2.1122853701501856,-1.4344641402341982
1464,14,124.4149108525767,148.31857776942243,15.0,15.0,184.21374786258193,-1.3311828811800126,115.77069290546478,143.29090474079095,124.4149108525767,148.31857776942243,-0.09621415800330668,2.1090336934902236,-1.4860223953195815
1465,14,124.6736457054462,148.47901908870568,15.0,15.0,184.272698832175,-0.708387252413246,115.78697078588752,143.8934974309129,124.6736457054462,148.47901908870568,-0.09253427697972139,2.105648899270962,-1.536749329184544
1466,14,124.92877598318026,148.63722521321807,15.0,15.0,184.3285543872688,-0.09439197575525604,115.8251465735188,144.49911796816667,124.92877598318026,148.63722521321807,-0.08890762410794462,2.1021445150643783,-1.5866008515800414
1467,14,125.1800691325443,148.79305193684533,15.0,15.0,184.38124653488245,0.5088536585483237,115.88474915520167,145.1056373251133,125.1800691325443,148.79305193684533,-0.08534560733233787,2.098534706684277,-1.6355343917735619
1468,14,125.42729260030379,148.946355053473,15.0,15.0,184.4307459880805,1.0995570602032991,115.96514215054508,145.71097117112905,125.42729260030379,148.946355053473,-0.08185870122402761,2.0948341583468375,-1.6835088308082007
1469,14,125.67021383322412,149.09699035698708,15.0,15.0,184.4770586199188,1.6760891048983684,116.0655317763003,146.3130933428349,125.67021383322412,149.09699035698708,-0.07845641021322869,2.0910579534968856,-1.7304844190966104
1470,14,125.9086002780708,149.24481364127314,15.0,15.0,184.5202216073746,2.236988357499275,116.1849759701876,146.91004806007595,125.9086002780708,149.24481364127314,-0.07514724655045357,2.0872214579907253,-1.7764226816426287
1471,14,126.14221938160921,149.38968070021704,15.0,15.0,184.56029939799126,2.780962883125053,116.32239460765643,147.4999607715336,126.14221938160921,149.38968070021704,-0.07193872217196762,2.0833402071802047,-1.821286313259878
1472,14,126.37083859060493,149.5314473277045,15.0,15.0,184.59737962031068,3.3068898096260657,116.47658063715592,148.0810475377808,126.37083859060493,149.5314473277045,-0.06883735347247988,2.079429798277034,-1.865039066163404
1473,14,126.59422535182337,149.66996931762125,15.0,15.0,184.63156904473388,3.813812829132596,116.64621195514431,148.65162288369325,126.59422535182337,149.66996931762125,-0.06584867786461113,2.075505789197086,-1.9076456322545021
1474,14,126.81214711202992,149.80510246385305,15.0,15.0,184.66298968527232,4.300937842260414,116.82986384122601,149.21010607610881,126.81214711202992,149.80510246385305,-0.06297728092704247,2.0715836048971417,-1.949071522309314
1475,14,127.02437131799009,149.93670256028568,15.0,15.0,184.69177511567227,4.767626956951506,117.02602177634262,149.75502580602736,127.02437131799009,149.93670256028568,-0.06022683290691466,2.06767845202622,-1.989282944127762
1476,14,127.23066541646934,150.0646254008048,15.0,15.0,184.71806705643098,5.213391055692476,117.2330944726778,150.28502327705436,127.23066541646934,150.0646254008048,-0.05760013334163072,2.063805242524656,-2.0282466815108213
1477,14,127.43079685423304,150.18872677929616,15.0,15.0,184.74201227294876,5.637881140995933,117.44942695262321,150.7988537228394,127.43079685423304,150.18872677929616,-0.05509916259489833,2.0599785266199677,-2.065929975720344
1478,14,127.62453307804674,150.30886248964555,15.0,15.0,184.7637598099958,6.040878660601804,117.6733135255042,151.2953863956382,127.62453307804674,150.30886248964555,-0.0527251391557132,2.0562124354923084,-2.102300410845532
1479,14,127.81164153467586,150.42488832573872,15.0,15.0,184.7834585741827,6.422285001890801,117.90301052446262,151.77360308558997,127.81164153467586,150.42488832573872,-0.050478581621299035,2.0525206337159565,-2.137325804261482
1480,14,127.99188967088577,150.53666008146143,15.0,15.0,184.80125526443962,6.782110330467177,118.13674868159376,152.23259524566333,127.99188967088577,150.53666008146143,-0.04835937437051829,2.0489162814285473,-2.1709741031250105
1481,14,128.16504493344212,150.64403355069942,15.0,15.0,184.8172926407357,7.120461931639789,118.37274503677155,152.67155981037288,128.16504493344212,150.64403355069942,-0.046366836028217895,2.0454120060373993,-2.2032132876166317
1482,14,128.3308747691102,150.74686452733843,15.0,15.0,184.83170811341188,7.437532196374839,118.60921429420718,153.08979380725884,128.3308747691102,150.74686452733843,-0.044499789919289046,2.042019883142888,-2.2340112814098734
1483,14,128.48914662465552,150.84500880526417,15.0,15.0,184.8446326294792,7.733586375848702,118.84437956031269,153.48668786877056,128.48914662465552,150.84500880526417,-0.04275663581052269,2.038751426242277,-2.2633358696332504
1484,14,128.63962794684346,150.93832217836243,15.0,15.0,184.85618982791033,8.008950211528063,119.07648241652089,153.86171875869002,128.63962794684346,150.93832217836243,-0.041135422335824234,2.035617584673396,-2.291154624388733
1485,14,128.78208618243957,151.02666044051892,15.0,15.0,184.86649543314803,8.26399753115453,119.30379230102758,154.21444103171208,128.78208618243957,151.02666044051892,-0.03963391959388496,2.032628749165363,-2.3174348377047855
1486,14,128.91628877820932,151.1098793856195,15.0,15.0,184.87565685455777,8.49913788543843,119.5246151936482,154.54447794746872,128.91628877820932,151.1098793856195,-0.03824969149528279,2.029794764282221,-2.342143461632921
1487,14,129.04200318091807,151.18783480754968,15.0,15.0,184.8837729591483,8.714804285898754,119.73730161784117,154.8515117613864,129.04200318091807,151.18783480754968,-0.036980167517020046,2.027124946973828,-2.3652470550440357
1488,14,129.1589968373313,151.2603825001954,15.0,15.0,184.89093398535252,8.91144109130975,119.94025399318684,155.1352735146028,129.1589968373313,151.2603825001954,-0.03582271359570588,2.0246281103852133,-2.3867117365445925
1489,14,129.26703719421454,151.32737825744238,15.0,15.0,184.8972215667835,9.08949207873913,120.13193338998974,155.39553244405303,129.26703719421454,151.32737825744238,-0.03477470195537358,2.0223125920196074,-2.406503142811833
1490,14,129.36589169833312,151.38867787317633,15.0,15.0,184.90270883646122,9.249388725301596,120.31086575499694,155.63208513214983,129.36589169833312,151.38867787317633,-0.03383357972164702,2.020186285299866,-2.424586391541032
1491,14,129.45532779645256,151.44413714128302,15.0,15.0,184.90746058385648,9.391538718573546,120.47564769330872,155.84474451359,129.45532779645256,151.44413714128302,-0.03299693622023159,2.018256673526579,-2.4409260481051165
1492,14,129.53511293533833,151.4936118556482,15.0,15.0,184.91153343905057,9.516314707206902,120.62495190623476,156.03332885513657,129.53511293533833,151.4936118556482,-0.03226256889397583,2.0165308651872134,-2.4554860949467474
1493,14,129.60501456175587,151.53695781015756,15.0,15.0,184.91497606022287,9.624043298733694,120.75753239796764,156.19765082315993,129.60501456175587,151.53695781015756,-0.0316285477984658,2.015015629527641,-2.468229902654254
1494,14,129.6648001224706,151.57403079869695,15.0,15.0,184.91782930241868,9.714994308980453,120.87222957534445,156.33750675369134,129.6648001224706,151.57403079869695,-0.031093278650579093,2.0137174312539,-2.4791202016148395
1495,14,129.71423706424807,151.60468661515202,15.0,15.0,184.9201263470169,9.789370267057956,120.96797537448401,156.45266624115763,129.71423706424807,151.60468661515202,-0.030655564406754432,2.0126424631866957,-2.4881190530908155
1496,14,129.75309283385357,151.62878105340857,15.0,15.0,184.9218927724185,9.847296181739775,121.04379855553454,156.54286216523806,129.75309283385357,151.62878105340857,-0.030314665336822255,2.011796675642752,-2.495187818527118
1497,14,129.78113487805263,151.6461699073523,15.0,15.0,184.92314654715108,9.888809579420824,121.0988303119237,156.60778128078496,129.78113487805263,151.6461699073523,-0.030070357533726555,2.0111858012647432,-2.5002871258715174
1498,14,129.79813064361076,151.65670897086895,15.0,15.0,184.9238979267809,9.913850831036743,121.13231034309811,156.6470555038487,129.79813064361076,151.65670897086895,-0.02992298975767682,2.0108153739645607,-2.50337683167374
1499,14,129.80384757729334,151.66025403784442,15.0,15.0,184.92414923572323,9.922253795662922,121.14359353944896,156.66025403784442,129.80384757729334,151.66025403784442,-0.02987353845322105,2.0106907405828274,-2.5044159777279047
1500,15,129.80384757729334,151.66025403784442,15.0,15.0,184.92414923572323,9.922253795662922,121.14359353944896,156.66025403784442,129.80384757729334,151.66025403784442,-0.02987353845322105,2.0106907405828274,-2.5044159777279047
1501,15,129.80537260636993,151.67241684598403,15.0,15.0,184.92455074533999,9.935707947364877,121.14649086921294,156.67479298757206,129.80537260636993,151.67241684598403,-0.029794361150523252,2.010594554659884,-2.5046733640432937
1502,15,129.81001547043988,151.70837165199546,15.0,15.0,184.92573057696265,9.975451474460556,121.15522248029053,156.71781855735955,129.81001547043988,151.70837165199546,-0.029560472705529972,2.0103092027960026,-2.505438684293307
1503,15,129.81787783476338,151.76731802826754,15.0,15.0,184.92764291450212,10.04054705421466,121.16985332696802,156.78844062312328,129.81787783476338,151.76731802826754,-0.02917739233007699,2.009839451679914,-2.506701584247839
1504,15,129.82906136460068,151.8484555471891,15.0,15.0,184.93023142294072,10.130046350752908,121.19045535408404,156.88576496741194,129.82906136460068,151.8484555471891,-0.02865070572825079,2.0091900168875583,-2.5084515920717414
1505,15,129.84366772521204,151.9509837811491,15.0,15.0,184.93343069114124,10.242991114250259,121.21710703113175,157.00889348688216,129.84366772521204,151.9509837811491,-0.027986058271462055,2.008365569217632,-2.5106781314852986
1506,15,129.86179858185764,152.07410230253626,15.0,15.0,184.93716763913386,10.378414256024708,121.2498928856923,157.15692438090522,129.86179858185764,152.07410230253626,-0.027189148298826127,2.007370740938693,-2.513370534710951
1507,15,129.88355559979772,152.2170106837395,15.0,15.0,184.94136288468226,10.53534089803717,121.28890303730188,157.328952323663,129.88355559979772,152.2170106837395,-0.02626572056351484,2.006210131922584,-2.5165180551603687
1508,15,129.90904044429257,152.37890849714765,15.0,15.0,184.9459320643832,10.712789395415825,121.33423273276216,157.52406862199106,129.90904044429257,152.37890849714765,-0.02522155984380925,2.0048883156406228,-2.5201098798195867
1509,15,129.9383547806023,152.5589953151496,15.0,15.0,184.95078710501315,10.909772330725904,121.38598188382693,157.7413613611272,129.9383547806023,152.5589953151496,-0.024062484735709933,2.0034098450007027,-2.524135141293496
1510,15,129.97160027398735,152.75647071013415,15.0,15.0,184.95583744129576,11.125297478792127,121.44425460813257,157.97991554041883,129.97160027398735,152.75647071013415,-0.02279434164217553,2.0017792580051044,-2.528582929474416
1511,15,130.00887858970773,152.9705342544902,15.0,15.0,184.96099117672023,11.358368740959037,121.50915877418188,158.23881320093534,130.00887858970773,152.9705342544902,-0.021422998972330576,2.0000010832105017,-2.5334423028028965
1512,15,130.05029139302383,153.20038552060652,15.0,15.0,184.96615618449377,11.607987047744054,121.58080555114887,158.51713354682326,130.05029139302383,153.20038552060652,-0.019954341562324895,1.9980798449732338,-2.5387022990921233
1513,15,130.09594034919587,153.4452240808721,15.0,15.0,184.97124114615005,11.873151228903634,121.65930896423049,158.81395306213176,130.09594034919587,153.4452240808721,-0.01839426532792865,1.9960200684645018,-2.544351945890527
1514,15,130.14592712348392,153.70424950767563,15.0,15.0,184.97615652576673,12.152858849994947,121.74478545624441,159.12834562472338,130.14592712348392,153.70424950767563,-0.016748672157416378,1.99382628444168,-2.550380270360206
1515,15,130.20035338114835,153.97666137340616,15.0,15.0,184.9808154781563,12.446107014580164,121.83735345614669,159.4593826187753,130.20035338114835,153.97666137340616,-0.015023465051806628,1.9915030337633757,-2.5567763086517457
1516,15,130.25932078744938,154.26165925045234,15.0,15.0,184.98513468979232,12.751893131284616,121.93713295512336,159.80613304725978,130.25932078744938,154.26165925045234,-0.013224543518105758,1.9890548716372982,-2.5635291147588495
1517,15,130.3229310076473,154.55844271120316,15.0,15.0,184.98903515160748,13.069215644988812,122.04424509089807,160.16766364568397,130.3229310076473,154.55844271120316,-0.011357799219834486,1.9864863715913241,-2.5706277688388703
1518,15,130.39128570700223,154.86621132804737,15.0,15.0,184.9924428631568,13.397074731506578,122.15881174088474,160.54303899825175,130.39128570700223,154.86621132804737,-0.009429111887804487,1.9838021291594183,-2.5780613849879606
1519,15,130.46448655077438,155.1841646733739,15.0,15.0,184.99528946796977,13.734472955180609,122.2809551248074,160.93132165750185,130.46448655077438,155.1841646733739,-0.007444345492844784,1.9810067652752645,-2.5858191184619734
1520,15,130.54263520422415,155.5115023195716,15.0,15.0,184.9975128202252,14.080415888908616,122.41079741740137,161.331572268361,130.54263520422415,155.5115023195716,-0.00540934468098031,1.9781049293675945,-2.5938901723366135
1521,15,130.6258333326116,155.84742383902923,15.0,15.0,184.99905748316513,14.433912696203533,122.54846037180508,161.74284969744113,130.6258333326116,155.84742383902923,-0.0033299314704059446,1.9751013021522477,-2.602263803602524
1522,15,130.71418260119702,156.1911288041358,15.0,15.0,184.99987515992342,14.793976674986233,122.69406495424761,162.16421116830006,130.71418260119702,156.1911288041358,-0.001211902208500537,1.9720005981169688,-2.6109293286930693
1523,15,130.80778467524073,156.54181678727997,15.0,15.0,184.99992505767707,15.159625762907062,122.84773099062895,162.59471240327224,130.80778467524073,156.54181678727997,0.0009389752139022933,1.9688075676958776,-2.619876128444534
1524,15,130.90674122000286,156.89868736085074,15.0,15.0,184.99917418623528,15.52988300410042,123.00957682558604,163.0334077723736,130.90674122000286,156.89868736085074,0.003116963894772118,1.965526999131349,-2.629093652490261
1525,15,131.0111539007437,157.26094009723695,15.0,15.0,184.99759759236352,15.903776977381725,123.17971899462897,163.47935044967335,131.0111539007437,157.26094009723695,0.0053163602043559965,1.9621637200218376,-2.6385714230919506
1526,15,131.12112438272342,157.6277745688274,15.0,15.0,184.99517853129458,16.280342186010117,123.35827190992146,163.93159257742442,131.12112438272342,157.6277745688274,0.007531495825432222,1.9587225985548573,-2.6482990384128926
1527,15,131.23675433120223,157.998390348011,15.0,15.0,184.9919085770121,16.658619409253607,123.54534756026865,164.38918543814157,131.23675433120223,157.998390348011,0.009756739556702088,1.9552085444249723,-2.6582661752393517
1528,15,131.35814541144052,158.37198700717653,15.0,15.0,184.98778767299734,17.03765601610648,123.74105522586086,164.85117963471478,131.35814541144052,158.37198700717653,0.01198649888640102,1.9516265094372223,-2.6684625911576014
1529,15,131.48539928869832,158.74776411871287,15.0,15.0,184.98282412521618,17.416506241627385,123.94550120830219,165.31662527855164,131.48539928869832,158.74776411871287,0.014215221343899187,1.9479814877969241,-2.6788781261953267
1530,15,131.61861762823602,159.1249212550089,15.0,15.0,184.97703453918498,17.794231426477374,124.15878857643628,165.78457218564517,131.61861762823602,159.1249212550089,0.016437395637641905,1.9442785160872438,-2.6895027039371375
1531,15,131.75790209531382,159.50265798845342,15.0,15.0,184.97044370299508,18.16990022035097,124.38101692845233,166.25407008037456,131.75790209531382,159.50265798845342,0.018647552588321847,1.9405226729363534,-2.7003263321248974
1532,15,131.90335435519188,159.88017389143536,15.0,15.0,184.96308441819843,18.542588750103352,124.61228217073062,166.72416880675897,131.90335435519188,159.88017389143536,0.020840265866641894,1.9367190783763413,-2.711339102754395
1533,15,132.05507607313052,160.25666853634348,15.0,15.0,184.9549972804604,18.91138075348065,124.85267631385378,167.19391854679938,132.05507607313052,160.25666853634348,0.023010152545411056,1.9328728928963703,-2.722531191680602
1534,15,132.21316891438988,160.63134149556672,15.0,15.0,184.9462304118729,19.275367679463486,125.10228728617408,167.6623700454663,132.21316891438988,160.63134149556672,0.025151873476052966,1.928989316192863,-2.7338928577443617
1535,15,132.37773454423024,161.00339234149382,15.0,15.0,184.93683914679295,19.633648756327357,125.36119876529028,168.12857484181308,132.37773454423024,161.00339234149382,0.02726013349984857,1.9250735856197396,-2.7454144414338746
1536,15,132.5488746279119,161.37202064651376,15.0,15.0,184.9268856730303,19.985331028615725,125.62949002774283,168.59158550562702,132.5488746279119,161.37202064651376,0.029329681504435934,1.9211309743419624,-2.7570863630947393
1537,15,132.726690830695,161.7364259830153,15.0,15.0,184.91643863015443,20.32952936430279,125.90723581719116,169.05045587896169,132.726690830695,161.7364259830153,0.03135531033619665,1.917166789195837,-2.768899120702641
1538,15,132.91128481783974,162.0958079233874,15.0,15.0,184.90557266662609,20.66536643350079,126.19450623128797,169.5042413218354,132.91128481783974,162.0958079233874,0.03333185657921889,1.913186368259693,-2.780843287212996
1539,15,133.10275825460653,162.44936604001876,15.0,15.0,184.89436795738754,20.9919726601351,126.4913666274107,169.95199896132345,133.10275825460653,162.44936604001876,0.03525420021151027,1.9091950781387454,-2.7929095075020256
1540,15,133.30121280625536,162.79629990529835,15.0,15.0,184.8829096834627,21.308486148074195,126.7978775473558,170.3927879432244,133.30121280625536,162.79629990529835,0.03711726414906957,1.9051983109680715,-2.805088494913804
1541,15,133.5067501380467,163.13580909161496,15.0,15.0,184.87128747503496,21.614052583252718,127.11409466104377,170.82566968543227,133.5067501380467,163.13580909161496,0.038916013688270246,1.901201481137798,-2.8173710274278303
1542,15,133.71947191524063,163.46709317135748,15.0,15.0,184.85959481937718,21.90782511337787,127.44006872921872,171.24970813211314,133.71947191524063,163.46709317135748,0.040645455856842316,1.8972100217447279,-2.8297479434616353
1543,15,133.9394798030974,163.7893517169148,15.0,15.0,184.84792843491704,22.188964206845437,127.775845585067,171.66397000774802,133.9394798030974,163.7893517169148,0.042300638683466674,1.893229380774778,-2.8422101373228155
1544,15,134.1668754668773,164.1017843006756,15.0,15.0,184.83638761262273,22.45663749252757,128.12146613461096,172.06752507007974,134.1668754668773,164.1017843006756,0.04387665039570876,1.889265017020744,-2.85474855432473
1545,15,134.4017605718405,164.40359049502896,15.0,15.0,184.82507352579978,22.71001958212151,128.4769663756693,172.45944636098238,134.4017605718405,164.40359049502896,0.04536861855566998,1.8853223957400544,-2.8673541855799085
1546,15,134.64423678324727,164.6939698723636,15.0,15.0,184.8140885092922,22.948291876766753,128.8423774351079,172.83881045425395,134.64423678324727,164.6939698723636,0.04677170914232498,1.8814069840573466,-2.8800180624849596
1547,15,134.89440576635786,164.97212200506837,15.0,15.0,184.80353530898753,23.170642359657375,129.21772562403606,173.20469769933135,134.89440576635786,164.97212200506837,0.04808112558909894,1.8775242461168382,-2.892731250910525
1548,15,135.1523691864324,165.23724646553214,15.0,15.0,184.79351630243247,23.37626537638366,129.6030325105355,173.55619245992023,135.1523691864324,165.23724646553214,0.04929210778474591,1.873679637989676,-2.9054848451095054
1549,15,135.41822870873122,165.48854282614383,15.0,15.0,184.78413269127628,23.564361404745146,129.99831500944168,173.89238334654007,135.41822870873122,165.48854282614383,0.05039993104509177,1.8698786023416072,-2.9182699613564704
1550,15,135.6920859985146,165.7252106592922,15.0,15.0,184.7754836661738,23.734136815779223,130.40358548862832,174.21236344199457,135.6920859985146,165.7252106592922,0.051399905062662454,1.8661265628665402,-2.931077731330854
1551,15,135.97404272104262,165.94644953736616,15.0,15.0,184.76766554469756,23.884803627751975,130.8188518911816,174.51523051879616,135.97404272104262,165.94644953736616,0.05228737284067042,1.8624289184917504,-2.9438992952561414
1552,15,136.26420054157558,166.15145903275456,15.0,15.0,184.76077088273212,24.015579254852753,131.2441178727854,174.80008724759372,136.26420054157558,166.15145903275456,0.05305770961722889,1.858791037360732,-2.956725794806939
1553,15,136.56266112537375,166.33943871784612,15.0,15.0,184.75488755975164,24.125686252336212,131.67938295357504,175.06604139568324,136.56266112537375,166.33943871784612,0.05370632178509427,1.8552182505999124,-2.96954836579543
1554,15,136.86952613769736,166.50958816502992,15.0,15.0,184.75009783831385,24.21435205985084,132.1246426836588,175.3122060147148,136.86952613769736,166.50958816502992,0.054228645811616794,1.8517158458756824,-2.982358130648352
1555,15,137.18489724380663,166.6611069466946,15.0,15.0,184.74647739804334,24.280808744692546,132.57988882144835,175.53769961674593,137.18489724380663,166.6611069466946,0.0546201471629727,1.8482890607484435,-2.9951461906852828
1556,15,137.50887610896174,166.79319463522916,15.0,15.0,184.74409434431985,24.32429274672568,133.04510952388546,175.74164633783985,137.50887610896174,166.79319463522916,0.054876319236159654,1.844943075830597,-3.0079036182086187
1557,15,137.84156439842297,166.9050508030224,15.0,15.0,184.7430081918367,24.344044626715856,133.52028954760192,175.9231760884496,137.84156439842297,166.9050508030224,0.05499268230162124,1.8416830077556443,-3.020621448415304
1558,15,138.18304318434502,166.99591347492097,15.0,15.0,184.74326638577628,24.339353119322226,134.00538808377348,176.08146232244079,138.18304318434502,166.99591347492097,0.05496504343816988,1.838513772386044,-3.033290606280186
1559,15,138.5329439442662,167.0658601809109,15.0,15.0,184.74485270952562,24.310476820305766,134.4998724999152,176.21650686432955,138.5329439442662,167.0658601809109,0.05479492673998454,1.8354373837001103,-3.0459005471170966
1560,15,138.8904615280583,167.11578374359357,15.0,15.0,184.74768952349964,24.258612284439263,135.00273133404013,176.32911940113473,138.8904615280583,167.11578374359357,0.05448938520954694,1.8324530557305332,-3.058439293989818
1561,15,139.25477278657354,167.14661059422284,15.0,15.0,184.75168901056102,24.184992001182124,135.51292901197,176.42015388502926,139.25477278657354,167.14661059422284,0.05405568614110645,1.8295598517830982,-3.0708947619901164
1562,15,139.62505457066402,167.15926716405275,15.0,15.0,184.75675692606808,24.090845832145412,136.02942585514603,176.49047577495318,139.62505457066402,167.15926716405275,0.053501083345503964,1.8267568049542253,-3.08325482251698
1563,15,140.0004837311821,167.15467988433718,15.0,15.0,184.76279412258143,23.97740116592937,136.55117855345156,176.54096209780602,140.0004837311821,167.15467988433718,0.05283281748780111,1.8240429248636845,-3.095507310346971
1564,15,140.38023711897998,167.13377518633013,15.0,15.0,184.76969798306436,23.845883038968466,137.07714064503875,176.5725014607719,140.38023711897998,167.13377518633013,0.052058116253361986,1.82141720403376,-3.1076400301794656
1565,15,140.76349158490987,167.09747950128556,15.0,15.0,184.7773637630667,23.697514223232456,137.60626299918607,176.58599401397345,140.76349158490987,167.09747950128556,0.051184194355583856,1.8188786239239003,-3.1196407626790403
1566,15,141.14942397982404,167.04671926045737,15.0,15.0,184.78568584226772,23.533515282154926,138.13749429823588,176.58235136290176,141.14942397982404,167.04671926045737,0.05021825339989594,1.8164261606280176,-3.131497270036765
1567,15,141.53721115457463,166.98242089509964,15.0,15.0,184.7945588856702,23.355104596632703,138.66978151471403,176.5624964303159,141.53721115457463,166.98242089509964,0.04916748161987339,1.814058790239815,-3.1431973010716483
1568,15,141.92602996001403,166.9055108364662,15.0,15.0,184.80387891468044,23.16349836335796,139.20207037981805,176.52736326754507,141.92602996001403,166.9055108364662,0.048039053502335505,1.8117754938898698,-3.1547285958928146
1569,15,142.31505724699434,166.8169155158111,15.0,15.0,184.8135442882796,22.95991056812238,139.73330583957062,176.47789681536165,142.31505724699434,166.8169155158111,0.04684012931918391,1.809575262456617,-3.166078890142331
1570,15,142.70346986636775,166.71756136438822,15.0,15.0,184.82345659448617,22.745552937051443,140.2624324950811,176.4150526148087,142.70346986636775,166.71756136438822,0.045577854584383015,1.8074571009519442,-3.177235918837779
1571,15,143.09044466898663,166.60837481345152,15.0,15.0,184.833521452325,22.52163486900753,140.78839502352545,176.33979646857634,143.09044466898663,166.60837481345152,0.044259359455016134,1.8054200325807352,-3.1881874198328535
1572,15,143.47515850570315,166.49028229425505,15.0,15.0,184.8436492245541,22.28936335262729,141.31013857665405,176.25310405370658,143.47515850570315,166.49028229425505,0.04289175809567081,1.8034631024724717,-3.198921136913354
1573,15,143.85678822736946,166.36421023805264,15.0,15.0,184.85375564145355,22.04994287164045,141.82660915386384,176.15596048657818,143.85678822736946,166.36421023805264,0.04148214802557193,1.8015853810818383,-3.20942482254492
1574,15,144.23451068483791,166.23108507609828,15.0,15.0,184.86376233604378,21.80457530225298,142.33675394711975,176.04935984127192,144.23451068483791,166.23108507609828,0.04003760946788404,1.7997859672542362,-3.2196862402878454
1575,15,144.6075027289607,166.091833239646,15.0,15.0,184.87359729117836,21.554459806464852,142.83952165528626,175.93430462254213,144.6075027289607,166.091833239646,0.038565204720431234,1.7980639909511433,-3.2296931668931625
1576,15,144.97494121059,165.94738115994977,15.0,15.0,184.8831951990356,21.300792725234267,143.3338627657272,175.81180519472275,144.97494121059,165.94738115994977,0.037071977566752734,1.796418615629393,-3.2394333940929725
1577,15,145.3360029805781,165.7986552682634,15.0,15.0,184.89249773362093,21.044767475395957,143.81872980135145,175.68287916797345,145.3360029805781,165.7986552682634,0.0355649527459182,1.79484904026766,-3.248894730096749
1578,15,145.68986488977714,165.646581995841,15.0,15.0,184.90145373697416,20.78757445419283,144.29307753162018,175.54855074332212,145.68986488977714,165.646581995841,0.03405113549888472,1.793354501032712,-3.2580650008039465
1579,15,146.03570378903947,165.49208777393636,15.0,15.0,184.9100193198592,20.530400955181776,144.75586314638952,175.40985001798222,146.03570378903947,165.49208777393636,0.032537511208347136,1.7919342725773748,-3.2669320507418145
1580,15,146.37269652921734,165.33609903380363,15.0,15.0,184.91815787778663,20.274431099140664,145.2060463918359,175.26781225242547,146.37269652921734,165.33609903380363,0.03103104514809918,1.7905876689615445,-3.275483743735773
1581,15,146.70001996116278,165.17954220669668,15.0,15.0,184.92584002328533,20.020845783415567,145.64258966810326,175.1234771006569,146.70001996116278,165.17954220669668,0.02953868235677748,1.7893140441870903,-3.283707963318057
1582,15,147.01685093572823,165.02334372386943,15.0,15.0,184.93304343539054,19.770822652925368,146.06445808871476,174.9778878050897,147.01685093572823,165.02334372386943,0.028067347649612828,1.7881127923369897,-3.291592612878603
1583,15,147.32236630376582,164.86843001657584,15.0,15.0,184.9397526273528,19.525536095772487,146.47061950220947,174.83209035733609,147.32236630376582,164.86843001657584,0.02662394578039362,1.7869833473086238,-3.299125615560311
1584,15,147.61574291612783,164.7157275160699,15.0,15.0,184.94595863359112,19.286157266099522,146.860044476898,174.68713262613065,147.61574291612783,164.7157275160699,0.02521536176428174,1.785925182130742,-3.306294913898821
1585,15,147.89615762366643,164.56616265360557,15.0,15.0,184.9516586169141,19.053854136484098,147.23170625007097,174.54406345347962,147.89615762366643,164.56616265360557,0.023848461370424068,1.7849378078532336,-3.3130884692048985
1586,15,148.16278727723383,164.42066186043684,15.0,15.0,184.95685539700997,18.829791581775783,147.58458064345112,174.40393171998934,148.16278727723383,164.42066186043684,0.022530091791452156,1.784020771998485,-3.319494260685291
1587,15,148.41480872768236,164.28015156781757,15.0,15.0,184.96155690116422,18.615131495854335,147.91764594714354,174.26778538017007,148.41480872768236,164.28015156781757,0.02126708249498721,1.7831736565627312,-3.3255002842955834
1588,15,148.6513988258641,164.1455582070018,15.0,15.0,184.96577553809584,18.411032942324198,148.22988277481565,174.13667046834232,148.6513988258641,164.1455582070018,0.020066246260139087,1.782396075555474,-3.3310945513161174
1589,15,148.87173442263148,164.0178082092434,15.0,15.0,184.96952749571435,18.218652339660682,148.52027389332804,174.01163007559373,148.87173442263148,164.0178082092434,0.018934380399735495,1.7816876720646626,-3.3362650866393997
1590,15,149.07499236883658,163.89782800579647,15.0,15.0,184.97283196348621,18.039143680788566,148.78780403053304,173.89370329805288,149.07499236883658,163.89782800579647,0.017878268166633626,1.7810481148349693,-3.340999926754688
1591,15,149.2603495153317,163.78654402791483,15.0,15.0,184.9757102799655,17.873658786499693,149.03145966547459,173.78392415656015,149.2603495153317,163.78654402791483,0.016904680339927758,1.7804770943460886,-3.3452871174125005
1592,15,149.42698271296905,163.6848827068525,15.0,15.0,184.97818500588772,17.723347591513527,149.2502288057429,173.6833204876401,149.42698271296905,163.6848827068525,0.016020376984235418,1.7799743183775751,-3.3491147109487396
1593,15,149.5740688126008,163.5937704738634,15.0,15.0,184.9802789230524,17.58935846133866,149.44310075728035,173.59291280550792,149.5740688126008,163.5937704738634,0.015232109372431801,1.7795395070462854,-3.352470763244865
1594,15,149.70078466507928,163.5141337602015,15.0,15.0,184.98201395902993,17.472838537420902,149.60906589248583,173.51371313469292,149.70078466507928,163.5141337602015,0.014546622059310788,1.7791723873019984,-3.35534333029718
1595,15,149.80630712125674,163.4468989971208,15.0,15.0,184.9834100375262,17.37493410734758,149.74711542303717,173.4467238127294,149.80630712125674,163.4468989971208,0.013970655090577155,1.7788726868662819,-3.357720464364686
1596,15,149.88981303198528,163.39299261587522,15.0,15.0,184.98448385402733,17.29679099613388,149.85624118443707,173.39293626226905,149.88981303198528,163.39299261587522,0.013510946328417095,1.778640127599098,-3.35959020966126
1597,15,149.95047924811718,163.35334104771874,15.0,15.0,184.98524757613288,17.239554973830522,149.9354354398962,173.35332973190404,149.95047924811718,163.35334104771874,0.013174233871565022,1.778474418277054,-3.3609405975539746
1598,15,149.98748262050464,163.3288707239052,15.0,15.0,184.98570746777227,17.204372173873974,149.98369071179042,173.32887000497658,149.98748262050464,163.3288707239052,0.012967258544355653,1.7783752467665603,-3.3617596412253024
1599,15,149.99999999999997,163.32050807568874,15.0,15.0,184.98586243629575,17.192389515741745,149.9999996495767,173.32050807568874,149.99999999999997,163.32050807568874,0.012896766425672612,1.77834227157448,-3.3620353297527212
1600,16,150.0,163.32050807568874,15.0,15.0,184.9858624373056,17.19238943744367,150.0,173.32050807568874,150.0,163.32050807568874,0.0128967659650574,1.7783422697971036,-3.362035362557058
1601,16,150.0112974079276,163.3252741352827,15.0,15.0,184.98584160170117,17.194004321181414,150.0140429072615,173.32527375839436,150.0112974079276,163.3252741352827,0.012906266071793016,1.7782426923803272,-3.362219835183856
1602,16,150.0447612424886,163.33924642349086,15.0,15.0,184.98578173982733,17.198637373417164,150.05567915365,173.33924046344987,150.0447612424886,163.33924642349086,0.012933521595003605,1.777948386817181,-3.362770026540127
1603,16,150.09974891985047,163.36193610445284,15.0,15.0,184.9856866656922,17.205975700933145,150.12417001124777,173.36190628492312,150.09974891985047,163.36193610445284,0.01297669185013861,1.7774659806228998,-3.3636811108350866
1604,16,150.1756178561807,163.392854342308,15.0,15.0,184.9855600379922,17.21571175249579,150.21877670237086,173.39276120757407,150.1756178561807,163.392854342308,0.013033967585391992,1.776802087450665,-3.3649482798486434
1605,16,150.27172546764666,163.43151230119594,15.0,15.0,184.98540541580311,17.2275425080229,150.33876034621352,173.4312876149245,150.27172546764666,163.43151230119594,0.013103566208359951,1.7759633105542563,-3.366566741620706
1606,16,150.38742917041586,163.4774211452562,15.0,15.0,184.98522630772797,17.24116869300466,150.48338188879444,173.47696078845155,150.38742917041586,163.4774211452562,0.013183727161706904,1.7749562461649004,-3.368531719203698
1607,16,150.52208638065565,163.53009203862823,15.0,15.0,184.98502621495774,17.25629401898876,150.6519020188012,173.52924939813073,150.52208638065565,163.53009203862823,0.013272707452552268,1.7737874867782857,-3.37083844947896
1608,16,150.6750545145335,163.5890361454516,15.0,15.0,184.98480866861388,17.27262445087738,150.84358107180108,173.58761598458352,150.6750545145335,163.5890361454516,0.013368777339938909,1.7724636243471856,-3.373482182036841
1609,16,150.84569098821697,163.6537646298658,15.0,15.0,184.98457726165802,17.2898675017164,151.05767892515772,173.6515174331007,150.84569098821697,163.6537646298658,0.013470216184363393,1.7709912533746706,-3.3764581781194405
1610,16,151.03335321787333,163.72378865601036,15.0,15.0,184.98433567557726,17.307731555590674,151.29345488586898,173.72040543981805,151.03335321787333,163.72378865601036,0.01357530846296906,1.7693769739024632,-3.3797617096241575
1611,16,151.2373986196701,163.79861938802475,15.0,15.0,184.98408770198125,17.325925219165423,151.55016757342366,173.7937269703156,151.2373986196701,163.79861938802475,0.013682339953580036,1.7676273943886411,-3.3833880581654263
1612,16,151.45718460977463,163.87776799004857,15.0,15.0,184.9838372591784,17.34415670234628,151.82707479965234,173.8709247108967,151.45718460977463,163.87776799004857,0.013789594090366397,1.7657491344685712,-3.387332514191316
1613,16,151.69206860435452,163.96074562622124,15.0,15.0,184.98358840373683,17.36213322845776,152.1234334474385,173.95143751278002,151.69206860435452,163.96074562622124,0.013895348493510595,1.763748827592683,-3.3915903761509725
1614,16,151.94140801957704,164.0470634606823,15.0,15.0,184.9833453369749,17.379560474275017,152.43849935003914,174.03470082940868,151.94140801957704,164.0470634606823,0.013997871674869655,1.7616331235344367,-3.396156949708245
1615,16,152.2045602716098,164.13623265757124,15.0,15.0,184.983112406272,17.3961420401762,152.77152717265918,174.12014714704452,152.2045602716098,164.13623265757124,0.01409541992123553,1.759408690761646,-3.4010275469962714
1616,16,152.48088277662004,164.2277643810277,15.0,15.0,184.98289410103862,17.411578950623944,153.12177029781208,174.20720640877556,152.48088277662004,164.2277643810277,0.014186234356453498,1.7570822186641182,-3.4061974859072377
1617,16,152.7697329507754,164.32116979519105,15.0,15.0,184.98269504313717,17.425569185124562,153.48848071589862,174.29530643201986,152.7697329507754,164.32116979519105,0.014268538183308088,1.7546604196304247,-3.4116620894110317
1618,16,153.0704682102432,164.41596006420087,15.0,15.0,184.98251997150106,17.43780723976389,153.87090892232698,174.38387331956375,153.0704682102432,164.41596006420087,0.014340534105793945,1.752150030966488,-3.417416684896104
1619,16,153.38244597119086,164.5116463521967,15.0,15.0,184.9823737206588,17.4479837193666,154.2683038224005,174.47233186412058,153.38244597119086,164.5116463521967,0.014400401932081253,1.7495578166485586,-3.4234566035254073
1620,16,153.70502364978594,164.60773982331798,15.0,15.0,184.982261192834,17.455784960286334,154.67991264509493,174.5601059463475,153.70502364978594,164.60773982331798,0.014446296358249122,1.7468905689030856,-3.429777179600004
1621,16,154.03755866219575,164.70375164170426,15.0,15.0,184.98218732325705,17.460892683792583,155.10498086674818,174.64661892620668,154.03755866219575,164.70375164170426,0.014476344932611296,1.7441551096059262,-3.4363737499225957
1622,16,154.3794084245878,164.79919297149507,15.0,15.0,184.98215703829658,17.462983679987477,155.5427521455898,174.73129402750558,154.3794084245878,164.79919297149507,0.01448864620025625,1.7413582914933143,-3.4432416531530388
1623,16,154.72993035312953,164.8935749768299,15.0,15.0,184.9821752059896,17.46172952215634,155.99246826793495,174.8135547154019,154.72993035312953,164.8935749768299,0.014481268027241145,1.7385069991770108,-3.4503762291476834
1624,16,155.08848186398836,164.98640882184833,15.0,15.0,184.9822465785299,17.456796311430708,156.4533691067755,174.89282506660996,155.08848186398836,164.98640882184833,0.014452246103715205,1.735608149956097,-3.457772818274293
1625,16,155.45442037333163,165.07720567068972,15.0,15.0,184.9823757262519,17.44784445162032,156.92469259340172,174.96853013199873,155.45442037333163,165.07720567068972,0.014399582625100105,1.732668694417931,-3.4654267606941804
1626,16,155.827103297327,165.16547668749376,15.0,15.0,184.98256696263414,17.434528454054707,157.40567470259424,175.04009629122902,155.827103297327,165.16547668749376,0.014321245150338835,1.7296956168208955,-3.473333395603203
1627,16,156.20588805214174,165.25073303639988,15.0,15.0,184.9828242598342,17.416496772257073,157.89554945182962,175.10695159903358,156.20588805214174,165.25073303639988,0.014215165636092486,1.7266959352517144,-3.4814880604232794
1628,16,156.59013205394336,165.33248588154748,15.0,15.0,184.98315115425956,17.393391666263604,158.39354891485206,175.1685261227111,156.59013205394336,165.33248588154748,0.014079239645676811,1.7236767015502883,-3.4898860899361583
1629,16,156.97919271889927,165.4102463870764,15.0,15.0,184.98355064167623,17.364849096389143,158.89890324986675,175.22425227036854,156.97919271889927,165.4102463870764,0.013911325731422175,1.7206450009952405,-3.498522815351326
1630,16,157.37242746317688,165.48352571712581,15.0,15.0,184.98402506135665,17.33049864622826,159.41084074252169,175.27356510941584,157.37242746317688,165.48352571712581,0.013709244989028146,1.717607951743658,-3.507393563300102
1631,16,157.76919370294365,165.55183503583544,15.0,15.0,184.9845759687762,17.289963474676977,159.92858786375172,175.31590267479964,157.76919370294365,165.55183503583544,0.013470780782413927,1.7145727040188303,-3.5164936547482277
1632,16,158.1688488543671,165.61468550734466,15.0,15.0,184.9852039963752,17.242860296743892,160.45136934246966,175.35070626643264,158.1688488543671,165.61468550734466,0.013193678637414386,1.711546439040214,-3.5258184038195264
1633,16,158.57075033361454,165.6715882957931,15.0,15.0,184.98590870192027,17.188799392915268,160.9784082530008,175.37742073527076,158.57075033361454,165.6715882957931,0.012875646302585197,1.708536367690292,-3.5353631165235706
1634,16,158.9742555568535,165.7220545653202,15.0,15.0,184.98668840401731,17.127384646821035,161.50892611707084,175.39549475747356,158.9742555568535,165.7220545653202,0.012514353975209502,1.7055497289135524,-3.5451230893806636
1635,16,159.37872194025135,165.76559548006554,15.0,15.0,184.9875400043537,17.058213610939095,162.0421430200712,175.40438109608436,159.37872194025135,165.76559548006554,0.0121074346904666,1.7025937878433928,-3.5550936079379145
1636,16,159.78350689997558,165.80172220416858,15.0,15.0,184.98845879627711,16.980877600053393,162.5772777412452,175.4035368496651,159.78350689997558,165.80172220416858,0.011652484871511049,1.6996758336534592,-3.565269945170658
1637,16,160.18796785219368,165.82994590176884,15.0,15.0,184.98943825935316,16.894961812163235,163.11354789735614,175.39242368732982,160.18796785219368,165.82994590176884,0.011147065038014214,1.6968031771306789,-3.575647359764024
1638,16,160.591462213073,165.84977773700584,15.0,15.0,184.9904698395839,16.800045476513546,163.65017009932183,175.3705080696326,160.591462213073,165.84977773700584,0.010588700670458362,1.6939831479680945,-3.5862210942700705
1639,16,160.99334739878088,165.8607288740191,15.0,15.0,184.99154271501544,16.695702028386975,164.18636012122641,175.3372614547841,160.99334739878088,165.8607288740191,0.00997488322719775,1.6912230917765418,-3.596986373136521
1640,16,161.39298082548507,165.86231047694812,15.0,15.0,184.99264354651245,16.581499310261705,164.72133308104736,175.29216048969454,161.39298082548507,165.86231047694812,0.009303071310968525,1.6885303668152256,-3.6079384006038477
1641,16,161.78971990935273,165.85403370993248,15.0,15.0,184.99375621353278,16.45699979889794,165.25430363236777,175.234687185369,161.78971990935273,165.85403370993248,0.008570691981167555,1.685912340442367,-3.6190723584682027
1642,16,162.1829220665514,165.8354097371116,15.0,15.0,184.99486153479643,16.32176085786748,165.78448616628322,175.16432907621638,162.1829220665514,165.8354097371116,0.007775142207805175,1.6833763852882795,-3.630383403708441
1643,16,162.57194471324854,165.80594972262506,15.0,15.0,184.99593697380695,16.175335014987887,166.31109502264826,175.0805793628703,162.57194471324854,165.80594972262506,0.006913790462588554,1.6809298751545214,-3.6418666659763623
1644,16,162.95614526561155,165.76516483061232,15.0,15.0,184.99695632925275,16.01727026405879,166.83334470975606,174.98293703816472,162.95614526561155,165.76516483061232,0.005983978442074989,1.6785801806441456,-3.6535172449501085
1645,16,163.33488113980783,165.71256622521292,15.0,15.0,184.99788941038872,15.847110390233691,167.35045013149175,174.87090699595444,163.33488113980783,165.71256622521292,0.004983022917306235,1.6763346645295074,-3.6653302075516097
1646,16,163.70750975200488,165.6476650705664,15.0,15.0,184.99870169757486,15.664395318282818,167.8616268209559,174.74400012252275,163.70750975200488,165.6476650705664,0.003908217703724626,1.6742006768656272,-3.6773005850298617
1647,16,164.07338851837017,165.56997253081227,15.0,15.0,184.99935398822674,15.468661482923144,168.36609117951258,174.60173337037287,164.07338851837017,165.56997253081227,0.0027568357445455494,1.6721855498586964,-3.689423369912803
1648,16,164.43187485507104,165.47899977008998,15.0,15.0,184.9998020285151,15.259442220303555,168.86306072018238,174.4436298142601,164.43187485507104,165.47899977008998,0.0015261313000807242,1.6702965925009745,-3.7016935128315387
1649,16,164.78232617827499,165.37425795253915,15.0,15.0,184.99999613123273,15.036268179639869,169.35175431427078,174.2692186893817,164.78232617827499,165.37425795253915,0.00021334223479407832,1.6685410849850282,-3.7141059192216312
1650,16,165.12409990414952,165.2552582422992,15.0,15.0,184.99988078033078,14.798667753894687,169.8313924400978,174.07803541170597,165.12409990414952,165.2552582422992,-0.0011843076068798197,1.666926272912021,-3.7266554459072108
1651,16,165.45655344886197,165.12151180350963,15.0,15.0,184.99939422270782,14.546167528295484,170.30119743267676,173.8696215804893,165.45655344886197,165.12151180350963,-0.0026696059456874366,1.66545936131052,-3.7393368975746326
1652,16,165.77904422857978,164.97252980031007,15.0,15.0,184.9984680479169,14.278292745374225,170.7603937331784,173.64352496309473,165.77904422857978,164.97252980031007,-0.004245349544222177,1.664147508484083,-3.752145023143392
1653,16,166.09092965947048,164.80782339683992,15.0,15.0,184.99702675653256,13.99456778510389,171.2082081370092,173.39929946229685,166.09092965947048,164.80782339683992,-0.005914341626443997,1.6629978197076536,-3.7650745120430056
1654,16,166.39156715770142,164.62690375723884,15.0,15.0,184.99498731799508,13.694516658593827,171.6438700393318,173.13650506632595,166.39156715770142,164.62690375723884,-0.007679389252216673,1.662017340794548,-3.77811999040546
1655,16,166.68031413944007,164.42928204564615,15.0,15.0,184.99225871881694,13.377663513692971,172.06661167686292,172.85470778197262,166.68031413944007,164.42928204564615,-0.009543300659841547,1.6612130515575234,-3.7912760171837423
1656,16,166.95652802085385,164.21446942620148,15.0,15.0,184.9887415020999,13.04353315073894,172.47566836479245,172.55347955114493,166.95652802085385,164.21446942620148,-0.0115088825903642,1.660591859189047,-3.8045370802078065
1657,16,167.2195662181102,163.98197706304433,15.0,15.0,184.98432729936482,12.691651546579212,172.8702787276865,172.2323981513354,167.2195662181102,163.98197706304433,-0.013578937608224484,1.6601605915874487,-3.817897592190076
1658,16,167.46881382707602,163.73136072799716,15.0,15.0,184.978899051042,12.3215905100827,173.2497106834394,171.8910930481219,167.46881382707602,163.73136072799716,-0.01575600184136028,1.659925573986723,-3.8313514943722704
1659,16,167.70417838947597,163.46301814925135,15.0,15.0,184.97234529992468,11.933759102227812,173.61372261299292,171.5300676142229,167.70417838947597,163.46301814925135,-0.01803768926590832,1.659885173635382,-3.844885252025213
1660,16,167.92603337379614,163.1780979270707,15.0,15.0,184.96456806180223,11.529322319055694,173.962512981581,171.15060781698602,167.92603337379614,163.1780979270707,-0.020417169554460934,1.6600306451154907,-3.8584787022613396
1661,16,168.13476857793168,162.87777497765168,15.0,15.0,184.95547626171657,11.109487353432707,174.29630302301766,170.75403635485463,168.13476857793168,162.87777497765168,-0.022887366644349094,1.6603529035746627,-3.8721114497143114
1662,16,168.3307737997778,162.56322421719096,15.0,15.0,184.94498669085945,10.675477061732485,174.6153218791772,170.3416852113541,168.3307737997778,162.56322421719096,-0.025441114597846815,1.6608427792490494,-3.8857631039813882
1663,16,168.51443883722965,162.23562056188496,15.0,15.0,184.93302524220897,10.228529363941353,174.91980688798216,169.91489527597085,168.51443883722965,162.23562056188496,-0.028071160817169094,1.6614910261682458,-3.8994132851133294
1664,16,168.68615348818247,161.8961389279302,15.0,15.0,184.91952806699229,9.769896608036975,175.2100038325993,169.47501593469394,168.68615348818247,161.8961389279302,-0.030770169390291424,1.6622883307677532,-3.9130416288810403
1665,16,168.84630755053135,161.54595423152327,15.0,15.0,184.90444264699263,9.300844903427548,175.4861671491745,169.02340463325157,168.84630755053135,161.54595423152327,-0.033530724543302415,1.6632253203692415,-3.9266277918034844
1666,16,168.9952908221716,161.18624138886062,15.0,15.0,184.88772877795466,8.822653428201054,175.74856009066625,168.56142641618067,168.9952908221716,161.18624138886062,-0.03634533417679664,1.6642925714905819,-3.9401514559213178
1667,16,169.1334931009983,160.8181753161389,15.0,15.0,184.86935945960107,8.336613714871389,175.99745484457577,168.09045344494453,169.1334931009983,160.8181753161389,-0.03920643346567554,1.665480617949552,-3.9535923333007976
1668,16,169.2613041849067,160.4429309295545,15.0,15.0,184.84932168805082,7.844028919215304,176.23313260262285,167.61186449835856,169.2613041849067,160.4429309295545,-0.04210638850366655,1.6667799587271472,-3.9669301702525717
1669,16,169.3791138717919,160.06168314530407,15.0,15.0,184.82761714671855,7.346213076680127,176.4558835806711,167.127044458605,169.3791138717919,160.06168314530407,-0.045037499975825845,1.6681810655585871,-3.9801447512501844
1670,16,169.4873119595492,159.67560687958402,15.0,15.0,184.8042627920751,6.844490350695153,176.66600698746996,166.6373837861005,169.4873119595492,159.67560687958402,-0.047992006844316704,1.6696743902223448,-3.9932159025333256
1671,16,169.5862882460737,159.285877048591,15.0,15.0,184.7792913309534,6.340194277049653,176.8638109410402,166.14427798643706,169.5862882460737,159.285877048591,-0.050962090034779695,1.6712503714998208,-4.006123495381136
1672,16,169.6764325292607,158.8936685685215,15.0,15.0,184.75275158639178,5.834667008298894,177.0496123317957,165.64912707253808,169.6764325292607,158.8936685685215,-0.053939876112675145,1.672899441780631,-4.01884744904115
1673,16,169.75813460700522,158.500156355572,15.0,15.0,184.7247087493099,5.329258561933997,177.22373663174858,165.15333502506132,169.75813460700522,158.500156355572,-0.05691744094102624,1.674612033290853,-4.031367733299804
1674,16,169.83178427720253,158.10651532593906,15.0,15.0,184.69524451361656,4.8253260757952745,177.38651764940312,164.6583092539376,169.83178427720253,158.10651532593906,-0.059886813313054565,1.6763785839239491,-4.04366437068072
1675,16,169.8977713377478,157.71392039581914,15.0,15.0,184.66445709263974,4.324233073928031,177.53829723018453,164.1654600637592,169.8977713377478,157.71392039581914,-0.06283997855523482,1.678189542656485,-4.055717438257368
1676,16,169.95648558653625,157.32354648140895,15.0,15.0,184.6324611150572,3.827348745771756,177.67942490248896,163.67620012552587,169.95648558653625,157.32354648140895,-0.06576888209831311,1.6800353745331142,-4.067507069067036
1677,16,170.00831682146304,156.93656849890488,15.0,15.0,184.5993873987798,3.3360472412389512,177.81025746966367,163.19194395701726,170.00831682146304,156.93656849890488,-0.06866543301582395,1.6819065652076632,-4.079013453113396
1678,16,170.0536548404233,156.55416136450344,15.0,15.0,184.56538260150435,2.851706983882952,177.93115854843953,162.7141074137956,170.0536548404233,156.55416136450344,-0.07152150753157471,1.6837936250294598,-4.09021683794535
1679,16,170.0928894413124,156.17749999440127,15.0,15.0,184.53060874690482,2.375710003969086,178.0424980545371,162.24410719254286,170.0928894413124,156.17749999440127,-0.07432895249947524,1.6856870926663428,-4.1010975288002065
1680,16,170.12641042202523,155.8077593047948,15.0,15.0,184.49524262567033,1.909441292857478,178.14465163634995,161.78336034811292,170.12641042202523,155.8077593047948,-0.07707958886092914,1.6875775382580338,-4.111635888299665
1681,16,170.1546075804572,155.44611421188057,15.0,15.0,184.4594750708287,1.4542881796788176,178.2380000577826,161.3332838253297,170.1546075804572,155.44611421188057,-0.07976521508677115,1.6894555660957424,-4.121812335687478
1682,16,170.1778707145035,155.09373963185516,15.0,15.0,184.42351010700943,1.011639730830776,178.32292853146978,160.89529400618247,170.1778707145035,155.09373963185516,-0.0823776106124644,1.6913118168260624,-4.131607345598161
1683,16,170.19658962205924,154.75181048091508,15.0,15.0,184.38756397351227,0.5828861723543817,178.39982600374847,160.4708062726717,170.19658962205924,154.75181048091508,-0.08490853927689068,1.6931369691793074,-4.1410014463465235
1684,16,170.21115410101953,154.42150167525682,15.0,15.0,184.35186402124606,0.1694183347586744,178.46908439288066,160.06123458513497,170.21115410101953,154.42150167525682,-0.08734975277662427,1.6949217412245126,-4.1499752177284055
1685,16,170.2219539492797,154.1039881310769,15.0,15.0,184.31664748380098,-0.22737288064731054,178.5310977821376,159.66799107543986,170.2219539492797,154.1039881310769,-0.08969299414904974,1.696656891155354,-4.158509288323481
1686,16,170.22937896473485,153.80044476457195,15.0,15.0,184.28216012311077,-0.606097015381069,178.58626156946286,159.29248565396767,170.22937896473485,153.80044476457195,-0.09193000129905193,1.6983332176132235,-4.166584332291638
1687,16,170.23381894528023,153.51204649193838,15.0,15.0,184.24865475035662,-0.965364549379558,178.63497157552789,158.93612562883186,170.23381894528023,153.51204649193838,-0.09405251058528263,1.6999415595556144,-4.174181065655096
1688,16,170.23566368881092,153.23996822937278,15.0,15.0,184.21638962296518,-1.303787381122266,178.67762311208375,158.60031533528064,170.23566368881092,153.23996822937278,-0.09605226048317772,1.7014727956798832,-4.181280242059158
1689,16,170.2353029932222,152.98538489307177,15.0,15.0,184.18562671876086,-1.6199792954178065,178.71461001260374,158.28645577272118,170.2353029932222,152.98538489307177,-0.09792099534296006,1.7029178434142809,-4.187862648005233
1690,16,170.23312665640927,152.74947139923165,15.0,15.0,184.1566298885547,-1.912556422567338,178.7463236272988,157.99594424628208,170.23312665640927,152.74947139923165,-0.09965046926180487,1.70426765748996,-4.1939090975506765
1691,16,170.22952447626722,152.5334026640492,15.0,15.0,184.12966288869143,-2.1801376932081773,178.77315178468842,157.73017400929803,170.22952447626722,152.5334026640492,-0.10123245009016524,1.7055132281093857,-4.199400426470882
1692,16,170.22488625069133,152.33835360372072,15.0,15.0,184.10498729533757,-2.421345293740192,178.7954777220132,157.49053390255582,170.22488625069133,152.33835360372072,-0.10265872359295947,1.7066455787282913,-4.204317485880046
1693,16,170.2196017775767,152.1654991344429,15.0,15.0,184.0828603025842,-2.6348051278373,178.81367898689925,157.27840798559632,170.2196017775767,152.1654991344429,-0.10392109778686387,1.7076557634699272,-4.208641135308122
1694,16,170.21406085481857,152.01601417241227,15.0,15.0,184.06353240676054,-2.819147290154639,178.8281263128299,157.0951751548085,170.21406085481857,152.01601417241227,-0.10501140747538984,1.7085348641919094,-4.212352235232596
1695,16,170.20865328031203,151.89107363382524,15.0,15.0,184.0472449797161,-2.9730065589439256,178.83918247115093,156.9422087424991,170.20865328031203,151.89107363382524,-0.10592151900367897,1.7092739872274436,-4.215431639064911
1696,16,170.2037688519525,151.79185243487842,15.0,15.0,184.0342277342362,-3.0950229148895403,178.84720110254395,156.82087609056305,170.2037688519525,151.79185243487842,-0.10664333525505998,1.7098642598240545,-4.217860184592643
1697,16,170.19979736763491,151.7195254917683,15.0,15.0,184.02469608521102,-3.183842094069462,178.8525255311489,156.7325380918255,170.19979736763491,151.7195254917683,-0.10716880091135883,1.7102968263042162,-4.219618684879824
1698,16,170.19712862525458,151.67526772069147,15.0,15.0,184.01884841069187,-3.238116183519736,178.85548756481893,156.67854869158108,170.19712862525458,151.67526772069147,-0.10748990799870084,1.7105628439733573,-4.2206879186291335
1699,16,170.1961524227066,151.6602540378444,15.0,15.0,184.01686321753948,-3.2565042684394676,178.85640628534134,156.6602543413164,170.1961524227066,151.6602540378444,-0.10759870174012554,1.7106534788016634,-4.221048620011102
1700,17,170.19615242270663,151.6602540378444,15.0,15.0,184.0168631840322,-3.2565045786467053,178.85640646055103,156.6602540378444,170.19615242270663,151.6602540378444,-0.10759870357548817,1.710653479331866,-4.221048653747873
1701,17,170.20589892173754,151.65285849833663,15.0,15.0,184.01733882905367,-3.2521005680131942,178.85928486327504,156.66473556654182,170.20589892173754,151.65285849833663,-0.10757264697762303,1.7106123976850884,-4.219661639174369
1702,17,170.2346436337368,151.63087965867297,15.0,15.0,184.01875303207981,-3.2390000680084547,178.86748915202162,156.678054933758,170.2346436337368,151.63087965867297,-0.10749513750266693,1.7104924281337766,-4.215535216910992
1703,17,170.2816443810641,151.59462918714294,15.0,15.0,184.02107740618183,-3.217447473603034,178.88023565085294,156.69994290670132,170.2816443810641,151.59462918714294,-0.10736762238500597,1.7102997410193148,-4.208722119644872
1704,17,170.34615898607916,151.544418752036,15.0,15.0,184.0242714730098,-3.187788568660288,178.89656844666507,156.73002364021661,170.34615898607916,151.544418752036,-0.10719214944940736,1.7100421087162019,-4.199276081505871
1705,17,170.4274452711417,151.4805600216415,15.0,15.0,184.0282828954046,-3.150470556739503,178.91537383497112,156.76781532995872,170.4274452711417,151.4805600216415,-0.1069713671403435,1.7097288167374114,-4.1872517491426215
1706,17,170.5247610586115,151.403364664249,15.0,15.0,184.03304758024305,-3.1060439007333542,178.9353958026242,156.81272906340035,170.5247610586115,151.403364664249,-0.10670853521166423,1.7093705782110233,-4.172704585509484
1707,17,170.63736417084823,151.31314434814794,15.0,15.0,184.03848968828476,-3.0551655739749215,178.9552525025327,156.86406622668557,170.63736417084823,151.31314434814794,-0.10640754373048011,1.7089794499003053,-4.155690766882746
1708,17,170.76451243021162,151.21021074162786,15.0,15.0,184.04452158611073,-2.998603327006883,178.9734536957506,156.92101482677484,170.76451243021162,151.21021074162786,-0.10607293805936346,1.7085687478113345,-4.136267073486045
1709,17,170.90546365906135,151.09487551297812,15.0,15.0,184.05104377197935,-2.937240579429119,178.9884191476412,156.98264508809206,170.90546365906135,151.09487551297812,-0.10570994751354545,1.7081529603725802,-4.114490774012748
1710,17,171.05947567975724,150.96745033048825,15.0,15.0,184.05794480265354,-2.8720815548429037,178.99849796775595,157.04790468116465,171.05947567975724,150.96745033048825,-0.10532451544293264,1.707747657174446,-4.090419504283485
1711,17,171.22580631465897,150.82824686244766,15.0,15.0,184.06510124210564,-2.8042562887801203,179.0019888783267,157.1156139375046,171.22580631465897,150.82824686244766,-0.10492332856172792,1.7073693913195436,-4.064111140266794
1712,17,171.4037133861262,150.67757677714584,15.0,15.0,184.07237764568234,-2.7350251546416757,178.9971613845497,157.18446140000788,171.4037133861262,150.67757677714584,-0.10451384344106762,1.707035593553121,-4.035623665716919
1713,17,171.59245471651872,150.5157517428723,15.0,15.0,184.07962658507654,-2.6657825711480037,178.9822778019009,157.25300005110265,171.59245471651872,150.5157517428723,-0.10410430819266114,1.706764456514939,-4.005015034742041
1714,17,171.7912881281963,150.34308342791647,15.0,15.0,184.086688710656,-2.598059576718068,178.95561607235902,157.3196445513131,171.7912881281963,150.34308342791647,-0.1037037775042906,1.7065748076764724,-3.972343029705984
1715,17,171.99947144351853,150.15988350056782,15.0,15.0,184.09339283874831,-2.533524981610068,178.91549327347948,157.38266980832353,171.99947144351853,150.15988350056782,-0.10332211934140312,1.7064859697980868,-3.9376651149837985
1716,17,172.21626248484523,149.9664636291157,15.0,15.0,184.09955604286952,-2.473984837593097,178.86028969266482,157.44021118049534,172.21626248484523,149.9664636291157,-0.10297001180279997,1.7065176080569218,-3.901038287233951
1717,17,172.44091907453608,149.7631354818498,15.0,15.0,184.10498372014524,-2.421379997273874,178.78847330468005,157.49026659859558,172.44091907453608,149.7631354818498,-0.10265892881182737,1.7066895633540828,-3.862518923014335
1718,17,172.67269903495082,149.5502107270594,15.0,15.0,184.1094695978866,-2.3777815707720436,178.6986244545098,157.53070086475853,172.67269903495082,149.5502107270594,-0.10240111353614878,1.7070216717049222,-3.8221626247527682
1719,17,172.91086018844916,149.3280010330341,15.0,15.0,184.11279564103563,-2.3453841258508668,178.58946051112733,157.55925235803198,172.91086018844916,149.3280010330341,-0.10220953865683557,1.7075335700431715,-3.780024066282042
1720,17,173.15466035739087,149.09681806806321,15.0,15.0,184.11473181955176,-2.3264965183699786,178.45986022180693,157.57354234095305,173.15466035739087,149.09681806806321,-0.10209785284815487,1.7082444892216007,-3.7361568393607913
1721,17,173.40335736413562,148.85697350043642,15.0,15.0,184.115035696286,-2.3235302823621637,178.3088874624421,157.57108702130643,173.40335736413562,148.85697350043642,-0.10208031307908294,1.7091730354605341,-3.690613302820494
1722,17,173.65620903104315,148.60877899844294,15.0,15.0,184.11345180089813,-2.3389855523701932,178.13581404816094,157.54931247752646,173.65620903104315,148.60877899844294,-0.10217170260166064,1.7103369619713698,-3.643444436200638
1723,17,173.91247318047317,148.3525462303724,15.0,15.0,184.1097107642084,-2.375434534013362,177.9401412415797,157.5055725053015,173.91247318047317,148.3525462303724,-0.10238723474455491,1.7117529329543915,-3.5946996999529715
1724,17,174.17140763478542,148.08858686451424,15.0,15.0,184.10352820016053,-2.435502581156534,177.7216195745141,157.43716938717552,174.17140763478542,148.08858686451424,-0.10274244287712553,1.71343628262681,-3.5444269045054764
1725,17,174.43227021633962,147.81721256915785,15.0,15.0,184.09460333925418,-2.521846978566181,177.48026658403862,157.34137752691103,174.43227021633962,147.81721256915785,-0.10325305714421562,1.7154007723654447,-3.4926720906702595
1726,17,174.69431874749546,147.53873501259278,15.0,15.0,184.082617437602,-2.637133566697461,177.2163820565214,157.21546982684004,174.69431874749546,147.53873501259278,-0.10393486878960301,1.7176583494360071,-3.4394794240493862
1727,17,174.95681105061277,147.25346586310846,15.0,15.0,184.06723200920223,-2.7840113795113055,176.9305603746345,157.0567466203817,174.95681105061277,147.25346586310846,-0.10480358308190374,1.7202189111148256,-3.3848911062306994
1728,17,175.21900494805112,146.96171678899435,15.0,15.0,184.04808695488202,-2.965085496446733,176.62369957315187,156.8625669045255,175.21900494805112,146.96171678899435,-0.1058746620272728,1.723090078277299,-3.328947305663573
1729,17,175.48015826217028,146.66379945853998,15.0,15.0,184.0247986887552,-3.1828883356242414,176.2970067302322,156.63038154971974,175.48015826217028,146.66379945853998,-0.10716315819654954,1.7262769827198425,-3.2716861111537154
1730,17,175.73952881533012,146.3600255400347,15.0,15.0,183.99695839085578,-3.4398496371136957,175.9519993522308,156.35776809878013,175.73952881533012,146.3600255400347,-0.10868354111042444,1.729782072590047,-3.2131435109081563
1731,17,175.99637442989015,146.05070670176806,15.0,15.0,183.96413054160863,-3.738265403132665,175.59050245205407,156.0424667037701,175.99637442989015,146.05070670176806,-0.11044951771682299,1.7336049403169702,-3.15335339998816
1732,17,176.24995292821018,145.7361546120295,15.0,15.0,183.92585191859575,-4.0802660771977095,175.21464107352386,155.68241669200438,176.24995292821018,145.7361546120295,-0.11247384856430231,1.7377421773562853,-3.0923476188809724
1733,17,176.49952213264996,145.41668093910852,15.0,15.0,183.88163125720266,-4.467784257748278,174.82682807672637,155.27579320113688,176.49952213264996,145.41668093910852,-0.11476816133038004,1.742187259892631,-3.030156025673847
1734,17,176.74433986556917,145.09259735129447,15.0,15.0,183.83094979263782,-4.902522255126566,174.42974707114556,154.82104328042428,176.74433986556917,145.09259735129447,-0.11734276341292993,1.7469304693757006,-2.966806603998733
1735,17,176.9836639493276,144.764215516877,15.0,15.0,183.7732629099333,-5.385919815758442,174.02633046346327,154.31692082235907,176.9836639493276,144.764215516877,-0.12020645534622088,1.7519588514115731,-2.9023256085075717
1736,17,177.2167522062849,144.43184710414536,15.0,15.0,183.70800312927014,-5.9191223557342525,173.61973267388373,153.76251966744564,177.2167522062849,144.43184710414536,-0.12336634687186576,1.7572562160925425,-2.8367377491311756
1737,17,177.4428624588008,144.09580378138926,15.0,15.0,183.63458464476568,-6.502950069405909,173.2132986670581,153.157304216283,177.4428624588008,144.09580378138926,-0.12682767758987468,1.7628031823344563,-2.7700664147655125
1738,17,177.66125252923504,143.7563972168979,15.0,15.0,183.5524096142158,-7.137868308435031,172.81052803922307,152.5011368883803,177.66125252923504,143.7563972168979,-0.13059364424603248,1.7685772682081164,-2.7023339363157306
1739,17,177.87118023994734,143.41393907896096,15.0,15.0,183.46087636383152,-7.82395966369268,172.41503499988917,151.7943017870656,177.87118023994734,143.41393907896096,-0.13466523688629706,1.7745530286081226,-2.6335618882106027
1740,17,178.0719034132975,143.0687410358678,15.0,15.0,183.35938962458533,-8.560898226448614,172.030504682004,151.03752396486803,178.0719034132975,143.0687410358678,-0.13904108633039802,1.780702240905524,-2.563771426581579
1741,17,178.26267987164505,142.7211147559079,15.0,15.0,183.2473728545589,-9.347926555233187,171.6606463065383,150.2319837339426,178.26267987164505,142.7211147559079,-0.1437173256834703,1.78699413848544,-2.492983661288775
1742,17,178.44276743734997,142.37137190737076,15.0,15.0,183.12428262431965,-10.183835928188017,171.30914381342538,149.37932553108897,178.44276743734997,142.37137190737076,-0.1486874689080656,1.7933956912820632,-2.421220057883963
1743,17,178.6114239327717,142.01982415854582,15.0,15.0,182.9896249502081,-11.06695051379068,170.97960464825422,148.48166092594155,178.6114239327717,142.01982415854582,-0.15394230980309576,1.7998719315949956,-2.348502864447963
1744,17,178.76790718027016,141.6667831777225,15.0,15.0,182.84297335478055,-11.995116140265552,170.6755074607305,147.5415654527685,178.76790718027016,141.6667831777225,-0.1594698450567983,1.8063863226064292,-2.2748555570548614
1745,17,178.91147500220507,141.3125606331904,15.0,15.0,182.68398831698872,-12.96569437914945,170.40014952446597,146.56206904941277,178.91147500220507,141.3125606331904,-0.1652552253248487,1.8129011661232255,-2.200303296435975
1746,17,179.04138522093604,140.95746819323884,15.0,15.0,182.51243765089126,-13.975562673678528,170.1565947262215,145.54663999924375,179.04138522093604,140.95746819323884,-0.17128073849186198,1.819378045148724,-2.1248733872901586
1747,17,179.1568956588229,140.60181752615728,15.0,15.0,182.3282172262566,-15.02112122960558,169.9476229946726,144.49916239123328,179.1568956588229,140.60181752615728,-0.17752582935839423,1.8257782959574456,-2.0485957306715084
1748,17,179.25726413822525,140.2459203002353,15.0,15.0,182.13137132448495,-16.09830733652776,169.77568204286374,143.42390723679122,179.25726413822525,140.2459203002353,-0.18396715990687607,1.8320635034185444,-1.9715032590468793
1749,17,179.34174848150295,139.89008818376237,15.0,15.0,181.92211181752765,-17.20261769447935,169.64284228397202,142.32549750695554,179.34174848150295,139.89008818376237,-0.1905787139901789,1.8381960124141452,-1.8936323430256539
1750,17,179.4096065110156,139.53463284502783,15.0,15.0,181.70083527581036,-18.329139178009648,169.55075574648197,141.2088674769282,179.4096065110156,139.53463284502783,-0.19733194971319334,1.8441394473572108,-1.815023158496037
1751,17,179.4600960491231,139.17986595232128,15.0,15.0,181.46813706404112,-19.472588275724554,169.50061976258166,140.079216883726,179.4600960491231,139.17986595232128,-0.2041960019098531,1.84985923106776,-1.7357200030242437
1752,17,179.492474918185,138.82609917393196,15.0,15.0,181.22482148141103,-20.627359198697796,169.49314613321582,138.94196051384765,179.492474918185,138.82609917393196,-0.21113793594180563,1.8553230936594594,-1.6557715509424251
1753,17,179.50600094056105,138.47364417814964,15.0,15.0,180.97190705384733,-21.78758036225083,169.5285363860051,137.8026739384375,179.50600094056105,138.47364417814964,-0.2181230525696528,1.8605015616675624,-1.5752310376053633
1754,17,179.49993193861098,138.1228126332636,15.0,15.0,180.7106261967779,-22.947178623341088,169.60646363985333,136.6670362007447,179.49993193861098,138.1228126332636,-0.2251152419096012,1.8653684174608787,-1.4941563648457903
1755,17,179.4735257346946,137.77391620756333,15.0,15.0,180.44241863950288,-24.099950315971938,169.72606147469205,135.54077033235203,179.4735257346946,137.77391620756333,-0.2320773825526099,1.86990111906766,-1.4126101216811329
1756,17,179.42604015117152,137.42726656933834,15.0,15.0,180.16891823393007,-25.23963778953933,169.88592007899152,134.4295826286287,179.42604015117152,137.42726656933834,-0.23897177988315377,1.8740811709421603,-1.3306595167612985
1757,17,179.35673301040154,137.083175386878,15.0,15.0,179.89193305263996,-26.3600098424033,170.08408981429787,133.3391016485881,179.35673301040154,137.083175386878,-0.2457606356075781,1.8778944369256387,-1.2483762218013332
1758,17,179.2649057827844,136.741952960765,15.0,15.0,179.6134203506421,-27.454938940750026,170.31813144697267,132.27482536195382,179.2649057827844,136.741952960765,-0.2524065068020942,1.881331118634679,-1.165836875741251
1759,17,179.15081014112067,136.40387981708614,15.0,15.0,179.33548180458928,-28.518380255399045,170.58593196515451,131.2422074300725,179.15081014112067,136.40387981708614,-0.25887217732371337,1.8843804823410546,-1.0831383945680133
1760,17,179.01561905012792,136.06920761333961,15.0,15.0,179.06032100266745,-29.544484198402316,170.8856341714274,130.24654964020561,179.01561905012792,136.06920761333961,-0.26512134734924075,1.8870317210820269,-1.0003974915870235
1761,17,178.8605433387365,135.7381868205525,15.0,15.0,178.790166925406,-30.527807091355037,171.21485735154383,129.29276318938244,178.8605433387365,135.7381868205525,-0.2711199350017114,1.889279652957225,-0.9177351415403235
1762,17,178.68679383587676,135.41106790975178,15.0,15.0,178.52722061920613,-31.463406209160787,171.57071997910722,128.38529443880915,178.68679383587676,135.41106790975178,-0.2768366894752491,1.8911248550664979,-0.8352752470990883
1763,17,178.4955813704792,135.08810135196444,15.0,15.0,178.27360254854162,-32.34691870460914,171.94990560128525,127.52806638348794,178.4955813704792,135.08810135196444,-0.2822437158979926,1.8925734455348284,-0.7531438960256096
1764,17,178.28811677147408,134.76953761821733,15.0,15.0,178.0313016971779,-33.17462679589495,172.34873570822546,126.7244302487956,178.28811677147408,134.76953761821733,-0.28731692384098173,1.8936367588975576,-0.6714685880496392
1765,17,178.06561086779186,134.45562717953757,15.0,15.0,177.80212859474915,-33.94350748586332,172.76324789467276,125.9771280846921,178.06561086779186,134.45562717953757,-0.2920363859425327,1.8943309252802871,-0.5903774554239103
1766,17,177.82927448836298,134.14662050695216,15.0,15.0,177.58767423093107,-34.65126572582648,173.18927751479262,125.28826693051045,177.82927448836298,134.14662050695216,-0.29638659678295964,1.8946763665898798,-0.5099985002404201
1767,17,177.58031846211773,133.84276807148808,15.0,15.0,177.38927647750734,-35.296350614251175,173.62254097850408,124.65930481462246,177.58031846211773,133.84276807148808,-0.30035662628656445,1.8946972251167693,-0.43045886963075075
1768,17,177.31995361798658,133.54432034417215,15.0,15.0,177.20799519947363,-35.87795488585936,174.05871884014272,124.0910485442194,177.31995361798658,133.54432034417215,-0.303940166260277,1.8944207414511216,-0.35188418714358516
1769,17,177.04939078489986,133.2515277960316,15.0,15.0,177.04459673856024,-36.39599855861725,174.49353688634,123.58366294130714,177.04939078489986,133.2515277960316,-0.3071354729123741,1.8938765994004347,-0.27439795514359555
1770,17,176.76984079178803,132.96464089809317,15.0,15.0,176.89954793802323,-36.85109813170516,174.92284353601076,123.13669090141781,176.76984079178803,132.96464089809317,-0.3099452120674898,1.893096255674559,-0.19812103928144498
1771,17,176.48251446758144,132.6839101213841,15.0,15.0,176.77301938657556,-37.244523144064104,175.34268201590675,122.7490834000915,176.48251446758144,132.6839101213841,-0.31237621709121555,1.8921122715275969,-0.12317124221109577
1772,17,176.1886226412104,132.4095859369312,15.0,15.0,176.66489712655388,-37.578142198643235,175.74935596350218,122.41923835609822,176.1886226412104,132.4095859369312,-0.31443917210810546,1.890957662398972,-0.04966297001286457
1773,17,175.88937614160537,132.14191881576147,15.0,15.0,176.57480172286188,-37.85436073038696,176.13948732706882,122.1450470853197,175.88937614160537,132.14191881576147,-0.31614823485932775,1.8896652799845288,0.022293008593123442
1774,17,175.58598579769685,131.881159228902,15.0,15.0,176.5021133406972,-38.07605285332159,176.51006567198257,121.92394694905477,175.58598579769685,131.881159228902,-0.3175206144866123,1.888267239210955,0.0925897130564608
1775,17,175.27966243841507,131.62755764737958,15.0,15.0,176.4460013369879,-38.24648957722283,176.85848825352952,121.7529787173427,175.27966243841507,131.62755764737958,-0.3185761196921332,1.8867944004028918,0.1611240169892323
1776,17,174.97161689269055,131.38136454222138,15.0,15.0,176.4054568289131,-38.36926555471673,177.1825904707341,121.62884713197325,174.97161689269055,131.38136454222138,-0.31933669219982985,1.8852759146356683,0.22779663627459867
1777,17,174.6630599894535,131.14283038445433,15.0,15.0,176.37932675148065,-38.44822632453615,177.48066656439593,121.54798316374043,174.6630599894535,131.14283038445433,-0.31982593935310977,1.88373883795946,0.29251204744034287
1778,17,174.35520255763444,130.91220564510542,15.0,15.0,176.36634803834468,-38.48739777524995,177.7514806577186,121.50660651124431,174.35520255763444,130.91220564510542,-0.3200686781631463,1.8822078179491586,0.3551783451572994
1779,17,174.04925542616374,130.68974079520163,15.0,15.0,176.36518073660523,-38.49091928395634,177.99426845273976,121.50078697987828,174.04925542616374,130.68974079520163,-0.32009050130958394,1.8807048539475997,0.41570704799682656
1780,17,173.74642942397188,130.47568630576993,15.0,15.0,176.37443907742974,-38.462981701780514,178.20873008456905,121.52650350428274,173.74642942397188,130.47568630576993,-0.31991737362156014,1.8792491304799224,0.4740128614974741
1781,17,173.44793537998908,130.27029264783727,15.0,15.0,176.3927197513887,-38.40777107546903,178.39501479387684,121.57969972947502,173.44793537998908,130.27029264783727,-0.3195752655460462,1.8778569216596241,0.5300134072272669
1782,17,173.1549841231458,130.07381029243066,15.0,15.0,176.41862686433586,-38.32941872205536,178.55369820328548,121.65633523865702,173.1549841231458,130.07381029243066,-0.3190898281368817,1.876541563003532,0.5836289259577689
1783,17,172.86878648237249,129.8864897105771,15.0,15.0,176.4507932636695,-38.231958018955574,178.68575307384748,121.75243170281348,172.86878648237249,129.8864897105771,-0.3184861122439303,1.8753134859321667,0.6347819623528741
1784,17,172.59055328659946,129.70858137330367,15.0,15.0,176.48789811661499,-38.11928804001218,178.79251447363225,121.8641134222863,172.59055328659946,129.70858137330367,-0.31778833289831965,1.8741803093518463,0.6833970377719436
1785,17,172.3214953647571,129.54033575163726,15.0,15.0,176.5286807859641,-37.99514396193406,178.87564031283978,121.98764192760846,172.3214953647571,129.54033575163726,-0.3170196784076582,1.8731469820845912,0.7294003169351164
1786,17,172.06282354577587,129.38200331660477,15.0,15.0,176.57195118179405,-37.86307398655479,178.93706819125012,122.11944450072116,172.06282354577587,129.38200331660477,-0.3162021624082658,1.872215969513461,0.7727192733302026
1787,17,171.81574865858616,129.23383453923327,15.0,15.0,176.61659686995824,-37.72642237221683,178.97896946762526,122.25613666379118,171.81574865858616,129.23383453923327,-0.31535651606950643,1.8713874776204946,0.8132823573790802
1788,17,171.5814815321183,129.0960798905498,15.0,15.0,176.6615872914841,-37.58831804115694,179.00370140113836,122.3945388576288,171.5814815321183,129.0960798905498,-0.31450211679714724,1.8706597075835265,0.8510186705442331
1789,17,171.36123299530266,128.96898984158125,15.0,15.0,176.70597549472714,-37.45166812694052,179.01375813688267,122.53168769258392,171.36123299530266,128.96898984158125,-0.31365694911919695,1.8700291342346167,0.8858576477561597
1790,17,171.15621387706963,128.8528148633547,15.0,15.0,176.74889780837117,-37.31915574411639,179.01172121631234,122.66484230013953,171.15621387706963,128.8528148633547,-0.312837592934778,1.869490801932013,0.9177287497902855
1791,17,170.96763500634978,128.74780542689703,15.0,15.0,176.78957189269056,-37.19324119826165,179.00021019469673,122.79148644252817,170.96763500634978,128.74780542689703,-0.31205923393707335,1.8690386317226693,0.9465611665273925
1792,17,170.79670721207322,128.65421200323533,15.0,15.0,176.82729360348577,-37.07616580520511,178.9818338470694,122.9093271506838,170.79670721207322,128.65421200323533,-0.3113356907572735,1.8686657340357102,0.972283531404097
1793,17,170.64464132317056,128.57228506339646,15.0,15.0,176.86143309210286,-36.96995745015299,178.95914234752095,123.01629075849691,170.64464132317056,128.57228506339646,-0.31067945319024526,1.8683647215105004,0.9948236468104508
1794,17,170.51264816857213,128.50227507840754,15.0,15.0,176.89143054986096,-36.87643698751432,178.93458071976326,123.11051728496136,170.51264816857213,128.50227507840754,-0.3101017257287152,1.868128016888158,1.014108219732615
1795,17,170.40193857720828,128.44443251929545,15.0,15.0,176.91679198939394,-36.797224557531436,178.9104437853753,123.19035418693353,170.40193857720828,128.44443251929545,-0.30961247052832763,1.8679481511448588,1.03006260658461
1796,17,170.31372337800934,128.3990078570873,15.0,15.0,176.9370854416151,-36.73374487387369,178.88883278557412,123.25435056546002,170.31372337800934,128.3990078570873,-0.3092204438319156,1.8678180471829773,1.0426105659414429
1797,17,170.24921339990584,128.3662515628099,15.0,15.0,176.9519379373547,-36.68723051523662,178.87161382821975,123.30125295927485,170.24921339990584,128.3662515628099,-0.3089332197831841,1.8677312843873504,1.0516740177965358
1798,17,170.20961947182818,128.34641410749035,15.0,15.0,176.9610336386603,-36.65872223252089,178.86037831940166,123.33000390086559,170.20961947182818,128.34641410749035,-0.3087571954486018,1.8676823391664414,1.0571728080424423
1799,17,170.1961524227066,128.33974596215563,15.0,15.0,176.9641134870767,-36.64906526109973,178.85640558362238,123.339744443271,170.1961524227066,128.33974596215563,-0.30869757073897997,1.8676667962025963,1.0590244771421815
1800,18,170.19615242270666,128.3397459621556,15.0,15.0,176.964113972912,-36.649063737589415,178.85640646055106,123.3397459621556,170.19615242270666,128.3397459621556,-0.3086975613325116,1.8676667843516235,1.059024654972383
1801,18,170.204909656338,128.34329102913102,15.0,15.0,176.96306876020282,-36.65234126133889,178.86118120799227,123.33639949605175,170.204909656338,128.34329102913102,-0.3087177975085664,1.867650643224699,1.058265083610046
1802,18,170.23094387293028,128.35383009264774,15.0,15.0,176.9599672690279,-36.66206540795099,178.87534358969114,123.32646959862456,170.23094387293028,128.35383009264774,-0.3087778373669746,1.8676027762149348,1.0560067295308215
1803,18,170.27389884603068,128.37121894659145,15.0,15.0,176.9548690481607,-36.67804554734167,178.8986049315488,123.3101474258138,170.27389884603068,128.37121894659145,-0.30887650613781203,1.8675241848279498,1.0522797940319917
1804,18,170.33341834918642,128.39531338484795,15.0,15.0,176.94784432830912,-36.7000552941073,178.93061921991458,123.28765862083435,170.33341834918642,128.39531338484795,-0.30901240957932585,1.8674160760974015,1.0471140534109733
1805,18,170.40914615594463,128.42596920130302,15.0,15.0,176.93897360843,-36.72783415771643,178.97098801766117,123.25926193893967,170.40914615594463,128.42596920130302,-0.30918394396728255,1.8672798392752727,1.0405388922643772
1806,18,170.50072603985254,128.4630421898424,15.0,15.0,176.92834736089893,-36.76108886961383,179.01926549949368,123.22524823870832,170.50072603985254,128.4630421898424,-0.30938930406153964,1.867117020498502,1.0325833367879476
1807,18,170.60780177445733,128.5063881443518,15.0,15.0,176.91606583473316,-36.79949444350164,179.0749635832815,123.18593977008956,170.60780177445733,128.5063881443518,-0.30962648940204796,1.8669292957999157,1.0232760880616352
1808,18,170.73001713330612,128.55586285871698,15.0,15.0,176.9022389369162,-36.84269502267115,179.13755713744268,123.14168969203278,170.73001713330612,128.55586285871698,-0.3098933092715651,1.8667184428015289,1.01264555531901
1809,18,170.86701588994634,128.61132212682367,15.0,15.0,176.88698617266147,-36.8903045658099,179.2064892466481,123.09288175540878,170.86701588994634,128.61132212682367,-0.31018738664723766,1.8664863114039496,1.0007198892094362
1810,18,171.018441817925,128.67262174255765,15.0,15.0,176.87043662617782,-36.94190742021847,179.28117651945976,123.03993009006562,171.018441817925,128.67262174255765,-0.31050616144798504,1.8662347937662922,0.9875270150655453
1811,18,171.1839386907894,128.73961749980458,15.0,15.0,176.85272896416876,-36.99705882885421,179.361014422102,122.98327903821469,171.1839386907894,128.73961749980458,-0.31084689336935734,1.865965793855993,0.973094666188278
1812,18,171.36315028208662,128.81216519245035,15.0,15.0,176.83401144492535,-37.05528541506397,179.4453826224764,122.92340297990026,171.36315028208662,128.81216519245035,-0.31120666458215474,1.8656811968366749,0.9574504171576383
1813,18,171.55572036536395,128.89012061438058,15.0,15.0,176.81444191647475,-37.11608568628132,179.53365032790867,122.86080610004883,171.55572036536395,128.89012061438058,-0.31158238255559567,1.8653828385540396,0.9406217171699682
1814,18,171.76129271416855,128.97333955948108,15.0,15.0,176.79418778784733,-37.1789305953159,179.62518159904096,122.79602205053106,171.76129271416855,128.97333955948108,-0.3119707832499897,1.8650724753740786,0.9226359233924126
1815,18,171.97951110204767,129.06167782163755,15.0,15.0,176.7734259581446,-37.24326419515446,179.71934062088044,122.72961346477848,171.97951110204767,129.06167782163755,-0.31236843490768207,1.8647517546240555,0.9035203343128801
1816,18,172.21001930254837,129.15499119473589,15.0,15.0,176.75234268875968,-37.30850442039085,179.81549691037077,122.66217128679816,172.21001930254837,129.15499119473589,-0.312771742654233,1.8644221858841519,0.8833022230495744
1817,18,172.45246108921802,129.2531354726616,15.0,15.0,176.73113340484318,-37.374044025498165,179.91303043807517,122.59431388090127,172.45246108921802,129.2531354726616,-0.31317695410430146,1.8640851133757574,0.8620088705685931
1818,18,172.7064802356037,129.35596644930058,15.0,15.0,176.7100024129525,-37.43925170712198,180.01133663973062,122.52668589311561,172.7064802356037,129.35596644930058,-0.31358016614828277,1.8637416896906212,0.839667598741408
1819,18,172.97172051525266,129.4633399185385,15.0,15.0,176.6891625227962,-37.50347343440043,180.1098312916522,122.45995684006502,172.97172051525266,129.4633399185385,-0.3139773330763236,1.8633928511029056,0.8163058031568289
1820,18,173.24782570171212,129.57511167426128,15.0,15.0,176.66883456211292,-37.56603400798052,180.2079552223036,122.39481940607392,173.24782570171212,129.57511167426128,-0.3143642761756964,1.8630392947031071,0.7919509855844595
1821,18,173.53443956852925,129.69113751035442,15.0,15.0,176.64924677503086,-37.626238864896784,180.30517883089416,122.33198743435582,173.53443956852925,129.69113751035442,-0.31473669491560374,1.8626814575884014,0.7666307859691524
1822,18,173.83120588925118,129.81127322070387,15.0,15.0,176.63063409575796,-37.683376142794806,180.4010063826756,122.27219360336329,173.83120588925118,129.81127322070387,-0.3150901798101735,1.8623194983377822,0.7403730138188689
1823,18,174.13776843742525,129.93537459919526,15.0,15.0,176.6132372911669,-37.736719013121984,180.49498004976175,122.21618678466618,174.13776843742525,129.93537459919526,-0.31542022702569583,1.8619532809920822,0.7132056788318919
1824,18,174.45377098659853,130.06329743971435,15.0,15.0,176.59730196777784,-37.78552828886743,180.58668366583413,122.16472908406465,174.45377098659853,130.06329743971435,-0.31572225477198357,1.861582361748209,0.6851570205939534
1825,18,174.77885731031824,130.19489753614698,15.0,15.0,176.58307744080065,-37.8290553082318,180.675746163078,122.11859257297243,174.77885731031824,130.19489753614698,-0.3159916214902283,1.8612059785635287,0.6562555371617054
1826,18,175.11267118213166,130.33003068237875,15.0,15.0,176.5708154652761,-37.866545091255006,180.76184466014715,122.07855572239211,175.11267118213166,130.33003068237875,-0.316223645820914,1.860823043850002,0.6265300123364981
1827,18,175.4548563755859,130.46855267229552,15.0,15.0,176.56076883193543,-37.89723976195658,180.8447071709205,122.04539955698107,175.4548563755859,130.46855267229552,-0.31641362830545516,1.860432140418359,0.5960095414218411
1828,18,175.8050566642282,130.61031929978293,15.0,15.0,176.55318983315644,-37.92038222397986,180.92411490530097,122.01990355172364,175.8050566642282,130.61031929978293,-0.31655687474444727,1.8600315208101743,0.5647235552495835
1829,18,176.1629158216057,130.75518635872686,15.0,15.0,176.54832860729454,-37.935220073119375,180.99990413532632,122.00284129851983,176.1629158216057,130.75518635872686,-0.3166487211040726,1.8596191101302246,0.5327018422539551
1830,18,176.52807762126574,130.90300964301298,15.0,15.0,176.5464313726692,-37.941009725500024,181.0719676024148,121.99497597450828,176.52807762126574,130.90300964301298,-0.3166845598306455,1.8591925124630178,0.4999745683695902
1831,18,176.90018583675533,131.05364494652704,15.0,15.0,176.5477385655285,-37.937020735621815,181.1402554446357,121.99705564810299,176.90018583675533,131.05364494652704,-0.3166598674019411,1.858749020926036,0.466572294529608
1832,18,177.27888424162182,131.20694806315475,15.0,15.0,176.55248289933914,-37.92254027405273,181.2047756264595,122.00980846247145,177.27888424162182,131.20694806315475,-0.3165702329133373,1.858285631378302,0.4325259915431898
1833,18,177.66381660941238,131.36277478678196,15.0,15.0,176.56088736567605,-37.896877730309775,181.2655938574595,122.03393773946195,177.66381660941238,131.36277478678196,-0.31641138746743114,1.85779905976659,0.3978670521389851
1834,18,178.05462671367403,131.52098091129432,15.0,15.0,176.57316319974214,-37.85936940249567,181.3228329908741,122.07011704973806,178.05462671367403,131.52098091129432,-0.3161792341082911,1.8572857630534156,0.3626272999713729
1835,18,178.45095832795425,131.68142223057754,15.0,15.0,176.58950783604374,-37.80938323162994,181.37667189773185,122.1189852970538,178.45095832795425,131.68142223057754,-0.3158698780164697,1.8567419636312177,0.3268389954012936
1836,18,178.8524552258001,131.84395453851755,15.0,15.0,176.61010288189635,-37.746323535416934,181.4273438173261,122.18114186615196,178.8524552258001,131.84395453851755,-0.31547965665900746,1.8561636770864904,0.2905348378821202
1837,18,179.25876118075865,132.00843362899997,15.0,15.0,176.63511213815278,-37.669635693507296,181.4751341901467,122.25714188465881,179.25876118075865,132.00843362899997,-0.31500516957052205,1.8555467431365007,0.25374796480402884
1838,18,179.66951996637738,132.1747152959105,15.0,15.0,176.66467969774808,-37.57881073421611,181.52037798483144,122.34749164955318,179.66951996637738,132.1747152959105,-0.31444330742773463,1.854886859520362,0.21651194667745433
1839,18,180.08437535620322,132.342655333135,15.0,15.0,176.69892815326648,-37.473389771242715,181.5634565362253,122.45264426828254,180.08437535620322,132.342655333135,-0.31379128007104407,1.8541796185862316,0.17886077856746474
1840,18,180.5029711237836,132.51210953455916,15.0,15.0,176.7379569446949,-37.35296823825769,181.6047939171431,122.57299556338276,180.5029711237836,132.51210953455916,-0.3130466431235034,1.853420546277931,0.1408288677261178
1841,18,180.9249510426655,132.68293369406868,15.0,15.0,176.78184087778376,-37.2171998693482,181.64485287181787,122.70888028753515,180.9249510426655,132.68293369406868,-0.31220732286024255,1.852605143188164,0.10245101740866547
1842,18,181.3499588863963,132.8549836055494,15.0,15.0,176.8306288419592,-37.06580037429604,181.68413034421692,122.8605686933708,181.3499588863963,132.8549836055494,-0.31127163899035115,1.851728927312322,0.06376240690163404
1843,18,181.77763842852306,133.028115062887,15.0,15.0,176.88434275451206,-36.89855075953142,181.72315263930867,123.02826349904998,181.77763842852306,133.028115062887,-0.31023832502863824,1.8507874781074205,0.02479856783564216
1844,18,182.20763344259302,133.20218385996728,15.0,15.0,176.94297675484228,-36.71530024838503,181.76247025990637,123.21209728672977,182.20763344259302,133.20218385996728,-0.3091065459566118,1.849776481435605,-0.01440464309712075
1845,18,182.63958770215342,133.37704579067594,15.0,15.0,177.00649666890018,-36.515968757945586,181.8026524657961,123.41213036654193,182.63958770215342,133.37704579067594,-0.30787591290031346,1.84869177495159,-0.053811074852501584
1846,18,183.07314498075144,133.5525566488987,15.0,15.0,177.07483975970385,-36.30054889439604,181.84428160542407,123.62834913369736,183.07314498075144,133.5525566488987,-0.30654649458701855,1.8475293934788295,-0.09338431595385255
1847,18,183.50794905193425,133.7285722285214,15.0,15.0,177.14791477500935,-36.0691074341064,181.88794727339499,123.86066494087777,183.50794905193425,133.7285722285214,-0.305118825382797,1.8462856139107067,-0.13308773135565977
1848,18,183.9436436892491,133.90494832342972,15.0,15.0,177.22560229798367,-35.82178626392849,181.934240349367,124.10891350225484,183.9436436892491,133.90494832342972,-0.3035939097578497,1.8449569991709005,-0.17288450193857563
1849,18,184.37987266624307,134.08154072750938,15.0,15.0,177.30775540120126,-35.558802760981365,181.98374697557847,124.37285483937103,184.37987266624307,134.08154072750938,-0.3019732230756035,1.8435404407715916,-0.2127376662785272
1850,18,184.81627975646353,134.2582052346462,15.0,15.0,177.3942005986076,-35.28044959961271,182.03704253117044,124.65217377282256,184.81627975646353,134.2582052346462,-0.30025870865375315,1.8420331995194423,-0.25261016429165606
1851,18,185.25250873345757,134.4347976387259,15.0,15.0,177.4847390844154,-34.98709398104127,182.0946856616573,124.94648095729049,185.25250873345757,134.4347976387259,-0.29845277109973234,1.8404329439373128,-0.292464882320562
1852,18,185.68820337077236,134.6111737336342,15.0,15.0,177.57914824238605,-34.67917628926895,182.1572124213415,125.2553144510756,185.68820337077236,134.6111737336342,-0.2965582659782462,1.8387377859942529,-0.3322646991967626
1853,18,186.1230074419552,134.7871893132569,15.0,15.0,177.67718340375558,-34.3572081850349,182.2251305851683,125.5781418050004,186.1230074419552,134.7871893132569,-0.29457848592329117,1.8369463137671629,-0.37197253279033626
1854,18,186.55656472055315,134.96270017147972,15.0,15.0,177.77857982734244,-34.02177015769121,182.29891418449395,125.91436264943763,186.55656472055315,134.96270017147972,-0.29251714336025436,1.8350576206941722,-0.41155138654119905
1855,18,186.9885189801136,135.13756210218833,15.0,15.0,177.88305487126004,-33.673508562729374,182.37899831853105,126.26331175241549,186.9885189801136,135.13756210218833,-0.2903783500539704,1.833071331121606,-0.45096439545801426
1856,18,187.41851399418363,135.3116308992686,15.0,15.0,177.9903103222639,-33.31313218010316,182.46577428987004,126.62426251630501,187.41851399418363,135.3116308992686,-0.28816659374487297,1.8309876218927408,-0.49017487107079893
1857,18,187.84619353631035,135.4847623566062,15.0,15.0,178.10003484618574,-32.94140833531072,182.55958510852872,126.99643087560784,187.84619353631035,135.4847623566062,-0.2858867121765526,1.8288072397764763,-0.5291463448320353
1858,18,188.2712013800411,135.65681226808692,15.0,15.0,178.21190652120697,-32.559158631254135,182.6607214044975,127.37897955390237,188.2712013800411,135.65681226808692,-0.2835438648531632,1.8265315145867076,-0.5678426094786377
1859,18,188.693181298923,135.82763642759647,15.0,15.0,178.3255954149323,-32.167254344066315,182.76941778381675,127.77102263412863,188.693181298923,135.82763642759647,-0.28114350289355194,1.824162367897551,-0.6062277578930506
1860,18,189.11177706650338,135.99709062902062,15.0,15.0,178.44076616634698,-31.766611540259063,182.88584965791856,128.17163039316023,189.11177706650338,135.99709062902062,-0.27869133737009255,1.821702317314623,-0.6442662190356883
1861,18,189.52663245632928,136.1650306662451,15.0,15.0,178.55708053474393,-31.358185975632082,183.01013057037127,128.57983434905555,189.52663245632928,136.1650306662451,-0.27619330653373886,1.819154476317316,-0.6819227905621648
1862,18,189.93739124194795,136.3313123331556,15.0,15.0,178.67419987953537,-30.94296783833086,183.14231003938517,128.9946324675367,189.93739124194795,136.3313123331556,-0.2736555423326317,1.816522549740335,-0.7191626677862166
1863,18,190.3436971969066,136.49579142363808,15.0,15.0,178.79178753743182,-30.52197639923819,183.28237192854755,129.41499447312225,190.3436971969066,136.49579142363808,-0.27108433662984266,1.8138108250138163,-0.7559514687020827
1864,18,190.74519409475238,136.65832373157804,15.0,15.0,178.90951106667677,-30.096254632540884,183.43023335236623,129.8398672099487,190.74519409475238,136.65832373157804,-0.2684861075168423,1.8110241593291196,-0.7922552548368254
1865,18,191.14152570903252,136.81876505086132,15.0,15.0,179.0270443317478,-29.666863867870163,183.58574411739136,130.26817999764535,191.14152570903252,136.81876505086132,-0.2658673661035278,1.8081679629411336,-0.8280405477626094
1866,18,191.5323358132943,136.97697117537365,15.0,15.0,179.1440694060398,-29.23487853295397,183.7486866940527,130.6988499286527,191.5323358132943,136.97697117537365,-0.2632346841438762,1.8052481788569459,-0.8632743411597199
1867,18,191.91726818108478,137.13279789900088,15.0,15.0,179.26027827440547,-28.801381042324202,183.9187767089752,131.1307870550761,191.91726818108478,137.13279789900088,-0.2605946628292245,1.8022712591944126,-0.8979241083818484
1868,18,192.29596658595133,137.28610101562862,15.0,15.0,179.37537432189913,-28.36745688342294,184.09566394250058,131.56289941549127,192.29596658595133,137.28610101562862,-0.2579539030497855,1.799244138522089,-0.9319578055345126
1869,18,192.66807480144095,137.43673631914265,15.0,15.0,179.48907359953085,-27.93418994656961,184.27893381151193,131.99409785502502,192.66807480144095,137.43673631914265,-0.25531897739019094,1.7961742045138647,-0.9653438701341426
1870,18,193.0332366011009,137.58455960342874,15.0,15.0,179.60110586216658,-27.50265813983672,184.4681093135069,132.42330059546254,193.0332366011009,137.58455960342874,-0.25269640408762073,1.7930692662672696,-0.9980512154682626
1871,18,193.39109575847846,137.72942666237265,15.0,15.0,179.71121537780303,-27.073929324071706,184.6626534042277,132.84943751601978,193.39109575847846,137.72942666237265,-0.2500926231423436,1.7899375206438044,-1.0300492208252776
1872,18,193.74129604712073,137.87119328986012,15.0,15.0,179.81916151121808,-26.64905759724948,184.861971778096,133.27145410969908,193.74129604712073,137.87119328986012,-0.24751397473120906,1.7867875169928407,-1.0613077178048829
1873,18,194.083481240575,138.00971527977686,15.0,15.0,179.92471908837499,-26.229079951177617,185.06541601823497,133.688315084745,194.083481240575,138.00971527977686,-0.2449666800356084,1.7836281206178446,-1.0917969729563288
1874,18,194.41729511238842,138.14484842600865,15.0,15.0,180.02767855089573,-25.815013317432978,185.2722870810179,134.09900758556907,194.41729511238842,138.14484842600865,-0.24245682455740147,1.7804684753352125,-1.1214876670213234
1875,18,194.74238143610813,138.2764485224412,15.0,15.0,180.12784591238085,-25.4078520134021,185.48183907887355,134.50254401253846,194.74238143610813,138.2764485224412,-0.23999034395994334,1.7773179654622173,-1.1503508710809593
1876,18,195.05838398528144,138.40437136296038,15.0,15.0,180.22504253032824,-25.00856559352293,185.69328332450007,134.89796442516314,195.05838398528144,138.40437136296038,-0.23757301243712348,1.7741861775519117,-1.1783580199215726
1877,18,195.36494653345545,138.5284727414517,15.0,15.0,180.31910470889233,-24.61809710536705,185.90579259968408,135.2843385183935,195.36494653345545,138.5284727414517,-0.23521043358167304,1.7710828621697907,-1.205480882943101
1878,18,195.66171285417738,138.64860845180115,15.0,15.0,180.40988314874951,-24.237361745115237,186.11850561256935,135.66076716690665,195.66171285417738,138.64860845180115,-0.2329080336951267,1.7680178959801094,-1.2316915329354394
1879,18,195.94832672099452,138.7646342878943,15.0,15.0,180.4972422609169,-23.867245902319617,186.3305316084386,136.02638353734284,195.94832672099452,138.7646342878943,-0.23067105745596495,1.7650012443795244,-1.2569623130439358
1880,18,196.22443190745395,138.87640604361707,15.0,15.0,180.58105936155908,-23.50860657961858,186.54095510082774,136.3803537734247,196.22443190745395,138.87640604361707,-0.22850456583953993,1.7620429248827014,-1.2812658022350782
1881,18,196.4896721871029,138.98377951285502,15.0,15.0,180.66122376464628,-23.162271169308,186.74884069203907,136.72187726369117,196.4896721871029,138.98377951285502,-0.22641343616348153,1.759152971429264,-1.304574779558035
1882,18,196.7436913334886,139.08661048949398,15.0,15.0,180.73763578885766,-22.829037565340826,186.95323795480263,137.0501865061898,196.7436913334886,139.08661048949398,-0.2244023641151045,1.7563413997444506,-1.3268621874779019
1883,18,196.98613312015823,139.18475476741975,15.0,15.0,180.8102056944037,-22.509674586425582,187.1531863499015,137.36454658885953,196.98613312015823,139.18475476741975,-0.22247586760278737,1.753618173847614,-1.348101094532826
1884,18,197.216641320659,139.27806814051797,15.0,15.0,180.8788525645268,-22.20492268337597,187.3477201579596,137.66425430849645,197.216641320659,139.27806814051797,-0.2206382922610196,1.7509931737636806,-1.3682646575404207
1885,18,197.43485970853806,139.36640640267456,15.0,15.0,180.94350314538767,-21.91549490169014,187.53587340722547,137.9486369551177,197.43485970853806,139.36640640267456,-0.21889381842851974,1.748476164453364,-1.3873260835498522
1886,18,197.6404320573427,139.44962534777503,15.0,15.0,181.0040906569021,-21.642078068458844,187.7166847830001,138.21705079222988,197.6404320573427,139.44962534777503,-0.21724646941015713,1.7460767659386711,-1.4052585917054325
1887,18,197.83300214062,139.5275807697053,15.0,15.0,181.0605535859151,-21.385334171056087,187.88920250827928,138.46887926698594,197.83300214062,139.5275807697053,-0.21570012082596612,1.7438044245614712,-1.422035375156169
1888,18,198.01221373191726,139.600128462351,15.0,15.0,181.11283447192818,-21.14590189360043,188.0524891891364,138.70353098748905,198.01221373191726,139.600128462351,-0.21425851084396785,1.7416683852749517,-1.4376295631144045
1889,18,198.1777106047816,139.667124219598,15.0,15.0,181.16087869447702,-20.92439827581375,188.20562662227525,138.92043750762275,198.1777106047816,139.667124219598,-0.2129252510873405,1.739677664831003,-1.4520141831360216
1890,18,198.3291365327603,139.72842383533197,15.0,15.0,181.20463327022912,-20.721420457600104,188.34772056596563,139.11905096276791,198.3291365327603,139.72842383533197,-0.21170383800040848,1.7378410256913217,-1.4651621236655674
1891,18,198.46613528940043,139.78388310343865,15.0,15.0,181.2440456669723,-20.537547471338286,188.47790547914212,139.29884160267036,198.46613528940043,139.78388310343865,-0.210597664451454,1.7361669504565629,-1.4770460968625883
1892,18,198.58835064824933,139.8333578178038,15.0,15.0,181.27906264092843,-20.373342042478868,188.5953492367231,139.45929527058118,198.58835064824933,139.8333578178038,-0.20961003134320133,1.7346636165766107,-1.4876386017014194
1893,18,198.69542638285412,139.8767037723132,15.0,15.0,181.30962910328415,-20.229352357488224,188.6992578320977,139.59991088066317,198.69542638285412,139.8767037723132,-0.20874415899354726,1.7333388710762594,-1.4969118873161278
1894,18,198.78700626676203,139.91377676085258,15.0,15.0,181.33568702151754,-20.10611375643512,188.78888008014877,139.72019794858664,198.78700626676203,139.91377676085258,-0.20800319803939715,1.7322002050047112,-1.504837916546188
1895,18,198.86273407352022,139.94443257730762,15.0,15.0,181.35717436103883,-20.004150305512667,188.86351233602514,139.8196742332753,198.86273407352022,139.94443257730762,-0.2073902396049644,1.7312547272947363,-1.5113883296273274
1896,18,198.92225357667593,139.96852701556412,15.0,15.0,181.37402407289727,-19.923976202474414,188.92250324605416,139.8978635509598,198.92225357667593,139.96852701556412,-0.20690832446226692,1.7305091376985169,-1.516534407966886
1897,18,198.96520854977632,139.9859158695079,15.0,15.0,181.38616313385674,-19.866096965298695,188.96525854758283,139.954293826082,198.96520854977632,139.9859158695079,-0.20656045089555286,1.729969698452741,-1.5202470379444755
1898,18,198.99124276636863,139.99645493302455,15.0,15.0,181.39351164605475,-19.83101035132694,188.99124593403985,139.98849544721185,198.99124276636863,139.99645493302455,-0.20634958096267642,1.7296422043159607,-1.522496674687969
1899,18,198.99999999999997,140.00000000000003,15.0,15.0,181.3959820047625,-19.81920695062935,188.99999999999997,140.00000000000006,198.99999999999997,140.00000000000003,-0.20627864482486058,1.7295319506174054,-1.5232533057925457
1900,19,199.0,140.00000000000003,15.0,15.0,181.3959820047625,-19.819206950629372,189.0,140.00000000000003,199.0,140.00000000000003,-0.2062786448248607,1.7295319506174054,-1.523253305792545
1901,19,198.9965573414093,140.04484525908777,15.0,15.0,181.40743295470267,-19.764439552884163,188.996562991039,140.05547505506317,198.9965573414093,140.04484525908777,-0.20594951720904286,1.7292959777995223,-1.5244094403882025
1902,19,198.98680026604868,140.17655276033855,15.0,15.0,181.44095231256685,-19.603603761542622,188.98688764246938,140.21835611880965,198.98680026604868,140.17655276033855,-0.20498309654460478,1.7285998265185312,-1.5277970779965038
1903,19,198.97158512453547,140.3908800897338,15.0,15.0,181.49515092219292,-19.341879963045102,188.9720124483127,140.48332625211745,198.97158512453547,140.3908800897338,-0.20341088048246836,1.727459798256157,-1.533293665695781
1904,19,198.95176826748718,140.68358483325488,15.0,15.0,181.56847996854356,-18.984429978578433,188.9530721615306,140.84506604184725,198.95176826748718,140.68358483325488,-0.2012644447021693,1.7258906687374258,-1.5407750467790537
1905,19,198.92820604552114,141.05042457688324,15.0,15.0,181.65926152883023,-18.536406287271845,188.9312774228808,141.298251358799,198.92820604552114,141.05042457688324,-0.19857545236717533,1.723906017461579,-1.5501157808296246
1906,19,198.9017548092546,141.4871569066001,15.0,15.0,181.76571755862756,-18.002961187688264,188.9078954910797,141.83755086848976,198.9017548092546,141.4871569066001,-0.19537566424153896,1.7215185411246867,-1.5611894470270407
1907,19,198.87327090930506,141.98953940838692,15.0,15.0,181.885997427945,-17.38925535544061,188.8842320572059,142.45762360087124,198.87327090930506,141.98953940838692,-0.1916969471088097,1.71874034930206,-1.5738689314105923
1908,19,198.84361069628977,142.55332966822516,15.0,15.0,182.01820408554858,-16.700465359960326,188.86161413443932,143.15311682981337,198.84361069628977,142.55332966822516,-0.18757127863648348,1.715583241010796,-1.5880266985774099
1909,19,198.81363052082617,143.17428527209614,15.0,15.0,182.16041889037092,-15.941789805952165,188.84137402478336,143.9186644611741,198.81363052082617,143.17428527209614,-0.18303074732529345,1.7120589609865193,-1.603535048009914
1910,19,198.78418673353158,143.84816380598124,15.0,15.0,182.31072511007844,-15.118453863699116,188.824834375762,144.748886079376,198.78418673353158,143.84816380598124,-0.1781075466604467,1.708179434700975,-1.6202663549421719
1911,19,198.7561356850234,144.57072285586176,15.0,15.0,182.46723005162298,-14.235712046002625,188.81329435091297,145.63838675649032,198.7561356850234,144.57072285586176,-0.17283396303117415,1.7039569813323312,-1.6380932954106495
1912,19,198.73033372591897,145.3377200077192,15.0,15.0,182.62808575909176,-13.298849176999688,188.80801694716715,146.58175768484162,198.73033372591897,145.3377200077192,-0.16724235739661208,1.6994045040878918,-1.6568890549110442
1913,19,198.70763720683564,146.1449128475349,15.0,15.0,182.79150819194402,-12.313179578232628,188.81021749913202,147.5735776541147,198.70763720683564,146.1449128475349,-0.16136514104242194,1.6945356574757675,-1.6765275199133338
1914,19,198.68890247839084,146.98805896129022,15.0,15.0,182.95579478271782,-11.284044569007623,188.8210534143374,148.60841535698205,198.68890247839084,146.98805896129022,-0.15523474608736,1.689364991330812,-1.696883451381145
1915,19,198.67498589120189,147.8629159349666,15.0,15.0,183.1193402678286,-10.216808440206599,188.8416151843284,149.68083247353547,198.67498589120189,147.8629159349666,-0.1488835916575726,1.6839080716207122,-1.7178326394035475
1916,19,198.66674379588608,148.76524135454537,15.0,15.0,183.28065068793524,-9.11685311240096,188.8729187139931,150.78538745453022,198.66674379588608,148.76524135454537,-0.1423440468457391,1.678181578287686,-1.739252038077609
1917,19,198.66503254306096,149.69079280600783,15.0,15.0,183.43835546479792,-7.989571729686045,188.91589900576128,151.91663989686975,198.66503254306096,149.69079280600783,-0.1356483917112843,1.6722033806149494,-1.76101987987465
1918,19,198.67070848334373,150.63532787533555,15.0,15.0,183.59121747846618,-6.840361469731306,188.97140522655377,153.0691553821288,198.67070848334373,150.63532787533555,-0.1288287776575846,1.665992590838478,-1.7830157688747985
1919,19,198.68462796735182,151.5946041485097,15.0,15.0,183.738141090587,-5.674615868091987,189.04019717400402,154.23751063045813,198.68462796735182,151.5946041485097,-0.12191718854517819,1.6595695969461932,-1.805120752452967
1920,19,198.70764734570255,152.5643792115119,15.0,15.0,183.87817808497923,-4.497716961173769,189.1229431450279,155.41629880812923,198.70764734570255,152.5643792115119,-0.11494540387090268,1.6529560758106596,-1.8272173712324116
1921,19,198.74062296901337,153.5404106503233,15.0,15.0,184.01053152366964,-3.315027548072976,189.22021919493142,156.600134817376,198.74062296901337,153.5404106503233,-0.10794496526763386,1.6461749879798928,-1.8491896873758011
1922,19,198.78441118790155,154.51845605092547,15.0,15.0,184.13455754363827,-2.1318838578165327,189.3325097596121,157.78366039214205,198.78441118790155,154.51845605092547,-0.1009471474648822,1.6392505555966144,-1.8709232915438758
1923,19,198.83986835298447,155.49427299929962,15.0,15.0,184.24976514500148,-0.9535888865746607,189.46020959779227,158.96154882278788,198.83986835298447,155.49427299929962,-0.09398293470481744,1.6322082250228733,-1.8923052891040442
1924,19,198.90785081487962,156.46361908142723,15.0,15.0,184.3558140438964,0.21459335935665358,189.60362699539016,160.12850913664644,198.90785081487962,156.46361908142723,-0.0870830034393304,1.6250746158089602,-1.913224266402235
1925,19,198.9892149242042,157.42225188328968,15.0,15.0,184.4525106817979,1.3674425130435424,189.76298816085853,161.2792895693026,198.9892149242042,157.42225188328968,-0.08027771194958677,1.617877457659009,-1.9335702381089457
1926,19,199.08473737068894,158.36634877735207,15.0,15.0,184.53984209023164,2.5003222433810723,189.93841587813768,162.40921943505248,199.08473737068894,158.36634877735207,-0.07359392983091717,1.6106427650181063,-1.9532480549390467
1927,19,199.1946897751776,159.2947486818004,15.0,15.0,184.61814284749673,3.612040702294557,190.1298168028467,163.51707955413912,199.1946897751776,159.2947486818004,-0.06703819753683748,1.6033797454548837,-1.9722489099617473
1928,19,199.31914642833925,160.2073303794719,15.0,15.0,184.6878508561676,4.7027541636117185,190.33704511731972,164.60299370126774,199.31914642833925,160.2073303794719,-0.06060913512888155,1.5960906578589864,-1.9905973257287517
1929,19,199.4581811670424,161.10397504458197,15.0,15.0,184.7493908956236,5.772633606235134,190.55997990960765,165.66708959302215,199.4581811670424,161.10397504458197,-0.054305313578959735,1.5887774716048464,-2.008317658779382
1930,19,199.61186782815568,161.98456385134614,15.0,15.0,184.80317436726557,6.8218599425047035,190.7985241098636,166.70949480356558,199.61186782815568,161.98456385134614,-0.04812528076991884,1.5814418974860014,-2.02543403016113
1931,19,199.78028024854763,162.84897797397977,15.0,15.0,184.84959935686638,7.85062252276639,191.0526032938878,167.73033587676667,199.78028024854763,162.84897797397977,-0.04206756822404967,1.5740854021444988,-2.041970333130554
1932,19,199.96349226508684,163.6970985866984,15.0,15.0,184.88905075434508,8.859117833115496,191.32216452505588,168.72973754547257,199.96349226508684,163.6970985866984,-0.036130696762052494,1.5667092215080103,-2.057950240931425
1933,19,200.16157771464196,164.52880686371734,15.0,15.0,184.92190041953228,9.847548368537797,191.60717523814986,169.70782204714612,200.16157771464196,164.52880686371734,-0.030313181203211026,1.5593143732557184,-2.0733972145604427
1934,19,200.37461043408146,165.3439839792522,15.0,15.0,184.94850738407766,10.816121664758391,191.907622167805,170.66470852565905,200.37461043408146,165.3439839792522,-0.02461353420898693,1.5519016683394784,-2.0883345104448017
1935,19,200.60266426027405,166.14251110751832,15.0,15.0,184.96921808106651,11.765049473199126,192.22351032357568,171.60051250959876,200.60266426027405,166.14251110751832,-0.019030269364084362,1.5444717215910446,-2.1027851879683532
1936,19,200.8458130300882,166.92426942273113,15.0,15.0,184.98436659517353,12.694547064533218,192.55486201300215,172.5153454580109,200.8458130300882,166.92426942273113,-0.013561903581233548,1.5370249614493978,-2.116772116794148
1937,19,201.1041305803925,167.6891400991062,15.0,15.0,184.99427492729924,13.604832647386068,192.90171591352168,173.40931436504445,201.1041305803925,167.6891400991062,-0.008206958908595463,1.5295616388445814,-2.1303179839408695
1938,19,201.37769074805556,168.43700431085875,15.0,15.0,184.9992532686211,14.496126889759836,193.26412619359493,174.28252141549547,201.37769074805556,168.43700431085875,-0.0029639638117763267,1.5220818352761052,-2.143445300579222
1939,19,201.666567369946,169.1677432322045,15.0,15.0,184.99960027985605,15.368652531749815,193.642161683014,175.13506368375837,201.666567369946,169.1677432322045,0.0021685460040413718,1.5145854701249413,-2.156176408521796
1940,19,201.97083428293234,169.88123803735868,15.0,15.0,184.9956033722894,16.22263407905568,194.0359050920042,175.96703286917452,201.97083428293234,169.88123803735868,0.0071920271723284745,1.507072307238662,-2.168533486386435
1941,19,202.2905653238832,170.5773699005368,15.0,15.0,184.98753898778244,17.058297567686452,194.44545227842974,176.77851506123545,202.2905653238832,170.5773699005368,0.01210792858988774,1.4995419608292617,-2.180538555418738
1942,19,202.62583432966707,171.25601999595438,15.0,15.0,184.97567287554315,17.875870391089677,194.8709115621476,177.56959052853006,202.62583432966707,171.25601999595438,0.016917691639187216,1.4919939007229501,-2.1922134849641823
1943,19,202.97671513715267,171.9170694978268,15.0,15.0,184.960260363935,18.675581181721235,195.31240308532745,178.34033352573712,202.97671513715267,171.9170694978268,0.021622750664309298,1.4844274570005938,-2.2035799975845176
1944,19,203.34328158320847,172.56039958036942,15.0,15.0,184.94154662602125,19.45765973980088,195.77005821735514,179.09081211334873,203.34328158320847,172.56039958036942,0.026224533660819227,1.476841824066688,-2.2146596738166067
1945,19,203.72560750470308,173.18589141779785,15.0,15.0,184.9197669379007,20.222337002674447,196.2440190027618,179.82108798516643,203.72560750470308,173.18589141779785,0.030724463143830927,1.4692360641837994,-2.225473956574929
1946,19,204.1237667385051,173.79342618432744,15.0,15.0,184.89514692919565,20.969845048828386,196.73443765046386,180.5312162989442,204.1237667385051,173.79342618432744,0.03512395716217531,1.4616091105083437,-2.236044155201533
1947,19,204.5378331214831,174.3828850541737,15.0,15.0,184.86790282530782,21.70041713117769,197.24147606245631,181.22124550586022,204.5378331214831,174.3828850541737,0.039424430429878865,1.4539597696624378,-2.2463914491693626
1948,19,204.96788049050565,174.954149201552,15.0,15.0,184.83824168127146,22.41428773477432,197.76530539996978,181.8912171747805,204.96788049050565,174.954149201552,0.04362729554914957,1.4462867238753991,-2.2565368914467436
1949,19,205.4139826824414,175.50709980067782,15.0,15.0,184.80636160720798,23.11169265456516,198.30610568497445,182.54116580753902,205.4139826824414,175.50709980067782,0.04773396430177812,1.4385885327273193,-2.26650141153236
1950,19,205.8762135341588,176.04161802576658,15.0,15.0,184.7724519855298,23.79286908926654,198.86406543479168,183.1711186416963,205.8762135341588,176.04161802576658,0.05174584898830492,1.430863634525999,-2.2763058181713527
1951,19,206.35464688252645,176.5575850510338,15.0,15.0,184.73669368015612,24.458055747818626,199.43938132744947,183.78109543745714,206.35464688252645,176.5575850510338,0.0556643637964952,1.4231103473474827,-2.2859708017643325
1952,19,206.84935656441306,177.05488205069483,15.0,15.0,184.6992592380932,25.10749296524355,200.03225789528935,184.37110824562836,206.84935656441306,177.05488205069483,0.05949092618264362,1.4153268697694268,-2.295516936482051
1953,19,207.3604164166871,177.53339019896518,15.0,15.0,184.66031308380119,25.741422825052503,200.64290724419922,184.9411611536817,207.3604164166871,177.53339019896518,0.06322695825098201,1.4075112813256556,-2.304964682099366
1954,19,207.88790027621715,177.99299067006027,15.0,15.0,184.62001170682186,26.360089285635873,201.27154879570398,185.49125000715384,207.88790027621715,177.99299067006027,0.0668738881180253,1.3996615427094894,-2.3143343855629124
1955,19,208.43188197987186,178.43356463819552,15.0,15.0,184.5785038431752,26.963738308330356,201.9184090489895,186.02136210377554,208.43188197987186,178.43356463819552,0.07043315125009175,1.3917754957527708,-2.323646282307652
1956,19,208.9924353645197,178.8549932775865,15.0,15.0,184.5359306510587,27.55261798508242,202.58372135977015,186.53147585786547,208.9924353645197,178.8549932775865,0.07390619176343638,1.3838508632070334,-2.3329204973381747
1957,19,209.56963426702944,179.25715776244837,15.0,15.0,184.49242588139245,28.126978663831448,203.2677257327255,187.02156043266498,209.56963426702944,179.25715776244837,0.07729446367752169,1.3758852483529012,-2.3421770460913676
1958,19,210.16355252426942,179.63993926699695,15.0,15.0,184.44811604375806,28.687073069911456,203.9706686240303,187.49157533842558,210.16355252426942,179.63993926699695,0.08059943211287779,1.3678761344636317,-2.3514358350978184
1959,19,210.77426397310842,180.00321896544742,15.0,15.0,184.40312056827378,29.23315642192199,204.69280275028632,187.94146999418865,210.77426397310842,180.00321896544742,0.08382257442579855,1.3598208841487154,-2.3607166624601135
1960,19,211.40184245041488,180.34687803201535,15.0,15.0,184.35755196393742,29.765486540653956,205.4343868999181,188.3711832513378,211.40184245041488,180.34687803201535,0.08696538127282893,1.3517167386036157,-2.3700392181670606
1961,19,212.0463617930574,180.67079764091608,15.0,15.0,184.31151597395447,30.284323949764875,206.19568574284065,188.78064287713482,212.0463617930574,180.67079764091608,0.09002935759855779,1.3435608167921105,-2.379423084263828
1962,19,212.7078958379047,180.97485896636513,15.0,15.0,184.26511172854745,30.789931966995354,206.97696963391536,189.16976499660296,212.7078958379047,180.97485896636513,0.09301602354073313,1.335350114588259,-2.3888877348990234
1963,19,213.38651842182523,181.25894318257792,15.0,15.0,184.21843189572246,31.28257678479479,207.77851440540655,189.53845349127567,213.38651842182523,181.25894318257792,0.09592691524710228,1.3270815039057993,-2.3984525362709332
1964,19,214.0823033816876,181.52293146377,15.0,15.0,184.17156283044315,31.76252753928912,208.600601143316,189.88659935350782,214.0823033816876,181.52293146377,0.09876358559870502,1.3187517318437423,-2.4081367464964094
1965,19,214.79532455436035,181.7667049841566,15.0,15.0,184.12458472263788,32.23005636657297,209.44351594211415,190.21407999524067,214.79532455436035,181.7667049841566,0.10152760483459145,1.3103574198781462,-2.417959515427359
1966,19,215.52565577671206,181.99014491795336,15.0,15.0,184.07757174443873,32.68543844534743,210.3075496320046,190.52075851033734,215.52565577671206,181.99014491795336,0.10422056107312261,1.3018950631314459,-2.4279398844413818
1967,19,216.27337088561143,182.19313243937563,15.0,15.0,184.0305921970252,33.128952024950806,211.19299747244784,190.80648288985776,216.27337088561143,182.19313243937563,0.10684406072512953,1.2933610297523732,-2.438096786234839
1968,19,217.03854371792693,182.37554872263888,15.0,15.0,183.98370865741853,33.56087843785127,212.1001588052385,191.07108518993815,217.03854371792693,182.37554872263888,0.10939972879430204,1.2847515604413435,-2.448449044648637
1969,19,217.82124811052714,182.5372749419586,15.0,15.0,183.93697812554763,33.98150209567846,213.02933665997327,191.31438065227397,217.82124811052714,182.5372749419586,0.11188920906019828,1.276062768158283,-2.459015374559061
1970,19,218.62155790028075,182.67819227155013,15.0,15.0,183.8904521718816,34.39111046787601,213.98083730426742,191.53616677759481,218.62155790028075,182.67819227155013,0.11431416413927464,1.2672906380522015,-2.4698143818683786
1971,19,219.43954692405615,182.798181885629,15.0,15.0,183.84417708590183,34.789994042056215,214.95496973057828,191.73622235296511,219.43954692405615,182.798181885629,0.1166762754193067,1.2584310276543582,-2.4808645636324247
1972,19,220.27528901872205,182.89712495841061,15.0,15.0,183.79819402566258,35.178446265130646,215.95204507098106,191.91430643425554,220.27528901872205,182.89712495841061,0.11897724286251476,1.249479667379658,-2.4921843083651254
1973,19,221.12885802114707,182.97490266411043,15.0,15.0,183.75253916867007,35.55676346428297,216.97237593070892,192.0701572857176,221.12885802114707,182.97490266411043,0.12121878467264402,1.2404321613839449,-2.5037918965628707
1974,19,222.00032776819972,183.03139617694393,15.0,15.0,183.70724386428978,35.92524474683783,218.01627563073492,192.20349127926173,222.00032776819972,183.03139617694393,0.12340263682116392,1.2312839888280909,-2.515705501494803
1975,19,222.88977209674852,183.06648667112646,15.0,15.0,183.66233478787615,36.2841918780671,219.08405734913018,192.31400175680002,222.88977209674852,183.06648667112646,0.12553055242766187,1.222030505603277,-2.5279431903084904
1976,19,223.79726484366222,183.08005532087358,15.0,15.0,183.6178340968027,36.6339091359635,220.17603315039577,192.40135785987974,223.79726484366222,183.08005532087358,0.127604300989428,1.2126669465755406,-2.5405229255040633
1977,19,224.72287984580913,183.07198330040075,15.0,15.0,183.57375958855843,36.97470314199723,221.2925128914389,192.46520333180447,224.72287984580913,183.07198330040075,0.12962566745512683,1.2031884284116003,-2.553462566833703
1978,19,225.66624409669396,183.04232564731643,15.0,15.0,183.5301259733231,37.30687426368493,222.433238004781,192.5052887989753,225.66624409669396,183.04232564731643,0.13159640127581285,1.1935936505030924,-2.566771036396089
1979,19,226.62343219189404,182.99251961055282,15.0,15.0,183.4869569038605,37.630628654031256,223.59344344812118,192.52242875034054,226.62343219189404,182.99251961055282,0.1335176943330728,1.1839109485710657,-2.5803870804378612
1980,19,227.5888231814106,182.92466216307676,15.0,15.0,183.44429208211375,37.94603375216627,224.76617938344762,192.51802872491632,227.5888231814106,182.92466216307676,0.13538991608130213,1.174183885465652,-2.5942164760711477
1981,19,228.55678563524188,182.84085435554573,15.0,15.0,183.40218751686166,38.253026459705495,225.9444388250121,192.49360754533996,228.55678563524188,182.84085435554573,0.13721266110692132,1.1644575914992952,-2.6081655001893136
1982,19,229.5216881233862,182.74319723861706,15.0,15.0,183.36071725657993,38.551409402622895,227.1211758785028,192.45079946378908,229.5216881233862,182.74319723861706,0.1389847260262208,1.1547787239498601,-2.622141158681015
1983,19,230.4778992158417,182.63379186294807,15.0,15.0,183.31997486626295,38.84084858012832,228.28931166312856,192.39135736486037,230.4778992158417,182.63379186294807,0.1407040946325785,1.145195492322649,-2.6360511968394356
1984,19,231.4197874826066,182.51473927919622,15.0,15.0,183.28007458129719,39.12087268141537,229.44174086186678,192.3171538575631,231.4197874826066,182.51473927919622,0.14236793298997652,1.1357576624005072,-2.6498040985059017
1985,19,232.34172149367916,182.38814053801894,15.0,15.0,183.24115208254483,39.39087423480393,230.57133860622486,192.2301801859684,232.34172149367916,182.38814053801894,0.14397259548410057,1.12651653791516,-2.6633090737923273
1986,19,233.23806981905759,182.25609669007363,15.0,15.0,183.20336483003098,39.65011277571564,231.6709674023,192.13254291406497,233.23806981905759,182.25609669007363,0.14551364297678515,1.1175249184353135,-2.6764760351237533
1987,19,234.10320102874007,182.1207087860175,15.0,15.0,183.16689188709933,39.89772023765722,232.7334838145078,192.02645836659119,234.10320102874007,182.1207087860175,0.14698587431872823,1.1088370318494458,-2.6892155612338584
1988,19,234.9314836927248,181.98407787650822,15.0,15.0,183.13193316346567,40.13270878190234,233.75174464217767,191.9142448324367,234.9314836927248,181.98407787650822,0.14838337254647482,1.1005084396483267,-2.7014388486444587
1989,19,235.71728638101007,181.8483050122029,15.0,15.0,183.09870800521645,40.35398128454332,234.71861235218012,191.79831255914178,235.71728638101007,181.8483050122029,0.1496995671082083,1.0925959131128855,-2.713057650079168
1990,19,236.4549776635942,181.71549124375906,15.0,15.0,183.0674530634828,40.560344691611874,235.62695956759856,191.6811515847853,236.4549776635942,181.71549124375906,0.15092731341372878,1.0851572785179862,-2.723984199217151
1991,19,237.13892611047518,181.58773762183415,15.0,15.0,183.0384193822837,40.75052643158469,236.46967245780345,191.56531746608422,237.13892611047518,181.58773762183415,0.15205899087173835,1.0782512296036875,-2.734131121201671
1992,19,237.76350029165138,181.46714519708547,15.0,15.0,183.01186866078376,40.923194037609505,237.23965292867786,191.4534149681414,237.76350029165138,181.46714519708547,0.15308662034847675,1.071937105871589,-2.743411328395069
1993,19,238.32306877712094,181.35581502017038,15.0,15.0,182.9880686666343,41.07697807749519,237.9298195726973,191.34807978163565,238.32306877712094,181.35581502017038,0.15400200164509625,1.0662746357579798,-2.751737901029286
1994,19,238.81200013688215,181.2558481417463,15.0,15.0,182.96728780548244,41.210498417050964,238.53310740666842,191.25195832746525,238.81200013688215,181.2558481417463,0.1547968711416141,1.0613236444298972,-2.759023952645881
1995,19,239.22466294093314,181.16934561247066,15.0,15.0,182.94978888691486,41.32239375210255,239.0424664998131,191.16768569754694,239.22466294093314,181.16934561247066,0.15546307919518965,1.057143726841667,-2.7651824805508376
1996,19,239.55542575927228,181.09840848300087,15.0,15.0,182.93582216815537,41.41135423838955,239.45085967636658,191.09786176477112,239.55542575927228,181.09840848300087,0.15599278622209944,1.0537938877544315,-2.7701262019160775
1997,19,239.7986571618976,181.04513780399418,15.0,15.0,182.92561780204338,41.47615693037901,239.75125956487315,191.04502547675312,239.7986571618976,181.04513780399418,0.1563786756602622,1.05133215161197,-2.7737673766178004
1998,19,239.94872571880737,181.01163462610813,15.0,15.0,182.91937786261124,41.51570361566105,239.93664536106212,191.0116273293533,239.94872571880737,181.01163462610813,0.1566141812393821,1.0498151464089835,-2.7760176183749126
1999,19,239.99999999999991,181.0,15.0,15.0,182.9172681665519,41.5290605088512,239.9999997728208,191.0,239.99999999999991,181.0,0.15669372522805058,1.0492976668841156,-2.77678769618915
2000,20,239.99999999999997,181.0,15.0,15.0,182.91726815196478,41.5290606011814,239.99999999999997,191.0,239.99999999999997,181.0,0.15669372577790586,1.04929766471678,-2.7767877172895825
2001,20,240.04486357814434,181.00345286394145,15.0,15.0,182.9158634943951,41.53794993837457,240.01296190228825,191.00340197796586,240.04486357814434,181.00345286394145,0.15674666479048938,1.049148607866032,-2.7735014264546387
2002,20,240.17662374386242,181.01323956566725,15.0,15.0,182.9118830783748,41.563123330553296,240.05116890044343,191.01245258881374,240.17662374386242,181.01323956566725,0.1568965832673781,1.048716418879052,-2.7638635154888744
2003,20,240.3910346440819,181.0285022700296,15.0,15.0,182.90580009372917,41.60154685135164,240.11362420167848,191.024653701778,240.3910346440819,181.0285022700296,0.15712541886809883,1.0480289375392222,-2.748206079637197
2004,20,240.68385042573044,181.0483831418807,15.0,15.0,182.89822644229736,41.64930688650344,240.19939786789246,191.0366415345738,240.68385042573044,181.0483831418807,0.15740987069747348,1.047119692853607,-2.72686166481349
2005,20,241.05082523573557,181.07202434607277,15.0,15.0,182.88988155712914,41.70182897730322,240.30768732706775,191.04437341982168,241.05082523573557,181.07202434607277,0.15772269946728534,1.0460259958373912,-2.7001626605467193
2006,20,241.48771322102502,181.09856804745797,15.0,15.0,182.88156085177943,41.754093630139735,240.43788434216637,191.04330833190554,241.48771322102502,181.09856804745797,0.15803401035209108,1.0447870025727122,-2.6684406458955774
2007,20,241.99026852852634,181.12715641088852,15.0,15.0,182.87410330682508,41.800847727813036,240.5896398857981,191.02858254075332,241.99026852852634,181.12715641088852,0.1583125110736695,1.0434418081592116,-2.632025741483482
2008,20,242.55424530516714,181.15693160121657,15.0,15.0,182.86835807059006,41.836809770987315,240.76291973336703,190.9951810743604,242.55424530516714,181.15693160121657,0.1585267350529017,1.0420276284269945,-2.5912460143634166
2009,20,243.17539769787516,181.18703578329433,15.0,15.0,182.86515041000482,41.856866493067656,240.9580449040389,190.93810478046927,243.17539769787516,181.18703578329433,0.1586462150663639,1.040578125199699,-2.5464269769375942
2010,20,243.84947985357798,181.2166111219741,15.0,15.0,182.86524782196994,41.85625762589825,241.17571239212725,190.85253181291418,243.84947985357798,181.2166111219741,0.1586425879466714,1.039121930438305,-2.497891215801607
2011,20,244.57224591920317,181.24479978210795,15.0,15.0,182.86932753629765,41.830744911597606,241.4169929724966,190.7339714447084,244.57224591920317,181.24479978210795,0.15849060649391622,1.0376814230460683,-2.445958180460802
2012,20,245.33945004167842,181.27074392854814,15.0,15.0,182.87794694672726,41.776760986942236,241.68330424464915,190.57840732549505,245.33945004167842,181.27074392854814,0.15816903173639496,1.0362718081533946,-2.3909441548758776
2013,20,246.14684636793135,181.2935857261468,15.0,15.0,182.89151864808716,41.69153360223053,241.9763584924761,190.38242673480576,246.14684636793135,181.2935857261468,0.15766137757713194,1.0349005414849861,-2.333162426476559
2014,20,246.99018904488952,181.3124673397563,15.0,15.0,182.9102917056658,41.5731808280119,242.29808635073672,190.14333209398757,246.99018904488952,181.3124673397563,0.15695648102405285,1.0335671306210639,-2.2729236576529908
2015,20,247.86523221948067,181.3265309342286,15.0,15.0,182.9343405311372,41.42077346278971,242.65053863800446,189.85923102571843,247.86523221948067,181.3265309342286,0.15604887470773332,1.0322633308151292,-2.2105364540912475
2016,20,248.76773003863235,181.33491867441603,15.0,15.0,182.96356230765977,41.23436175935868,243.03576997918034,189.5291016035949,248.76773003863235,181.33491867441603,0.15493894408465897,1.0309737362287084,-2.1463081132113384
2017,20,249.6934366492722,181.33677272517073,15.0,15.0,182.9976833390936,41.01496478370914,243.45570893258562,189.1528301029335,249.6934366492722,181.33677272517073,0.15363285924717218,1.0296767490869796,-2.0805455251327833
2018,20,250.6381061983279,181.33123525134494,15.0,15.0,183.03627405778047,40.76452213371117,243.9120201920335,188.73121951051272,250.6381061983279,181.33123525134494,0.15214228010708736,1.028345890692621,-2.013556188872071
2019,20,251.597492832727,181.3174484177909,15.0,15.0,183.078771785612,40.48580928752633,244.4059649966467,188.26596821576817,251.597492832727,181.3174484177909,0.1504838432965352,1.0269514008767713,-1.945649298694469
2020,20,252.56735069939717,181.29455438936074,15.0,15.0,183.1245097778491,40.1823194316551,244.93826610938035,187.75961961086995,252.56735069939717,181.29455438936074,0.14867844882194386,1.0254620576337652,-1.8771368504027384
2021,20,253.54343394526597,181.2616953309067,15.0,15.0,183.1727506515405,39.85811614533135,245.50898359892855,187.21548468158397,253.54343394526597,181.2616953309067,0.14675037372864674,1.0238471374489133,-1.8083347153295208
2022,20,254.52149671726127,181.21801340728086,15.0,15.0,183.2227220542878,39.51766270764477,246.11740718299217,186.6375409789414,254.52149671726127,181.21801340728086,0.14472624826281183,1.0220784299003223,-1.739563631101089
2023,20,255.4972931623103,181.16265078333552,15.0,15.0,183.27365238330808,39.165634971620115,246.76197009333967,186.03031253007896,255.4972931623103,181.16265078333552,0.14263393681851538,1.0201322178050258,-1.67115006273055
2024,20,256.4665774273411,181.0947496239229,15.0,15.0,183.32480451118434,38.806725652041614,247.44018835846464,185.39873619189302,256.4665774273411,181.0947496239229,0.14050137098997245,1.0179911363916936,-1.6034268948427868
2025,20,257.4251036592809,181.0134520938952,15.0,15.0,183.37550578081283,38.44544845072208,248.1486281421282,184.74802060707918,257.4251036592809,181.0134520938952,0.13835538506938694,1.015645831265936,-1.5367339251376115
2026,20,258.3690627235043,180.91798332820255,15.0,15.0,183.42519714565998,38.08577411406361,248.8832101166364,184.0832005910104,258.3690627235043,180.91798332820255,0.13621955698586935,1.0130954509369887,-1.471375439653672
2027,20,259.29732121834,180.80807681180337,15.0,15.0,183.47356464648024,37.73011252299992,249.64104577755188,183.4073737574468,259.29732121834,180.80807681180337,0.13410817220638804,1.0103420545695947,-1.407399620944571
2028,20,260.2097586552963,180.68365846830022,15.0,15.0,183.52042597197976,37.38003642138418,250.41983518458784,182.72262841355973,260.2097586552963,180.68365846830022,0.1320305329283375,1.0073896140770147,-1.3447570475511457
2029,20,261.1062564550104,180.54465458400227,15.0,15.0,183.5656607235897,37.03674260909832,251.2172939984703,182.03073046804738,261.1062564550104,180.54465458400227,0.12999370193975268,1.0042447185360799,-1.2833984975925914
2030,20,261.9866960381198,180.39099144521867,15.0,15.0,183.609200870981,36.701091715606964,252.03117834200907,181.3331524730826,261.9866960381198,180.39099144521867,0.1280027422280498,1.0009161126683683,-1.22327490503223
2031,20,262.85095882526196,180.2225953382587,15.0,15.0,183.65102213569025,36.37364574860621,252.85930615680053,180.63110109443343,262.85095882526196,180.2225953382587,0.12606094274044355,0.9974142766862085,-1.1643371652839338
2032,20,263.6989262370742,180.03939254943143,15.0,15.0,183.69113622790815,36.054703943236504,253.6995743336612,179.9255439143472,263.6989262370742,180.03939254943143,0.12417003345187749,0.9937510488720448,-1.1065359728594188
2033,20,264.5304796941939,179.84130936504616,15.0,15.0,183.7295839314043,35.74433672921832,254.54997211533544,179.2172352762168,264.5304796941939,179.84130936504616,0.12233038871197821,0.9899392886338257,-1.049821687770589
2034,20,265.3455006172586,179.628272071412,15.0,15.0,183.76642900344595,35.44241770008713,255.4085912401984,178.50674096078984,265.3455006172586,179.628272071412,0.12054121825058212,0.9859925774210573,-0.9941442274511155
2035,20,266.14387042690566,179.40020695483813,15.0,15.0,183.8017528379557,35.14865352408731,256.2736332615427,177.7944615517658,266.14387042690566,179.40020695483813,0.11880074555413078,0.9819249546844381,-0.9394529810924668
2036,20,266.9254705437724,179.15704030163374,15.0,15.0,183.8356498290922,34.86261178164025,257.14341444041116,177.080654405252,266.9254705437724,179.15704030163374,0.11710637359323689,0.9777506859823193,-0.8856967434779357
2037,20,267.6901823884964,178.89869839810802,15.0,15.0,183.86822336721238,34.58374675084595,258.01636857224105,176.36545418397708,267.6901823884964,178.89869839810802,0.11545483809398677,0.9734840603514606,-0.8328236656246959
2038,20,268.43788738171486,178.62510753057023,15.0,15.0,183.89958239832427,34.31142319125301,258.891048069918,175.64889195458622,268.43788738171486,178.62510753057023,0.11384234870963283,0.9691392141446088,-0.7807812197930757
2039,20,269.1684669440653,178.3361939853294,15.0,15.0,183.9298384804526,34.04493819806714,259.76612358903196,174.9309128759259,269.1684669440653,178.3361939853294,0.11226471857178932,0.9647299786747698,-0.729516176682024
2040,20,269.8818024961851,178.0318840486949,15.0,15.0,183.95910327481016,33.78354121490506,260.6403824457669,174.2113925290436,269.8818024961851,178.0318840486949,0.11071748278681914,0.9602697491806915,-0.6789745928909796
2041,20,270.5777754587118,177.71210400697578,15.0,15.0,183.9874864155091,33.52645230388508,261.5127260443522,173.49015195665385,270.5777754587118,177.71210400697578,0.10919600649873956,0.9557713728283435,-0.6291018069842584
2042,20,271.25626725228267,177.37678014648125,15.0,15.0,184.01509370812158,33.272878777983614,262.3821664996058,172.7669714919556,271.25626725228267,177.37678014648125,0.10769558316920852,0.9512470536796732,-0.5798424427397941
2043,20,271.91715929753514,177.02583875352056,15.0,15.0,184.04202561424003,33.02203030278826,263.2478226109366,172.04160346469268,271.91715929753514,177.02583875352056,0.10621152373180665,0.9467082727856507,-0.5311404183964661
2044,20,272.5603330151066,176.65920611440282,15.0,15.0,184.06837598593273,32.773132573614745,264.1089153172796,171.3137838769312,272.5603330151066,176.65920611440282,0.10473923726539947,0.9421657217901754,-0.48293896093136746
2045,20,273.18566982563453,176.27680851543715,15.0,15.0,184.0942310203868,32.525439669921646,264.96476273778353,170.58324314276243,273.18566982563453,176.27680851543715,0.10327430380282948,0.9376292486608302,-0.43518062459925244
2046,20,273.79305114975637,175.87857224293296,15.0,15.0,184.1196684109025,32.27824518249417,265.8147748805617,169.84971598553187,273.79305114975637,175.87857224293296,0.10181253984914818,0.9331078143890117,-0.38780731315089756
2047,20,274.3823584081093,175.46442358319922,15.0,15.0,184.14475667563624,32.03089220034594,266.6584480813328,169.11295058365693,274.3823584081093,175.46442358319922,0.10035005713020867,0.9286094597237786,-0.34076030531554324
2048,20,274.95347302133104,175.03428882254522,15.0,15.0,184.1695546500166,31.782782234034993,267.4953592151803,168.37271705197148,274.95347302133104,175.03428882254522,0.09888331502959719,0.9241412812196768,-0.2939802832856506
2049,20,275.5062764100588,174.58809424728014,15.0,15.0,184.1941111325529,31.53338314034183,268.32515970777763,167.62881534007875,275.5062764100588,174.58809424728014,0.0974091671009063,0.9197094160885246,-0.24740736408095843
2050,20,276.04064999493,174.1257661437131,15.0,15.0,184.21846467680703,31.28223610024774,269.14756935712245,166.88108262262796,276.04064999493,174.1257661437131,0.09592490196456421,0.915319035548341,-0.20098113379424254
2051,20,276.55647519658214,173.64723079815334,15.0,15.0,184.2426435246288,31.028961688001704,269.96236996293044,166.12940024888402,276.55647519658214,173.64723079815334,0.09442827881446852,0.9109743465599179,-0.15464068483452087
2052,20,277.05363343565256,173.15241449690998,15.0,15.0,184.2666656773842,30.773265053902072,270.7693987482209,165.37370031053698,277.05363343565256,173.15241449690998,0.09291755767021703,0.9066786020333282,-0.10832465638579347
2053,20,277.53200613277863,172.64124352629239,15.0,15.0,184.2905391028788,30.514940227298997,271.5685415461735,164.61397187745015,277.53200613277863,172.64124352629239,0.09139152441602011,0.9024341197737924,-0.06197127839181893
2054,20,277.99147470859793,172.11364417260958,15.0,15.0,184.31426207603647,30.25387352927895,272.3597257149292,163.8502669409741,277.99147470859793,172.11364417260958,0.08984951056754198,0.8982423106196158,-0.015518419460895272
2055,20,278.4319205837477,171.5695427221707,15.0,15.0,184.33782365119563,29.990046066525643,273.1429127335948,163.08270609354273,278.4319205837477,171.5695427221707,0.08829140760288673,0.8941037164052339,0.031096360840108694
2056,20,278.8532251788654,171.0088654612851,15.0,15.0,184.3612042631916,29.72353525894806,273.9180904242385,162.31148396145,278.8532251788654,171.0088654612851,0.08671767558355048,0.8900180585605382,0.07793575476547743
2057,20,279.2552699145884,170.43153867626182,15.0,15.0,184.3843764532753,29.4545153338019,274.6852647371302,161.53687439490724,279.2552699145884,170.43153867626182,0.08512934567518449,0.8859842983342131,0.12506264364654618
2058,20,279.63793621155423,169.83748865341016,15.0,15.0,184.40730571446207,29.183256698191343,275.4444510299248,160.7592354055957,279.63793621155423,169.83748865341016,0.08352801605628596,0.8820007098040934,0.17254002897265486
2059,20,280.0011054904002,169.22664167903923,15.0,15.0,184.42995144920084,28.910124080016217,276.19566476597777,159.97901382683264,280.0011054904002,169.22664167903923,0.08191584057533097,0.8780649670115191,0.2204309565996584
2060,20,280.34465917176374,168.5989240394582,15.0,15.0,184.45226803041803,28.635573304682467,276.9389115526601,159.19674965504214,280.34465917176374,168.5989240394582,0.0802955093836471,0.8741742467284017,0.26879843334998976
2061,20,280.66847867628223,167.9542620209763,15.0,15.0,184.47420595514723,28.360146551304652,277.6741764375737,158.41308001331788,280.66847867628223,167.9542620209763,0.07867022063290896,0.8703253485338684,0.3177053352385186
2062,20,280.9724454245932,167.29258190990268,15.0,15.0,184.49571307825065,28.084465907913007,278.4014123792094,157.62874265836584,280.9724454245932,167.29258190990268,0.07704364218373116,0.8665148340390035,0.3672143065392165
2063,20,281.2564408373338,166.6138099925466,15.0,15.0,184.51673591233032,27.809225020634823,279.12052780913797,156.8445789308927,281.2564408373338,166.6138099925466,0.0754198621271504,0.8627391872493206,0.41738764890120605
2064,20,281.5203463351418,165.91787255521717,15.0,15.0,184.5372209789908,27.53517860745693,279.83137320566095,156.06153602647123,281.5203463351418,165.91787255521717,0.07380332677677331,0.8589949981889357,0.4682871997324348
2065,20,281.7640433386544,165.20469588422358,15.0,15.0,184.55711619632413,27.263129583684506,280.5337266044153,155.280668439005,281.7640433386544,165.20469588422358,0.0721987646500799,0.8552791720195454,0.519974199099398
2066,20,281.98741326850893,164.47420626587507,15.0,15.0,184.5763722880177,26.993913524601602,281.22727798027773,154.50313840212118,281.98741326850893,164.47420626587507,0.07061109482876493,0.8515891659592908,0.5725091444479317
2067,20,282.19033754534297,163.7263299864808,15.0,15.0,184.59494420097164,26.72838017244159,281.91161244764055,153.7302151252004,282.19033754534297,163.7263299864808,0.06904531797794505,0.8479232563260063,0.6259516325407554
2068,20,282.37269758979386,162.9609933323499,15.0,15.0,184.61279252084896,26.467371681403215,282.58619224346046,152.96327259045796,282.37269758979386,162.9609933323499,0.06750638822328492,0.8442808379753561,0.680360188142213
2069,20,282.5343748224989,162.17812258979166,15.0,15.0,184.62988487855813,26.211697288417696,283.2503374801963,152.20378564577464,282.5343748224989,162.17812258979166,0.06599906404734546,0.8406627582506023,0.7357920791721515
2070,20,282.67525066409564,161.37764404511512,15.0,15.0,184.6461973451333,25.96210410168068,283.9032056847253,151.453324095249,282.67525066409564,161.37764404511512,0.06452773638950171,0.8370716872732212,0.7923031183153918
2071,20,282.79520653522155,160.5594839846296,15.0,15.0,184.66171581747048,25.719243717347098,284.5437701755187,150.71354445628438,282.79520653522155,160.5594839846296,0.0630962322397906,0.8335125259401038,0.8499474514306776
2072,20,282.8941238565139,159.72356869464414,15.0,15.0,184.6764374022476,25.483634411841862,285.1707973747841,149.98617901921227,282.8941238565139,159.72356869464414,0.061707592233302355,0.8299928523015389,0.9087773335783008
2073,20,282.97188404861015,158.8698244614681,15.0,15.0,184.69037180906983,25.255618718519102,285.7828232059979,149.2730218140514,282.97188404861015,158.8698244614681,0.06036382111118466,0.8265234060119283,0.9688428941083834
2074,20,283.0283685321477,157.99817757141057,15.0,15.0,184.70354276494155,25.035316289368026,286.37812879133605,148.575911060323,283.0283685321477,157.99817757141057,0.059065610455363016,0.8231186091988067,1.0301918930571374
2075,20,283.0634587277639,157.10855431078076,15.0,15.0,184.7159894585077,24.822572072512514,286.95471573902023,147.8967076515952,283.0634587277639,157.10855431078076,0.0578120338706446,0.8197971203013876,1.0928694721262124
2076,20,283.07703605609635,156.20088096588785,15.0,15.0,184.72776801146313,24.616900012319494,287.51028139847926,147.2372692086641,283.07703605609635,156.20088096588785,0.05660021582716773,0.8165824150973733,1.156917904813441
2077,20,283.0689819377822,155.27508382304097,15.0,15.0,184.7389529528111,24.417422709180023,288.0421945623243,146.59941922653337,283.0689819377822,155.27508382304097,0.05542497673678959,0.8135033861736398,1.2223763518657582
2078,20,283.0393586876878,154.33155440188406,15.0,15.0,184.74963139184453,24.222941089094725,288.54732760182054,145.98516126227295,283.0393586876878,154.33155440188406,0.05427924396238132,0.8105952911505714,1.2892405024922589
2079,20,282.9896173663855,153.37425587164097,15.0,15.0,184.75986356236496,24.03264763440041,289.0212385839945,145.3980697224034,282.9896173663855,153.37425587164097,0.05315825360661658,0.8079020031694104,1.3571957176050113
2080,20,282.92185234801457,152.40880590935473,15.0,15.0,184.7697269354441,23.845327368997978,289.4592571655992,144.8416176434913,282.92185234801457,152.40880590935473,0.05205484317265496,0.8054722254694174,1.4257862326309163
2081,20,282.8381615163674,151.44083121838042,15.0,15.0,184.77933062398884,23.659035331391053,289.8572626649694,144.31817588025734,282.8381615163674,151.44083121838042,0.05095755242913824,0.8033550097145361,1.494559475649532
2082,20,282.74064275523665,150.47595850207307,15.0,15.0,184.78879772164404,23.47137345645003,290.21185781855735,143.82908363657353,282.74064275523665,150.47595850207307,0.04985225519909464,0.8015963759041491,1.5630685723505944
2083,20,282.63139394841494,149.51981446378792,15.0,15.0,184.79824798049816,23.279793641948856,290.52052033090524,143.37476076824586,282.63139394841494,149.51981446378792,0.0487239448197615,0.8002359462752074,1.6308739266720589
2084,20,282.51251297969463,148.57802580688002,15.0,15.0,184.80778194547062,23.081905144178734,290.78172685653334,142.95485038198896,282.51251297969463,148.57802580688002,0.04755854457397507,0.7993037955117599,1.6975445601591848
2085,20,282.3860977328683,147.6562192347044,15.0,15.0,184.81746758784087,22.875766759663424,290.9950425414477,142.5683838125594,282.3860977328683,147.6562192347044,0.04634462800278438,0.7988177182144122,1.762659124182465
2086,20,282.25424609172853,146.76002145061628,15.0,15.0,184.82733046591107,22.660145352552373,291.16117118760764,142.213958831558,282.25424609172853,146.76002145061628,0.045074940497605076,0.7987810895039597,1.82580651774183
2087,20,282.119055940068,145.8950591579707,15.0,15.0,184.83734826340282,22.43472493476538,291.2819632666978,141.88992129222953,282.119055940068,145.8950591579707,0.04374762918848896,0.7991814543875623,1.8865860682122166
2088,20,281.9826251616789,145.06695906012274,15.0,15.0,184.84745019080097,22.200254417961883,291.3603812165197,141.5945403964394,281.9826251616789,145.06695906012274,0.042367111245783906,0.7999899298883684,1.944607260912272
2089,20,281.8470516403544,144.2813478604275,15.0,15.0,184.8575212116252,21.958626864712407,291.40042351898234,141.32616838218252,281.8470516403544,144.2813478604275,0.04094453852626667,0.8011614467184642,1.999489032785278
2090,20,281.7144332598864,143.54385226224022,15.0,15.0,184.8674104552711,21.712887994034265,291.40701081331923,141.08337662312294,281.7144332598864,143.54385226224022,0.03949784559965058,0.8026358013402598,2.0508586723112554
2091,20,281.58686790406773,142.86009896891585,15.0,15.0,184.8769426119318,21.46717626344162,291.3858386032447,140.86506181721384,281.58686790406773,142.86009896891585,0.038051395140450084,0.8043394413596023,2.0983503887219896
2092,20,281.466453456691,142.23571468380953,15.0,15.0,184.885930686616,21.2266005767437,291.34320187698813,140.67051800538286,281.466453456691,142.23571468380953,0.03663525661915057,0.8061878727165124,2.1416036261191196
2093,20,281.3552878015486,141.67632611027642,15.0,15.0,184.8941883065088,20.99706425449421,291.2857971305896,140.49947248053695,281.3552878015486,141.67632611027642,0.03528416940420298,0.8080885592145507,2.180261200842777
2094,20,281.25546882243333,141.18755995167157,15.0,15.0,184.90153987309523,20.785045267846282,291.220506878272,140.35208610666666,281.25546882243333,141.18755995167157,0.03403624930662591,0.8099441840351916,2.2139673334126146
2095,20,281.1690944031375,140.77504291135006,15.0,15.0,184.9078272221536,20.597342998851897,291.15417081451596,140.2289210761041,281.1690944031375,140.77504291135006,0.03293149900790149,0.8116561569919063,2.2423656308458253
2096,20,281.0982624274536,140.44440169266704,15.0,15.0,184.91291205167408,20.440801238794595,291.09334647777587,140.1308816343073,281.0982624274536,140.44440169266704,0.03201017943618428,0.8131282763952383,2.2650970534158557
2097,20,281.04507077917435,140.20126299897765,15.0,15.0,184.91667411964832,20.32201617032823,291.04406072089046,140.0591357832139,281.04507077917435,140.20126299897765,0.031311093373861565,0.8142704852438588,2.2817978748537904
2098,20,281.01161734209234,140.05125353363692,15.0,15.0,184.91900600292567,20.24703716183801,291.0115517291054,140.0150284672718,281.01161734209234,140.05125353363692,0.03086982712867775,0.8150026920429462,2.292097619858853
2099,20,280.9999999999999,140.0,15.0,15.0,184.91980594003957,20.221067831324596,290.9999999999999,139.9999993184653,280.9999999999999,140.0,0.03071699390568955,0.8152586504997251,2.2956169410309077
2100,21,281.0,140.0,15.0,15.0,184.91980591851248,20.22106853192444,291.0,140.0,281.0,140.0,0.030716998028810116,0.8152586461968805,2.2956170093641024
2101,21,281.00345286394145,139.95513642185568,15.0,15.0,184.9214536437734,20.167164753224814,291.0034472099399,139.94450251387053,281.00345286394145,139.95513642185568,0.030399768871191002,0.8155608518722527,2.2945686418474227
2102,21,281.0132395656672,139.82337625613758,15.0,15.0,184.92620111558375,20.00861002935817,291.0131521227751,139.78155699985638,281.0132395656672,139.82337625613758,0.029466675997709524,0.816452555180869,2.29149148459373
2103,21,281.02850227002966,139.60896535591806,15.0,15.0,184.9336216370738,19.750182870990255,291.0280746269516,139.51648466234815,281.02850227002966,139.60896535591806,0.027945889536588775,0.8179107048697474,2.286487857995117
2104,21,281.04838314188066,139.31614957426956,15.0,15.0,184.94313428797847,19.396715635347825,291.0470782918386,139.15460918239427,281.04838314188066,139.31614957426956,0.0258659172993167,0.8199114282113992,2.279660566234915
2105,21,281.0720243460728,138.94917476426446,15.0,15.0,184.95403226413373,18.953089571688793,291.0689507614732,138.70125896188446,281.0720243460728,138.94917476426446,0.023255564196020595,0.8224301385951994,2.271112830280955
2106,21,281.09856804745795,138.512286778975,15.0,15.0,184.96551017214583,18.424230121091483,291.09242304528766,138.16176961483825,281.09856804745795,138.512286778975,0.020143892415791287,0.8254416425963309,2.2609482206362963
2107,21,281.12715641088846,138.00973147147369,15.0,15.0,184.9766901643908,17.815102264339476,291.1161877229009,137.5414863992787,281.12715641088846,138.00973147147369,0.016560181983660494,0.8289202458777394,2.249270590880294
2108,21,281.1569316012166,137.44575469483283,15.0,15.0,184.98664680785376,17.130705756782756,291.13891607186895,136.84576633856597,281.1569316012166,137.44575469483283,0.012533891448403056,0.8328398572580322,2.236184012912899
2109,21,281.1870357832944,136.82460230212484,15.0,15.0,184.99443058818485,16.376070128592044,291.15927411672396,136.07997983316605,281.1870357832944,136.82460230212484,0.008094618564978173,0.8371740903069164,2.2217927146767766
2110,21,281.2166111219741,136.15052014642202,15.0,15.0,184.9990899582852,15.556249363917829,291.1759375862675,135.249511612819,281.2166111219741,136.15052014642202,0.0032720609205225126,0.8418963618925589,2.2062010209839564
2111,21,281.244799782108,135.42775408079677,15.0,15.0,184.99969184913334,14.676316204131734,291.1876057552384,134.35976092506888,281.244799782108,135.42775408079677,-0.001904023479081085,0.8469799871865547,2.189513297924293
2112,21,281.27074392854814,134.66054995832158,15.0,15.0,184.9953405696919,13.74135604936989,291.1930141372015,133.4161408991814,281.27074392854814,134.66054995832158,-0.007403855587651942,0.8523982707190302,2.171833901188811
2113,21,281.29358572614683,133.85315363206865,15.0,15.0,184.98519503277524,12.756460459594281,291.1909459885716,132.42407706456956,281.29358572614683,133.85315363206865,-0.013197674536255977,0.8581245931585773,2.15326712850732
2114,21,281.31246733975627,133.00981095511048,15.0,15.0,184.96848425483375,11.726720281684278,291.18024257965374,131.38900503987378,281.31246733975627,133.00981095511048,-0.019255776514888967,0.8641324935619944,2.133917176280346
2115,21,281.3265309342287,132.1347677805193,15.0,15.0,184.94452108977583,10.657218452795785,291.1598121877644,130.31636744262255,281.3265309342287,132.1347677805193,-0.025548553094776938,0.8703957468926442,2.113888100383088
2116,21,281.33491867441603,131.23226996136762,15.0,15.0,184.91271417020118,9.553022552321476,291.1286377700162,129.21161009971925,281.33491867441603,131.23226996136762,-0.03204652871891445,0.8768884366417301,2.0932837810346685
2117,21,281.33677272517076,130.30656335072777,15.0,15.0,184.87257804369085,8.41917719504936,291.08578327912466,128.08017766561045,281.33677272517076,130.30656335072777,-0.038720397039561205,0.8835850224039671,2.0722078915599647
2118,21,281.331235251345,129.3618938016721,15.0,15.0,184.82374150694943,7.260696376235207,291.03039859437547,126.92750877764371,281.331235251345,129.3618938016721,-0.04554105573357031,0.890460402259947,2.050763870822571
2119,21,281.31744841779096,128.40250716727297,15.0,15.0,184.76595415639989,6.082555894925068,290.96172305128835,125.75903089658709,281.31744841779096,128.40250716727297,-0.05247963938117467,0.8974899698047659,2.029054899074956
2120,21,281.2945543893607,127.43264930060282,15.0,15.0,184.69909119000096,4.889685994602502,290.8790875669814,124.5801549943705,281.2945543893607,127.43264930060282,-0.05950754995320895,0.9046496656402251,2.0071838769534875
2121,21,281.2616953309067,126.45656605473394,15.0,15.0,184.623156511217,3.6869643697551044,290.781915373164,123.39627026069657,281.2616953309067,126.45656605473394,-0.06659648441768612,0.911916023120137,1.985253407339696
2122,21,281.2180134072808,125.47850328273877,15.0,15.0,184.53828420179042,2.4792096929573333,290.6697213843388,122.21273900520464,281.2180134072808,125.47850328273877,-0.0737184589512549,0.9192662081095065,1.9633657798125599
2123,21,281.16265078333555,124.50270683768959,15.0,15.0,184.44473844477173,1.2711758193609697,290.5421102444441,121.03489193238948,281.16265078333555,124.50270683768959,-0.08084582922608546,0.9266780524924702,1.941622957427445
2124,21,281.0947496239229,123.5334225726589,15.0,15.0,184.34291199263333,0.0675468239395034,290.39877311,119.86802396261302,281.0947496239229,123.5334225726589,-0.08795130623986991,0.9341300811451019,1.9201265655733017
2125,21,281.0134520938951,122.574896340719,15.0,15.0,184.2333232867272,-1.1270669785326,290.23948324111785,118.71739076451091,281.0134520938951,122.574896340719,-0.0950079671669849,0.9416015320805092,1.8989778826787318
2126,21,280.9179833282026,121.6309372764957,15.0,15.0,184.1165620167301,-2.308623620654611,290.06411852121266,117.58764517337197,280.9179833282026,121.6309372764957,-0.1019921683770581,0.9490746235145118,1.8782649000976448
2127,21,280.80807681180335,120.70267878165993,15.0,15.0,183.99299308762616,-3.4761545589316043,289.87277406188116,116.47997067377085,280.80807681180335,120.70267878165993,-0.10889836951889914,0.9565459683039591,1.8579960772626296
2128,21,280.68365846830017,119.79024134470366,15.0,15.0,183.86287014425926,-4.629851926161681,289.66559564301457,115.3942426425333,280.68365846830017,119.79024134470366,-0.11572786699724796,0.9640176476497578,1.8381497308542478
2129,21,280.5446545840023,118.89374354498958,15.0,15.0,183.72643665167502,-5.769919952380608,289.4427041168877,114.33033314153931,280.5446545840023,118.89374354498958,-0.12248201275512949,0.9714919038891303,1.8187040125630796
2130,21,280.39099144521873,118.01330396188014,15.0,15.0,183.58392626255448,-6.896570642490751,289.20419650453204,113.2881143802343,280.39099144521873,118.01330396188014,-0.12916218997033752,0.9789711092821353,1.7996369753916337
2131,21,280.22259533825866,117.14904117473807,15.0,15.0,183.43556304107918,-8.010021795614314,288.9501471917392,112.26745960266442,280.22259533825866,117.14904117473807,-0.13576980251087278,0.9864577464616429,1.7809265826598177
2132,21,280.03939254943145,116.3010737629258,15.0,15.0,183.2815617393891,-9.110495195084116,288.68060908666075,111.26824386745793,280.03939254943145,116.3010737629258,-0.14230626531779966,0.9939543905120924,1.7625507163090335
2133,21,279.84130936504613,115.46952030580606,15.0,15.0,183.12212811837713,-10.19821495558725,288.39561473549156,110.2903447315309,279.84130936504613,115.46952030580606,-0.14877299563448454,1.0014636925638014,1.7444871845371057
2134,21,279.62827207141197,114.65449938274136,15.0,15.0,182.9574593056076,-11.273406014545667,288.09517739352975,109.33364284771864,279.62827207141197,114.65449938274136,-0.15517140500552462,1.008988364795104,1.7267137287950733
2135,21,279.4002069548381,113.85612957309432,15.0,15.0,182.78774418410484,-12.336292755408302,287.7792920496135,108.39802248597036,279.4002069548381,113.85612957309432,-0.16150289197294265,1.016531166740239,1.709208030175497
2136,21,279.15704030163374,113.07452945622755,15.0,15.0,182.6131638066287,-13.387097751130778,287.4479364025575,107.48337198717995,279.15704030163374,113.07452945622755,-0.16776883540137444,1.0240948928064535,1.6919477152205418
2137,21,278.898698398108,112.30981761150363,15.0,15.0,182.433891830845,-14.426040616720808,287.1010717887486,106.58958415818097,278.898698398108,112.30981761150363,-0.1739705883679758,1.0316823609093035,1.6749103611765823
2138,21,278.6251075305702,111.56211261828518,15.0,15.0,182.250094971517,-15.453336960315887,286.7386440605321,105.71655661590412,278.6251075305702,111.56211261828518,-0.18010947255656512,1.039296402140408,1.6580735007205958
2139,21,278.3361939853295,110.83153305593468,15.0,15.0,182.0619334664925,-16.46919742283293,286.36058441542593,104.86419208818563,278.3361939853295,110.83153305593468,-0.18618677309910114,1.0469398513869834,1.6414146261820999
2140,21,278.0318840486949,110.11819750381487,15.0,15.0,181.86956155384664,-17.47382679677566,285.96681017655004,104.03239867823066,278.0318840486949,110.11819750381487,-0.19220373381092787,1.0546155388272629,1.6249111932829816
2141,21,277.7121040069757,109.42222454128814,15.0,15.0,181.67312795807138,-18.467423215305402,285.55722552496593,103.22109009927136,277.7121040069757,109.42222454128814,-0.19816155276931252,1.0623262822303936,1.6085406244161382
2142,21,277.3767801464813,108.74373274771735,15.0,15.0,181.47277638367922,-19.4501774031649,285.1317221848805,102.4301858855274,277.3767801464813,108.74373274771735,-0.2040613781876212,1.0700748799935371,1.5922803114825488
2143,21,277.02583875352053,108.08284070246485,15.0,15.0,181.2686460150217,-20.422271981500742,284.69018006289764,101.65961158516133,277.02583875352053,108.08284070246485,-0.20990430454007003,1.077864104852751,1.5761076183051494
2144,21,276.65920611440276,107.43966698489334,15.0,15.0,181.06087202151525,-21.383880819037664,284.2324678427034,100.90929894054415,276.65920611440276,107.43966698489334,-0.21569136889425466,1.0856966982076182,1.5599998826367283
2145,21,276.27680851543715,106.81433017436542,15.0,15.0,180.84958606782155,-22.335168422443942,283.75844353674034,100.17918606078287,276.27680851543715,106.81433017436542,-0.2214235474107572,1.093575365002787,1.543934417777995
2146,21,275.87857224293293,106.20694885024368,15.0,15.0,180.6349168288543,-23.276289359060293,283.26795499658874,99.46921759113468,275.87857224293293,106.20694885024368,-0.22710175197088223,1.10150276911227,1.5278885138210188
2147,21,275.4644235831992,105.61764159189063,15.0,15.0,180.41699050978073,-24.207387705470865,282.76084038391093,98.77934488362388,275.4644235831992,105.61764159189063,-0.23272682689514168,1.1094815291748072,1.5118394385323475
2148,21,275.0342888225452,105.046526978669,15.0,15.0,180.1959313714587,-25.12859651565593,282.2369286039514,98.10952617289534,275.0342888225452,105.046526978669,-0.23829954571638684,1.117514214830607,1.4957644378893988
2149,21,274.58809424728014,104.49372358994123,15.0,15.0,179.97186226200245,-26.040037302698614,281.69603970370736,97.45972676107817,274.58809424728014,104.49372358994123,-0.24382060797258065,1.1256033433115704,1.4796407362830133
2150,21,274.1257661437131,103.95935000507,15.0,15.0,179.74490515540504,-26.941819528205947,281.13798523701064,96.8299192151967,274.1257661437131,103.95935000507,-0.24929063598501872,1.1337513763384368,1.4634455363985215
2151,21,273.64723079815326,103.44352480341787,15.0,15.0,179.51518169836413,-27.834040093764585,280.56256859888686,96.2200835804449,273.64723079815326,103.44352480341787,-0.2547101715884483,1.1419607172793662,1.4471560187872874
2152,21,273.15241449691,102.94636656434746,15.0,15.0,179.28281376666504,-28.716782828877697,279.96958533168254,95.63020761244333,273.15241449691,102.94636656434746,-0.26007967277996663,1.1502337085252614,1.4307493411402816
2153,21,272.64124352629244,102.46799386722128,15.0,15.0,179.0479240326695,-29.590117969921344,279.35882340558703,95.06028703141195,272.64124352629244,102.46799386722128,-0.2653995102538022,1.1585726290375347,1.4142026372750973
2154,21,272.1136441726095,102.00852529140208,15.0,15.0,178.81063654564448,-30.454101624724316,278.7300634763199,94.51032580102519,272.1136441726095,102.00852529140208,-0.27066996378914926,1.1669796920241955,1.3974930158476935
2155,21,271.5695427221707,101.56807941625232,15.0,15.0,178.57107732684037,-31.308775217412155,278.08307912290775,93.98033643455656,271.5695427221707,101.56807941625232,-0.2758912184581225,1.175457042699994,1.3805975588002126
2156,21,271.0088654612851,101.14677482113463,15.0,15.0,178.3293749813958,-32.15416490816691,277.4176370686408,93.47034033077702,271.0088654612851,101.14677482113463,-0.2810633606206423,1.1840067560859342,1.3634933195563466
2157,21,270.43153867626177,100.74473008541158,15.0,15.0,178.0856613293044,-32.99028098254297,276.73349738848685,92.98036814192834,270.43153867626177,100.74473008541158,-0.2861863736726854,1.1926308348027863,1.3461573209760789
2158,21,269.8374886534101,100.36206378844572,15.0,15.0,177.84007205782794,-33.817117204945696,276.0304137064385,92.51046017596164,269.8374886534101,100.36206378844572,-0.2912601335138377,1.2013312068122657,1.3285665530820547
2159,21,269.2266416790392,99.99889450959981,15.0,15.0,177.5927473978776,-34.63465013083068,275.30813338648755,92.06066683509734,269.2266416790392,99.99889450959981,-0.2962844036995132,1.2101097230583755,1.310697970570462
2160,21,268.5989240394581,99.65534082823623,15.0,15.0,177.34383282701174,-35.44283837211453,274.56639772116466,91.63104909262867,268.5989240394581,99.65534082823623,-0.3012588302425496,1.2189681549599414,1.2925284901200895
2161,21,267.9542620209763,99.33152132371775,15.0,15.0,177.09347980180894,-36.24162181020964,273.8049421218418,91.22167900975528,267.9542620209763,99.33152132371775,-0.3061829360281991,1.2279081917036958,1.2740349875142316
2162,21,267.29258190990265,99.02755457540684,15.0,15.0,176.84184652246714,-37.030920751012985,273.0234963152789,90.83264029408268,267.29258190990265,99.02755457540684,-0.31105611480585715,1.2369314372854099,1.2551942945912904
2163,21,266.6138099925465,98.74355916266613,15.0,15.0,176.58909873255058,-37.81063501608384,272.221784551209,90.46402890126876,266.6138099925465,98.74355916266613,-0.3158776247201714,1.2460394072444139,1.2359831960413592
2164,21,265.9178725552172,98.4796536648582,15.0,15.0,176.33541055684958,-38.58064296416002,271.399525826084,90.11595368111925,265.9178725552172,98.4796536648582,-0.32064658134359925,1.2552335250346123,1.2163784260677661
2165,21,265.2046958842235,98.23595666134568,15.0,15.0,176.08096538032729,-39.34080043707304,270.5564341284674,89.78853706923961,265.2046958842235,98.23595666134568,-0.32536195017195535,1.264515117972563,1.1963566649345445
2166,21,264.47420626587507,98.01258673149107,15.0,15.0,175.8259567710983,-40.09093962405086,269.69221871194037,89.48191582512578,264.47420626587507,98.01258673149107,-0.3300225385441729,1.2738854127005939,1.1758945354230763
2167,21,263.7263299864808,97.80966245465707,15.0,15.0,175.57058945030371,-40.83086783833842,268.8065844017965,89.19624181732227,263.7263299864808,97.80966245465707,-0.3346269869473776,1.2833455301001315,1.154968599223837
2168,21,262.96099333234986,97.62730241020623,15.0,15.0,175.31508031161084,-41.560366200032405,267.89923194223746,88.9316828559815,262.96099333234986,97.62730241020623,-0.33917375966853314,1.2928964795874982,1.1335553532922436
2169,21,262.17812258979154,97.46562517750111,15.0,15.0,175.0596594928569,-42.27918821902685,266.9698583912347,88.68842357282278,262.17812258979154,97.46562517750111,-0.34366113475445503,1.3025391527214656,1.1116312262011165
2170,21,261.3776440451151,97.3247493359043,15.0,15.0,174.80457150206558,-42.9870582720076,266.018157570704,88.46666634810006,261.3776440451151,97.3247493359043,-0.3480871932429649,1.3122743160487922,1.0891725745262943
2171,21,260.55948398462954,97.20479346477845,15.0,15.0,174.55007639967562,-43.68366996752735,265.04382058013687,88.26663228374161,260.55948398462954,97.20479346477845,-0.3524498076294893,1.3221026031109033,1.0661556793065545
2172,21,259.7235686946441,97.10587614348614,15.0,15.0,174.2964510383157,-44.36868439335247,264.04653638235243,88.08856222131233,259.7235686946441,97.10587614348614,-0.3567466295355995,1.3320245055318307,1.0425567426242144
2173,21,258.86982446146806,97.02811595138986,15.0,15.0,174.0439903608193,-45.04172824051304,263.0259924705567,87.93271780286287,258.86982446146806,97.02811595138986,-0.3609750765489923,1.342040363104607,1.0183518843587132
2174,21,257.99817757141057,96.97163146785233,15.0,15.0,173.79300875637554,-45.702391798821544,261.98187562644057,87.79938257206072,257.99817757141057,96.97163146785233,-0.3651323182083421,1.352150352790493,0.9935171391722399
2175,21,257.10855431078073,96.93654127223607,15.0,15.0,173.54384147373185,-46.35022681907693,260.9138727795855,87.68886311223434,257.10855431078073,96.93654127223607,-0.3692152611115173,1.3623544765428781,0.96802845379405
2176,21,256.2008809658878,96.9229639439037,15.0,15.0,173.29684608917475,-46.98474423775677,259.82167197898536,87.60149021710104,256.2008809658878,96.9229639439037,-0.3732205331320107,1.3726525478654654,0.9418616846787109
2177,21,255.27508382304094,96.93101806221779,15.0,15.0,173.05240402558522,-47.60541176075093,258.7049634880149,87.53762008897095,255.27508382304094,96.93101806221779,-0.3771444667363259,1.3830441770126107,0.9149925961231449
2178,21,254.33155440188403,96.96064131231223,15.0,15.0,172.81099532962585,-48.211468524887174,257.5640292677647,87.4974966847875,254.33155440188403,96.96064131231223,-0.38098192319147034,1.3935238013448197,0.8874136539697399
2179,21,253.37425587164097,97.01038263361451,15.0,15.0,172.57367019393365,-48.800771638072135,256.4036823817957,87.48029475261511,253.37425587164097,97.01038263361451,-0.3847189623806291,1.40404798785379,0.8592461943913194
2180,21,252.40880590935467,97.07814765198549,15.0,15.0,172.34169451824462,-49.37073221680326,255.23086896931534,87.48461023945588,252.40880590935467,97.07814765198549,-0.3883387283257835,1.4145568684340433,0.83067130412557
2181,21,251.44083121838037,97.1618384836326,15.0,15.0,172.11626751779684,-49.91901478978326,254.05259042259124,87.50892628786391,251.44083121838037,97.1618384836326,-0.3918258845346776,1.4249919341245334,0.8018704824705682
2182,21,250.47595850207307,97.25935724476334,15.0,15.0,171.89850821174713,-50.44354911622928,252.87588697875913,87.55161068303279,250.47595850207307,97.25935724476334,-0.395166707190952,1.4352961542582179,0.7730253631062811
2183,21,249.5198144637879,97.36860605158518,15.0,15.0,171.68944485772334,-50.94253460535528,251.70783179719396,87.61091266899139,249.5198144637879,97.36860605158518,-0.3983491321731945,1.4454139819802705,0.7443177555954079
2184,21,248.57802580687994,97.48748702030545,15.0,15.0,171.49000622545927,-51.41444083597874,250.55552441174075,87.68496187278485,248.57802580687994,97.48748702030545,-0.40136277736501424,1.4552913421485,0.7159296797930339
2185,21,247.65621923470437,97.61390226713175,15.0,15.0,171.30101503436072,-51.85800400272613,249.42608385096878,87.7717694068166,247.65621923470437,97.61390226713175,-0.40419893850309724,1.464875600590294,0.6880433924377423
2186,21,246.76002145061622,97.74575390827151,15.0,15.0,171.12318385160182,-52.272219110409424,248.3266417191192,87.86923119355478,246.76002145061622,97.74575390827151,-0.4068505568249941,1.4741155134713226,0.6608414054306997
2187,21,245.8950591579706,97.88094405993208,15.0,15.0,170.95711370945472,-52.65632774113753,247.26433552079038,87.97513353064055,245.8950591579706,97.88094405993208,-0.40931215686685435,1.4829611553869815,0.6345064955419435
2188,21,245.06695906012274,98.01737483832099,15.0,15.0,170.80329565451484,-53.00980122888052,246.24630249356255,88.08716088966901,245.06695906012274,98.01737483832099,-0.41157975291601895,1.491363824718388,0.6092217055069828
2189,21,244.28134786042753,98.15294835964565,15.0,15.0,170.6621153891551,-53.332319092603385,245.27967418480262,88.20290592003467,244.28134786042753,98.15294835964565,-0.4136507228344515,1.4992759247985046,0.5851703366841041
2190,21,243.54385226224022,98.2855667401136,15.0,15.0,170.5338611090026,-53.62374260068806,244.37157197207625,88.31988161153619,243.54385226224022,98.2855667401136,-0.4155236482249072,1.5066508195064636,0.562535933626215
2191,21,242.86009896891582,98.41313209593224,15.0,15.0,170.4187345816242,-53.88408336507534,243.52910368130026,88.43553555694514,242.86009896891582,98.41313209593224,-0.4171981202001562,1.5134426620436368,0.5415022610739988
2192,21,242.23571468380953,98.53354654330894,15.0,15.0,170.31686545294664,-54.113466892287136,242.75936140346158,88.54726624917552,242.23571468380953,98.53354654330894,-0.4186745103242368,1.5196061958363838,0.5222532739944195
2193,21,241.6763261102764,98.64471219845134,15.0,15.0,170.22832871089864,-54.31209104926208,242.06942054986712,88.65244134736034,241.6763261102764,98.64471219845134,-0.41995370661271886,1.5250965267501972,0.5049730813668387
2194,21,241.18755995167155,98.74453117756667,15.0,15.0,170.15316518146088,-54.48017943395308,241.46634011791585,88.74841785193311,241.18755995167155,98.74453117756667,-0.4210368147977508,1.5298688660801871,0.48984590445758025
2195,21,240.77504291135003,98.83090559686258,15.0,15.0,170.09140488109378,-54.61792967338684,240.9571640646355,88.83256414012456,240.77504291135003,98.83090559686258,-0.42192482537826753,1.5338782440958767,0.4770560303253404
2196,21,240.44440169266704,98.90173757254637,15.0,15.0,170.04309300076906,-54.72545670524414,240.54892360390835,88.90228382896265,240.44440169266704,98.90173757254637,-0.4226182472857505,1.5370791942569504,0.4667877612712017
2197,21,240.20126299897765,98.95492922082558,15.0,15.0,170.00831824884156,-54.80273113328626,240.24864015546592,88.9550414512032,240.20126299897765,98.95492922082558,-0.4231167093061662,1.539425408574218,0.45922536089960575
2198,21,240.05125353363692,98.98838265790764,15.0,15.0,169.98724322984313,-54.84951278293528,240.0633285792336,88.9883899482466,240.05125353363692,98.98838265790764,-0.42341853071980673,1.540869364960508,0.45455299740730015
2199,21,240.00000000000003,99.00000000000001,15.0,15.0,169.9801364798062,-54.86527962228915,240.00000022717825,89.00000000000001,240.00000000000003,99.00000000000001,-0.4235202629688907,1.541361927792993,0.45295468468861766
2200,22,240.0,98.99999999999999,15.0,15.0,169.98013643893015,-54.86527971296327,240.0,88.99999999999999,240.0,98.99999999999999,-0.42352026355396005,1.5413619296730392,0.45295466067581724
2201,22,240.0030402999488,98.98915236425302,15.0,15.0,169.97495592036165,-54.87677037100353,239.99348891741727,88.98915692569948,240.0030402999488,98.98915236425302,-0.42359440757235656,1.5414453223511697,0.45199027361770394
2202,22,240.012078750983,98.95690363018485,15.0,15.0,169.95956986739944,-54.91088403468059,239.97413232669808,88.95697562699984,240.012078750983,98.95690363018485,-0.42381454221823117,1.5416930556867823,0.44912316179108935
2203,22,240.02699167988425,98.90369505755466,15.0,15.0,169.93423306453906,-54.96701669146033,239.9421958328691,88.90405458080106,240.02699167988425,98.90369505755466,-0.4241768124904003,1.5421011987294246,0.44439225423263373
2204,22,240.04765541343443,98.82996790612171,15.0,15.0,169.89922785654568,-55.04448022111339,239.89794710949712,88.83108859773259,240.04765541343443,98.82996790612171,-0.42467684581674753,1.542665479654788,0.43783630328192125
2205,22,240.0739462784152,98.73616343564515,15.0,15.0,169.85486297777834,-55.142507883119606,239.84165808806034,88.73886168984285,240.0739462784152,98.73616343564515,-0.4253097844066438,1.5433812947357204,0.4294939079628668
2206,22,240.10574060160837,98.62272290588423,15.0,15.0,169.80147264646746,-55.26025951051554,239.7736077985747,88.62824003776399,240.10574060160837,98.62272290588423,-0.42607031540939455,1.5442437124176212,0.4194035400667677
2207,22,240.14291470979563,98.49008757659811,15.0,15.0,169.73941586513166,-55.396826474762605,239.6940857365986,88.50016502670721,240.14291470979563,98.49008757659811,-0.42695269935577923,1.5452474734393764,0.40760357247290924
2208,22,240.18534492975877,98.338698707546,15.0,15.0,169.66907586905987,-55.551236486761866,239.6033956380624,88.3556463175255,240.18534492975877,98.338698707546,-0.4279507973608806,1.5463869879037215,0.39413230928103005
2209,22,240.23290758827952,98.1689975584871,15.0,15.0,169.59085966600017,-55.7224582981039,239.50185954914986,88.19575491807748,240.23290758827952,98.1689975584871,-0.42905809755837315,1.5476563301616477,0.37902801736120595
2210,22,240.28547901213958,97.98142538918061,15.0,15.0,169.5051976118489,-55.9094063642019,239.389822083752,88.02161622099716,240.28547901213958,97.98142538918061,-0.430267741220273,1.549049232334548,0.3623289589514511
2211,22,240.34293552812073,97.77642345938574,15.0,15.0,169.41254296920232,-56.11094552728325,239.26765476589338,87.83440297648671,240.34293552812073,97.77642345938574,-0.43157254899277914,1.5505590772554452,0.3440734249523334
2212,22,240.4051534630047,97.55443302886172,15.0,15.0,169.31337139813016,-56.32589577245241,239.13576035910023,87.63532817268847,240.4051534630047,97.55443302886172,-0.43296504764891786,1.55217889156681,0.3242997685818001
2213,22,240.47200914357327,97.31589535736765,15.0,15.0,169.20818033148356,-56.55303710432317,238.9945770890561,87.425637801354,240.47200914357327,97.31589535736765,-0.4344374977228815,1.553901339667124,0.3030464390629546
2214,22,240.5433788966082,97.06125170466282,15.0,15.0,169.0974881904932,-56.79111458516857,238.84458267019647,87.20660349272094,240.5433788966082,97.06125170466282,-0.43598192234967437,1.5557187191512096,0.28035201502336893
2215,22,240.61913904889116,96.79094333050637,15.0,15.0,168.98183340039017,-57.03884356827564,238.68629805125846,86.97951501053836,240.61913904889116,96.79094333050637,-0.4375901375874571,1.5576229583402836,0.25625523728737987
2216,22,240.6991659272039,96.50541149465755,15.0,15.0,168.86177317033028,-57.294915152324705,238.52029079934994,86.74567260587474,240.6991659272039,96.50541149465755,-0.4392537844491892,1.5596056164463687,0.23079504074331547
2217,22,240.7833358583282,96.20509745687554,15.0,15.0,168.73788200705295,-57.5580018742624,238.3471780469538,86.50637923650851,240.7833358583282,96.20509745687554,-0.4409643628153122,1.5616578868619773,0.20401058496649638
2218,22,240.87152516904584,95.89044247691952,15.0,15.0,168.61074993747354,-57.826763649409585,238.16762893154595,86.26293266716944,240.87152516904584,95.89044247691952,-0.44271326734071964,1.5637706040095642,0.17594128327675373
2219,22,240.96361018613848,95.56188781454874,15.0,15.0,168.4809804217979,-58.09985395856606,237.98236646327396,86.01661747448603,240.96361018613848,95.56188781454874,-0.4444918254077102,1.5659342541260681,0.14662682990683806
2220,22,241.05946723638792,95.21987472952235,15.0,15.0,168.34918794572792,-58.37592627276207,237.79216876249419,85.76869698902398,241.05946723638792,95.21987472952235,-0.4462913371126104,1.568138990295771,0.11610722495618653
2221,22,241.15897264657596,94.86484448159955,15.0,15.0,168.21599528785725,-58.653640697193694,237.59786961595282,85.52040521510064,241.15897264657596,94.86484448159955,-0.4481031172080197,1.5703746519797768,0.08442279680368592
2222,22,241.2620027434842,94.49723833053957,15.0,15.0,168.0820304663509,-58.93167080689588,237.40035830805937,85.27293877695001,241.2620027434842,94.49723833053957,-0.4499185388559891,1.5726307892226585,0.05161422165420637
2223,22,241.3684338538945,94.11749753610164,15.0,15.0,167.94792337735953,-59.20871063799285,237.20057869204703,85.02744894713021,241.3684338538945,94.11749753610164,-0.45172907898082354,1.574896691646487,0.017722539897372824
2224,22,241.47814230458857,93.72606335804487,15.0,15.0,167.81430214619778,-59.48348179006251,236.99952747482575,84.78503381963998,241.47814230458857,93.72606335804487,-0.4535263649446768,1.57716142226985,-0.017210831035855634
2225,22,241.59100442234813,93.32337705612849,15.0,15.0,167.6817892209495,-59.75474058740053,236.79825169897947,84.54673069589259,241.59100442234813,93.32337705612849,-0.4553022222058006,1.5794138561149553,-0.05314408762204459
2226,22,241.70689653395496,92.90987989011177,15.0,15.0,167.55099724666087,-60.021285239918825,236.5978454155629,84.31350875633348,241.70689653395496,92.90987989011177,-0.45704872255951634,1.5816427234900898,-0.09003503528676737
2227,22,241.82569496619084,92.48601311975385,15.0,15.0,167.42252476642508,-60.28196293820008,236.3994455520326,84.08626209395865,241.82569496619084,92.48601311975385,-0.45875823250697884,1.5838366577581733,-0.12784108780439718
2228,22,241.94727604583738,92.0522180048139,15.0,15.0,167.29695180322415,-60.53567681199672,236.20422699068428,83.86580318817377,241.94727604583738,92.0522180048139,-0.46042346124800987,1.5859842473257266,-0.1665192712942416
2229,22,242.0715160996765,91.6089358050512,15.0,15.0,167.1748353831316,-60.78139267733738,236.01339688423133,83.65285689823699,242.0715160996765,91.6089358050512,-0.46203750775305735,1.588074091511103,-0.2060262330168139
2230,22,242.19829145448978,91.15660778022489,15.0,15.0,167.05670506615394,-61.0181454945112,235.82818824648996,83.44805505487946,242.19829145448978,91.15660778022489,-0.4635939063370579,1.590094859877354,-0.24631825513283823
2231,22,242.3274784370591,90.69567519009418,15.0,15.0,166.94305855537505,-61.24504545764184,235.64985286737056,83.251931726551,242.3274784370591,90.69567519009418,-0.4650866701359065,1.592035354544663,-0.2873512735392101
2232,22,242.45895337416613,90.22657929441824,15.0,15.0,166.83435745794807,-61.46128363643949,235.47965361232255,83.06491923306864,242.45895337416613,90.22657929441824,-0.46651033187556207,1.5938845749310784,-0.32908090184062777
2233,22,242.5925925925926,89.74976135295637,15.0,15.0,166.7310232726878,-61.6661370920896,235.3188561768621,82.88734497426904,242.5925925925926,89.74976135295637,-0.4678599813254505,1.5956317843095107,-0.37146246045318443
2234,22,242.72827241912032,89.26566262546763,15.0,15.0,166.6334336784064,-61.858973392157225,235.16872037662205,82.71942913461501,242.72827241912032,89.26566262546763,-0.469131298842559,1.5972665775149135,-0.4144510107674546
2235,22,242.86586918053098,88.77472437171136,15.0,15.0,166.54191919463142,-62.0392544538679,235.03049106231975,82.56128331665525,242.86586918053098,88.77472437171136,-0.4703205844408314,1.5987789490894533,-0.4580013942242689
2236,22,243.0052592036063,88.27738785144665,15.0,15.0,166.45676028191707,-62.206539651158465,234.90538875694943,82.41291014687869,243.0052592036063,88.27738785144665,-0.47142478186230313,1.6001593611165463,-0.5020682760776167
2237,22,243.14631881512807,87.77409432443275,15.0,15.0,166.37818494265227,-62.360488128424834,234.79460011919372,82.27420388698033,243.14631881512807,87.77409432443275,-0.4724414971815389,1.6013988099680023,-0.5466061935373516
2238,22,243.2889243418781,87.26528505042893,15.0,15.0,166.30636687518816,-62.50086027284449,234.69926834235852,82.14495207200677,243.2889243418781,87.26528505042893,-0.47336901154270006,1.602488891173212,-0.5915696079013111
2239,22,243.4329521106381,86.75140128919419,15.0,15.0,166.24142422443464,-62.627518307392776,234.62048360192327,82.02483818447321,243.4329521106381,86.75140128919419,-0.474206287707822,1.603421861616157,-0.6369129602040495
2240,22,243.5782784481897,86.23288430048795,15.0,15.0,166.1834189610509,-62.74042597804154,234.55927366694976,81.91344536053623,243.5782784481897,86.23288430048795,-0.4749529701841271,1.6041906982756864,-0.6825907298298022
2241,22,243.7247796813147,85.71017534406926,15.0,15.0,166.13235690927837,-62.83964732092828,234.51659479102045,81.81026111088964,243.7247796813147,85.71017534406926,-0.47560937879554294,1.6047891527473563,-0.7285574954628056
2242,22,243.8723321367949,85.18371567969739,15.0,15.0,166.08818843068948,-62.925344508269376,234.49332299702291,81.71468302547322,243.8723321367949,85.18371567969739,-0.47617649566675274,1.6052118008213005,-0.7747679976811186
2243,22,244.02081214141205,84.65394656713153,15.0,15.0,166.05080975802872,-62.99777478520663,234.49024586694202,81.62602541757455,244.02081214141205,84.65394656713153,-0.47665594569461406,1.6054540864398577,-0.821177202442831
2244,22,244.17009602194787,84.12130926613085,15.0,15.0,166.02006496031032,-63.05728652331986,234.50805494287428,81.54352684973215,244.17009602194787,84.12130926613085,-0.47704997068890553,1.6055123594205551,-0.8677403646682996
2245,22,244.32006010518407,83.5862450364546,15.0,15.0,165.99574850780954,-63.10431442991056,234.54733883878885,81.46635847124732,244.32006010518407,83.5862450364546,-0.4773613974693154,1.6053839064036222,-0.9144130910906736
2246,22,244.4705807179024,83.04919513786193,15.0,15.0,165.9776083939296,-63.13937396504558,234.60857715421267,81.39363308533392,244.4705807179024,83.04919513786193,-0.4775936003056,1.6050669745673742,-0.9611514015311209
2247,22,244.62153418688467,82.51060083011207,15.0,15.0,165.96534976049736,-63.16305503043429,234.6921352711301,81.3244148532047,244.62153418688467,82.51060083011207,-0.4777504581802457,1.6045607877480537,-1.0079117877560047
2248,22,244.7727968389126,81.9709033729642,15.0,15.0,165.95863896414085,-63.1760150052059,234.79826010411236,81.25772953292199,244.7727968389126,81.9709033729642,-0.47783630743534056,1.6038655547013319,-1.0546512690915177
2249,22,244.92424500076777,81.43054402617757,15.0,15.0,165.9571080142715,-63.178971213284484,234.92707686121184,81.19257514281742,244.92424500076777,81.43054402617757,-0.4778558904356185,1.6029824693487238,-1.1013274440070493
2250,22,245.0757549992322,80.88996404951126,15.0,15.0,165.96035930800488,-63.172692915097,235.07858685967628,81.12793293287143,245.0757549992322,80.88996404951126,-0.4778143009360625,1.6019137029615342,-1.1478985369315289
2251,22,245.22720316108743,80.34960470272459,15.0,15.0,165.96797058419156,-63.157992922609466,235.2526664262872,81.06277854276682,245.22720316108743,80.34960470272459,-0.47771692688387485,1.600662388345477,-1.1943234396360765
2252,22,245.37846581311533,79.80990724557672,15.0,15.0,165.97950001761038,-63.13571894103481,235.44906689736075,80.99609322248409,245.37846581311533,79.80990724557672,-0.4775693914103048,1.5992325961985108,-1.24056174660001
2253,22,245.52941928209762,79.27131293782683,15.0,15.0,165.99449137522956,-63.10674474292043,235.66741571840788,80.92687499035486,245.52941928209762,79.27131293782683,-0.4773774927776323,1.5976293039206568,-1.2865737838736788
2254,22,245.67993989481596,78.73426303923418,15.0,15.0,166.01247915912822,-63.071961280691966,235.90721862842074,80.85414960444146,245.67993989481596,78.73426303923418,-0.4771471440408922,1.5958583572554097,-1.3323206310581512
2255,22,245.8299039780521,78.19919880955793,15.0,15.0,166.03299366499743,-63.03226784214877,236.1678628989785,80.77698122595663,245.8299039780521,78.19919880955793,-0.47688431316351754,1.5939264252360723,-1.3777641361359056
2256,22,245.97918785858795,77.66656150855725,15.0,15.0,166.05556589085273,-62.9885633499826,236.44862158411792,80.69448265811423,245.97918785858795,77.66656150855725,-0.47659496429227594,1.5918409489951917,-1.4228669230053292
2257,22,246.1276678632051,77.13679239599139,15.0,15.0,166.07973223741251,-62.941737901279424,236.7486587234331,80.60582505021557,246.1276678632051,77.13679239599139,-0.4762850008512722,1.5896100850698862,-1.4675923916920441
2258,22,246.27522031868529,76.6103327316195,15.0,15.0,166.1050389492256,-62.89266463636366,237.06703542839105,80.51024696479911,246.27522031868529,76.6103327316195,-0.475960211059307,1.5872426438991372,-1.5119047113288384
2259,22,246.42172155181032,76.08762377520088,15.0,15.0,166.13104625376218,-62.84219201848826,237.4027167705704,80.4070627151526,246.42172155181032,76.08762377520088,-0.4756262164115646,1.5847480242602678,-1.5557688061104615
2260,22,246.567047889362,75.56910678649456,15.0,15.0,166.15733216402057,-62.79113659701824,237.75457938064716,80.29566989121554,246.567047889362,75.56910678649456,-0.47528842359761797,1.5821361444303879,-1.599150334537056
2261,22,246.71107565812187,75.05522302525988,15.0,15.0,166.18349591847434,-62.740276317161744,238.1214196586023,80.17555600368203,246.71107565812187,75.05522302525988,-0.4749519802551868,1.5794173708843315,-1.6420156623583462
2262,22,246.85368118487187,74.54641375125598,15.0,15.0,166.2091610401465,-62.69034442924702,238.50196248893752,80.04630418870842,246.85368118487187,74.54641375125598,-0.474621734885057,1.576602445353729,-1.6843318297177845
2263,22,246.99474079639367,74.04312022424213,15.0,15.0,166.23397800405047,-62.6420240402733,238.8948703497368,79.9075979288101,246.99474079639367,74.04312022424213,-0.4743022011788847,1.5737024110726177,-1.7260665130703605
2264,22,247.13413081946905,73.5457837039774,15.0,15.0,166.25762650901376,-62.59594334022685,239.29875270125783,79.75922475903351,247.13413081946905,73.5457837039774,-0.4739975269399803,1.5707285390240535,-1.7671879825084265
2265,22,247.27172758087968,73.05484545022114,15.0,15.0,166.27981735589447,-62.55267152566188,239.71217553838142,79.60107894107375,247.27172758087968,73.05484545022114,-0.47371146770898337,1.5676922549803034,-1.8076650551762208
2266,22,247.40740740740742,72.57074672273245,15.0,15.0,166.30029393932975,-62.51271543348497,240.13367099167692,79.43316310141978,247.40740740740742,72.57074672273245,-0.4734473651427332,1.5646050680972412,-1.8474670454853843
2267,22,247.54104662583387,72.09392878127055,15.0,15.0,166.31883336440023,-62.47651688890558,240.5617468639903,79.25558884262016,247.54104662583387,72.09392878127055,-0.47320813013647794,1.5614785017826556,-1.8865637128610664
2268,22,247.67252156294094,71.62483288559461,15.0,15.0,166.3352472029553,-62.44445076324327,240.99489599325238,79.06857634913779,247.67252156294094,71.62483288559461,-0.47299623062742635,1.5583240275093189,-1.9249252077514392
2269,22,247.80170854551017,71.16390029546389,15.0,15.0,166.34938190686185,-62.416823729799674,241.43160533751035,78.87245302080932,247.80170854551017,71.16390029546389,-0.47281368397186535,1.5551530021880764,-1.9625220166236697
2270,22,247.92848390032353,70.71157227063759,15.0,15.0,166.36111889718103,-62.39387369936608,241.87036468487835,78.6676511774518,247.92848390032353,70.71157227063759,-0.47266205374874015,1.551976609655003,-1.999324906647495
2271,22,248.05272395416253,70.26829007087487,15.0,15.0,166.37037434931977,-62.37576991117305,242.30967489900942,78.45470488751499,248.05272395416253,70.26829007087487,-0.47254245080966495,1.5488058067610309,-2.0353048707348416
2272,22,248.1743050338091,69.83449495593493,15.0,15.0,166.37709869465164,-62.362613650197304,242.7480556196509,78.23424598173013,248.1743050338091,69.83449495593493,-0.47245553836851273,1.545651274483434,-2.070433073561719
2273,22,248.293103466045,69.41062818557701,15.0,15.0,166.38127585904468,-62.35443955771265,243.18405234765294,78.00699931935532,248.293103466045,69.41062818557701,-0.4724015409027467,1.5425233744073303,-2.104680799148391
2274,22,248.40899557765187,68.99713101956026,15.0,15.0,166.38292225828852,-62.35121749876326,243.6162428542832,77.77377737979616,248.40899557765187,68.99713101956026,-0.47238025662297184,1.5394321108528135,-2.1380194005169524
2275,22,248.5218576954114,68.5944447176439,15.0,15.0,166.38208556966748,-62.3528549478161,244.0432428656486,77.53547425604879,248.5218576954114,68.5944447176439,-0.4723910732564036,1.5363870988505406,-2.170420251883455
2276,22,248.6315661461055,68.20301053958713,15.0,15.0,166.37884329797967,-62.35919985215537,244.46371098425806,77.29305912855855,248.6315661461055,68.20301053958713,-0.4724329868835157,1.533397538096325,-2.2018547037758465
2277,22,248.73799725651577,67.82326974514919,15.0,15.0,166.3733011532352,-62.370043931562876,244.87635282109093,77.04756929873874,248.73799725651577,67.82326974514919,-0.4725046235645541,1.530472192944413,-2.232294041400735
2278,22,248.84102735342404,67.4556635940892,15.0,15.0,166.36559125615088,-62.38512637242292,245.2799243228009,76.80010286058811,248.84102735342404,67.4556635940892,-0.47260426349338874,1.5276193784302377,-2.2617094465122927
2279,22,248.94053276361203,67.10063334616645,15.0,15.0,166.35587018645347,-62.40413787454419,245.6732342897183,76.55181108666481,248.94053276361203,67.10063334616645,-0.4727298674198872,1.5248469522472976,-2.2900719629667576
2280,22,249.03638981386146,66.75862026114007,15.0,15.0,166.3443168879545,-62.42672500963995,246.05514609099694,76.30389060120278,249.03638981386146,66.75862026114007,-0.47287910508816977,1.5221623125397554,-2.3173524660767826
2281,22,249.12847483095416,66.43006559876923,15.0,15.0,166.3311304434039,-62.452494851498955,246.42457859345427,76.05757540851931,249.12847483095416,66.43006559876923,-0.4730493854463815,1.5195724013129133,-2.34352163581213
2282,22,249.21666414167177,66.11541061881326,15.0,15.0,166.31652773128758,-62.48101983935469,246.78050633029738,75.8141288391803,249.21666414167177,66.11541061881326,-0.4732378883936258,1.5170837132081239,-2.3685499338276603
2283,22,249.30083407279616,65.81509658103121,15.0,15.0,166.30074097602355,-62.51184283776402,247.1219589449422,75.57483546981402,249.30083407279616,65.81509658103121,-0.4734415978411032,1.5147023093371355,-2.392407584236527
2284,22,249.38086095110884,65.52956474518237,15.0,15.0,166.28401520243582,-62.544482358380364,247.44801995347615,75.34099306515039,249.38086095110884,65.52956474518237,-0.47365733587696446,1.5124338358233866,-2.4150645579866294
2285,22,249.45662110339183,65.25925637102597,15.0,15.0,166.2666056049489,-62.57843791129625,247.7578248769801,75.11390458296785,249.45662110339183,65.25925637102597,-0.4738817978376289,1.510283546654315,-2.436490560641591
2286,22,249.52799085642673,65.00461271832108,15.0,15.0,166.24877484164182,-62.61319545607135,248.05055880190957,74.89487027433474,249.52799085642673,65.00461271832108,-0.474111588101984,1.5082563304090995,-2.4566550233143136
2287,22,249.59484653699533,64.76607504682708,15.0,15.0,166.23079026313042,-62.6482329250902,248.32545343309087,74.68517990300033,249.59484653699533,64.76607504682708,-0.47434325643865327,1.5063567403900968,-2.4755270964511364
2288,22,249.6570644718793,64.54408461630302,15.0,15.0,166.21292108619497,-62.68302579444351,248.58178370965197,74.48610509920205,249.6570644718793,64.54408461630302,-0.47457333475004954,1.5045890276531415,-2.4930756461180925
2289,22,249.71452098786042,64.33908268650814,15.0,15.0,166.1954355221477,-62.71705268001401,248.81886405947284,74.29889185469159,249.71452098786042,64.33908268650814,-0.4747983740697861,1.5029571764012504,-2.5092692523971905
2290,22,249.76709241172054,64.15151051720164,15.0,15.0,166.1785978701256,-62.749800938798884,249.03604437259088,74.12475315761127,249.76709241172054,64.15151051720164,-0.4750149816818183,1.5014649411774592,-2.5240762094601212
2291,22,249.81465507024123,63.98180936814275,15.0,15.0,166.1626655858137,-62.780772257618125,249.23270577854487,73.96486175816325,249.81465507024123,63.98180936814275,-0.47521985823989643,1.5001158852647398,-2.5374645268487144
2292,22,249.8570852902043,63.830420499090664,15.0,15.0,166.14788633655428,-62.8094882131483,249.40825631700727,73.82034304898157,249.8570852902043,63.830420499090664,-0.4754098347740346,1.49891341967335,-2.549401931455823
2293,22,249.89425939839163,63.69778516980452,15.0,15.0,166.13449505439326,-62.83549578857695,249.56212659535794,73.69226803792476,249.89425939839163,63.69778516980452,-0.475581909476138,1.4978608420676685,-2.5598558696665252
2294,22,249.92605372158476,63.584344640043604,15.0,15.0,166.12271099937493,-62.85837283298052,249.6937655312299,73.5816463858459,249.92605372158476,63.584344640043604,-0.4757332841590351,1.4969613749545698,-2.5687935090874774
2295,22,249.95234458656563,63.490540169567105,15.0,15.0,166.112734846348,-62.877733449666636,249.80263628262836,73.48941947795623,249.95234458656563,63.490540169567105,-0.47586140028125545,1.4962182024228168,-2.576181739261524
2296,22,249.97300832011572,63.41681301813411,15.0,15.0,166.10474580971228,-62.89323329906286,249.88821247310057,73.4164534948877,249.97300832011572,63.41681301813411,-0.4759639744232209,1.4956345046868238,-2.5819871707352617
2297,22,249.987921249017,63.36360444550395,15.0,15.0,166.09889882196268,-62.90457480013791,249.9499748247321,73.36353244868897,249.987921249017,63.36360444550395,-0.47603903308827134,1.4952134896476161,-2.586176131818986
2298,22,249.99695970005124,63.331355711435755,15.0,15.0,166.0953217836007,-62.911512211676154,249.9874083175197,73.3313511499893,249.99695970005124,63.331355711435755,-0.47608494668333035,1.494958420638209,-2.588714662351397
2299,22,250.00000000000003,63.320508075688764,15.0,15.0,166.0941129040443,-62.91385657083032,250.00000000000003,73.32050807568876,250.00000000000003,63.320508075688764,-0.4761004625080748,1.4948726394692502,-2.5895685037560723
2300,23,250.00000000000003,63.320508075688764,15.0,15.0,166.0941129040443,-62.91385657083032,250.00000000000003,73.32050807568876,250.00000000000003,63.320508075688764,-0.4761004625080748,1.4948726394692502,-2.5895685037560723
2301,23,250.01129740792757,63.3252741352827,15.0,15.0,166.09936278200198,-62.90367492533943,250.01404290726148,73.32527375839436,250.01129740792757,63.3252741352827,-0.4760330775622952,1.4947407098389531,-2.589778509008394
2302,23,250.0447612424886,63.33924642349092,15.0,15.0,166.11486239604778,-62.87360504704752,250.05567915365,73.33924046344994,250.0447612424886,63.33924642349092,-0.47583408045569,1.4943498432554945,-2.590403880927747
2303,23,250.09974891985047,63.36193610445285,15.0,15.0,166.14023153557218,-62.82435615778412,250.12417001124777,73.36190628492314,250.09974891985047,63.36193610445285,-0.47550820413587713,1.4937073600419426,-2.591437594268114
2304,23,250.17561785618068,63.39285434230801,15.0,15.0,166.17508375599812,-62.75663348787002,250.21877670237083,73.39276120757408,250.17561785618068,63.39285434230801,-0.4750601774210151,1.4928205037564974,-2.592872551148069
2305,23,250.27172546764672,63.43151230119598,15.0,15.0,166.21902719783427,-62.67113886985733,250.33876034621358,73.43128761492456,250.27172546764672,63.43151230119598,-0.4744947258289517,1.491696450207616,-2.594701589236754
2306,23,250.3874291704159,63.47742114525624,15.0,15.0,166.27166537707146,-62.568571303378576,250.4833818887945,73.4769607884516,250.3874291704159,63.47742114525624,-0.47381657231834395,1.4903423161728684,-2.5969174897316147
2307,23,250.5220863806557,63.53009203862824,15.0,15.0,166.33259794612525,-62.449627493464476,250.65190201880125,73.52924939813073,250.5220863806557,63.53009203862824,-0.4730304379626532,1.4887651678361515,-2.59951298512162
2308,23,250.67505451453357,63.58903614545163,15.0,15.0,166.40142142459862,-62.3150023644253,250.84358107180117,73.58761598458356,250.67505451453357,63.58903614545163,-0.47214104257560885,1.4869720289555977,-2.6024807667297054
2309,23,250.84569098821697,63.65376462986583,15.0,15.0,166.4777298992139,-62.165389551150454,251.05767892515772,73.65151743310075,250.84569098821697,63.65376462986583,-0.4711531053045741,1.4849698887724876,-2.60581349202832
2310,23,251.03335321787335,63.723788656010406,15.0,15.0,166.56111569234037,-62.00148186946157,251.293454885869,73.72040543981811,251.03335321787335,63.723788656010406,-0.47007134520622684,1.4827657096696474,-2.6095037917221457
2311,23,251.2373986196701,63.79861938802479,15.0,15.0,166.65116999861885,-61.82397176695572,251.55016757342366,73.79372697031563,251.2373986196701,63.79861938802479,-0.4689004818170869,1.480366434586164,-2.6135442765922825
2312,23,251.45718460977469,63.87776799004858,15.0,15.0,166.74748348926025,-61.633551755590005,251.8270747996524,73.87092471089672,251.45718460977469,63.87776799004858,-0.467645235729645,1.477778994193755,-2.6179275440964886
2313,23,251.69206860435452,63.96074562622128,15.0,15.0,166.8496468836669,-61.43091482708857,252.1234334474385,73.95143751278005,251.69206860435452,63.96074562622128,-0.4663103291831876,1.475010313838746,-2.6226461847203373
2314,23,251.94140801957707,64.04706346068234,15.0,15.0,166.957251488095,-61.216754852091725,252.43849935003914,74.0347008294087,251.94140801957707,64.04706346068234,-0.46490048667683503,1.4720673202523273,-2.6276927880744307
2315,23,252.20456027160978,64.13623265757127,15.0,15.0,167.06988970114085,-60.99176696381559,252.77152717265915,74.12014714704455,252.20456027160978,64.13623265757127,-0.46342043561083185,1.4689569480305544,-2.6330599487331123
2316,23,252.4808827766201,64.2277643810277,15.0,15.0,167.187155485894,-60.75664792684745,253.12177029781213,74.20720640877556,252.4808827766201,64.2277643810277,-0.46187490696072614,1.4656861458844184,-2.6387402718103576
2317,23,252.76973295077542,64.32116979519105,15.0,15.0,167.30864480865554,-60.51209649156091,253.48848071589865,74.29530643201984,252.76973295077542,64.32116979519105,-0.4602686359877324,1.4622618826592,-2.644726378268767
2318,23,253.07046821024323,64.41596006420093,15.0,15.0,167.43395604416872,-60.258813734501814,253.870908922327,74.3838733195638,253.07046821024323,64.41596006420093,-0.4586063629873136,1.4586911531212676,-2.651010909957776
2319,23,253.38244597119086,64.51164635219669,15.0,15.0,167.5626903473534,-59.99750338496318,254.2683038224005,74.47233186412058,253.38244597119086,64.51164635219669,-0.45689283407680015,1.4549809835094103,-2.657586534377378
2320,23,253.705023649786,64.60773982331798,15.0,15.0,167.69445199157306,-59.728872137837016,254.679912645095,74.5601059463475,253.705023649786,64.60773982331798,-0.45513280202170936,1.4511384368467748,-2.664445949163735
2321,23,254.0375586621958,64.70375164170426,15.0,15.0,167.82884867349446,-59.45362995270368,255.10498086674824,74.64661892620667,254.0375586621958,64.70375164170426,-0.4533310270993244,1.4471706180084365,-2.67158188629317
2322,23,254.3794084245878,64.79919297149507,15.0,15.0,167.96549178462723,-59.1724903389871,255.54275214558982,74.73129402750558,254.3794084245878,64.79919297149507,-0.4514922779970072,1.4430846785385647,-2.678987116001026
2323,23,254.7299303531296,64.89357497682994,15.0,15.0,168.10399664964845,-58.88617062688007,255.992468267935,74.81355471540192,254.7299303531296,64.89357497682994,-0.4496213327417229,1.4388878212101415,-2.68665445041185
2324,23,255.08848186398836,64.9864088218483,15.0,15.0,168.24398273163314,-58.59539222360955,256.45336910677554,74.89282506660992,255.08848186398836,64.9864088218483,-0.4477229796562314,1.4345873043190756,-2.694576746877325
2325,23,255.45442037333171,65.07720567068972,15.0,15.0,168.3850738043201,-58.300880854484134,256.9246925934018,74.96853013199875,255.45442037333171,65.07720567068972,-0.4458020183364658,1.430190445703498,-2.702746911018181
2326,23,255.82710329732703,65.16547668749374,15.0,15.0,168.52689809154535,-58.003366788034185,257.4056747025943,75.04009629122899,255.82710329732703,65.16547668749374,-0.44386326064368975,1.4257046264779354,-2.711157899466215
2327,23,256.20588805214174,65.25073303639985,15.0,15.0,168.66908837397565,-57.703585044420336,257.89554945182965,75.10695159903354,256.20588805214174,65.25073303639985,-0.44191153170412156,1.4211372944709122,-2.719802722302264
2328,23,256.5901320539433,65.33248588154757,15.0,15.0,168.81128206326858,-57.40227558615564,258.39354891485203,75.1685261227112,256.5901320539433,65.33248588154757,-0.439951670907865,1.4164959673534456,-2.7286744451857743
2329,23,256.97919271889924,65.4102463870764,15.0,15.0,168.95312124377725,-57.100183490049616,258.89890324986675,75.22425227036852,256.97919271889924,65.4102463870764,-0.4379885328981391,1.4117882354447242,-2.7377661911712488
2330,23,257.37242746317685,65.48352571712583,15.0,15.0,169.09425268190512,-56.79805909915095,259.4108407425217,75.27356510941587,257.37242746317685,65.48352571712583,-0.4360269885410105,1.407021764180158,-2.747071142206564
2331,23,257.76919370294365,65.55183503583542,15.0,15.0,169.23432780320275,-56.4966581533305,259.9285878637517,75.31590267479963,257.76919370294365,65.55183503583542,-0.4340719258650611,1.4022042962258259,-2.7565825403077486
2332,23,258.16884885436707,65.6146855073447,15.0,15.0,169.37300263728036,-56.19674189701543,260.45136934246966,75.35070626643268,258.16884885436707,65.6146855073447,-0.43212825095969476,1.3973436532222512,-2.766293688404455
2333,23,258.57075033361457,65.67158829579313,15.0,15.0,169.50993773059452,-55.899077162455384,260.9784082530008,75.37742073527077,258.57075033361457,65.67158829579313,-0.4302008888201069,1.3924477371393347,-2.7761979508499217
2334,23,258.97425555685345,65.72205456532022,15.0,15.0,169.6447980271477,-55.60443642677632,261.50892611707076,75.39549475747356,258.97425555685345,65.72205456532022,-0.4282947841262962,1.3875245312232316,-2.7862887535888374
2335,23,259.37872194025135,65.76559548006556,15.0,15.0,169.77725271712285,-55.31359784095743,262.0421430200712,75.40438109608438,259.37872194025135,65.76559548006556,-0.4264149019429263,1.3825821005149739,-2.7965595839761033
2336,23,259.7835068999756,65.80172220416856,15.0,15.0,169.90697505345935,-55.02734522875278,262.5772777412452,75.40353684966507,259.7835068999756,65.80172220416856,-0.4245662283263152,1.3776285919197244,-2.8070039902390973
2337,23,260.18796785219365,65.82994590176884,15.0,15.0,170.0336421363627,-54.74646805347372,263.1135478973561,75.39242368732981,260.18796785219365,65.82994590176884,-0.4227537708243876,1.3726722338047388,-2.8176155805756826
2338,23,260.5914622130729,65.84977773700582,15.0,15.0,170.15693466572907,-54.471761350455765,263.6501700993217,75.37050806963258,260.5914622130729,65.84977773700582,-0.42098255885507024,1.3677213351034347,-2.828388021879883
2339,23,260.99334739878094,65.86072887401913,15.0,15.0,170.27653666146142,-54.204025622949345,264.18636012122647,75.33726145478416,260.99334739878094,65.86072887401913,-0.41925764394832243,1.3627842839024127,-2.839315038086872
2340,23,261.39298082548504,65.86231047694818,15.0,15.0,170.39213515164968,-53.94406669911079,264.72133308104736,75.29216048969458,261.39298082548504,65.86231047694818,-0.4175840998368544,1.3578695454879395,-2.8503904081287397
2341,23,261.78971990935275,65.8540337099325,15.0,15.0,170.50341982859555,-53.692695547718586,265.2543036323678,75.23468718536901,261.78971990935275,65.8540337099325,-0.41596702238052674,1.3529856598282286,-2.8616079634923706
2342,23,262.18292206655144,65.83540973711162,15.0,15.0,170.61008267267118,-53.450728050214664,265.7844861662833,75.16432907621639,262.18292206655144,65.83540973711162,-0.41441152930953695,1.3481412384679725,-2.872961585370793
2343,23,262.5719447132485,65.80594972262506,15.0,15.0,170.7118175440228,-53.218984726664985,266.31109502264826,75.08057936287031,262.5719447132485,65.80594972262506,-0.41292275977173887,1.3433449608119306,-2.884445201399445
2344,23,262.9561452656115,65.76516483061233,15.0,15.0,170.80831974215803,-52.99829041325559,266.83334470975603,74.98293703816474,262.9561452656115,65.76516483061233,-0.4115058736698616,1.3386055697750643,-2.8960527819690913
2345,23,263.3348811398078,65.71256622521294,15.0,15.0,170.89928553349304,-52.78947388899262,267.35045013149175,74.87090699595446,263.3348811398078,65.71256622521294,-0.41016605077500046,1.3339318667777376,-2.9077783361075342
2346,23,263.7075097520049,65.64766507056638,15.0,15.0,170.98441164698517,-52.59336744935763,267.86162682095596,74.74400012252272,263.7075097520049,65.64766507056638,-0.4089084896035554,1.329332706065904,-2.919615906922859
2347,23,264.07338851837017,65.56997253081227,15.0,15.0,171.06339473803465,-52.410806424789044,268.36609117951264,74.60173337037288,264.07338851837017,65.56997253081227,-0.4077384060458155,1.324816988338021,-2.9315595666017673
2348,23,264.4318748550711,65.47899977008998,15.0,15.0,171.1359308209094,-52.242628642016896,268.86306072018243,74.4436298142601,264.4318748550711,65.47899977008998,-0.4066610317356465,1.3203936536627,-2.9436034109575373
2349,23,264.78232617827507,65.37425795253915,15.0,15.0,171.2017146700292,-52.08967382647489,269.3517543142708,74.26921868938169,264.78232617827507,65.37425795253915,-0.4056816121522364,1.3160716736738458,-2.955741553523419
2350,23,265.12409990414955,65.25525824229915,15.0,15.0,171.26043919053734,-51.95278294425397,269.83139244009783,74.07803541170593,265.12409990414955,65.25525824229915,-0.40480540444662116,1.3118600430332683,-2.967968119188718
2351,23,265.45655344886194,65.12151180350966,15.0,15.0,171.31179475869388,-51.832797482343665,270.30119743267676,73.86962158048932,265.45655344886194,65.12151180350966,-0.40403767498773124,1.3077677701545225,-2.980277237376592
2352,23,265.77904422857983,64.97252980031007,15.0,15.0,171.3554685327375,-51.73055866623726,270.7603937331785,73.64352496309473,265.77904422857983,64.97252980031007,-0.40338369662500606,1.3038038671859948,-2.9926630347645204
2353,23,266.0909296594705,64.80782339683992,15.0,15.0,171.39114373498964,-51.64690661434942,271.2082081370092,73.39929946229684,266.0909296594705,64.80782339683992,-0.4028487456671915,1.2999773392560992,-3.005119627550705
2354,23,266.3915671577014,64.62690375723881,15.0,15.0,171.4184989061074,-51.58267942911341,271.6438700393318,73.13650506632592,266.3915671577014,64.62690375723881,-0.4024380985797733,1.296297172988745,-3.0176411132721004
2355,23,266.68031413944016,64.42928204564609,15.0,15.0,171.43720713253197,-51.5387122250896,272.066611676863,72.85470778197256,266.68031413944016,64.42928204564609,-0.4021570284066186,1.2927723243031366,-3.0302215621825783
2356,23,266.95652802085385,64.21446942620149,15.0,15.0,171.44693524832698,-51.51583609491638,272.47566836479245,72.55347955114493,266.95652802085385,64.21446942620149,-0.40201080092472463,1.2894117055182375,-3.0428550082026375
2357,23,267.21956621811023,63.98197706304434,15.0,15.0,171.44734301274914,-51.51487701447856,272.8702787276865,72.2323981513354,267.21956621811023,63.98197706304434,-0.4020046705445646,1.2862241717889908,-3.0555354394552787
2358,23,267.468813827076,63.73136072799714,15.0,15.0,171.43810342871242,-51.5366049301246,273.2497106834394,71.89109304812186,267.468813827076,63.73136072799714,-0.4021435578968414,1.2832181515925691,-3.068256515922636
2359,23,267.704178389476,63.4630181492513,15.0,15.0,171.41928097592006,-51.58084213177369,273.61372261299294,71.53006761422283,267.704178389476,63.4630181492513,-0.4024263525730065,1.2803952738698334,-3.081006688952567
2360,23,267.92603337379614,63.17809792707066,15.0,15.0,171.39129133237597,-51.646560266767736,273.96251298158097,71.15060781698598,267.92603337379614,63.17809792707066,-0.40284653104422774,1.2777510575427158,-3.0937697531987984
2361,23,268.1347685779317,62.87777497765171,15.0,15.0,171.3545599385075,-51.732687540932076,274.2963030230177,70.75403635485468,268.1347685779317,62.87777497765171,-0.4033973122720973,1.2752806770425194,-3.1065292775544204
2362,23,268.33077379977783,62.56322421719093,15.0,15.0,171.30951088038776,-51.838138875450014,274.61532187917726,70.34168521135406,268.33077379977783,62.56322421719093,-0.4040718466389238,1.272979180165386,-3.119268772856648
2363,23,268.5144388372297,62.235620561884915,15.0,15.0,171.2565681675272,-51.96181676527995,274.9198068879822,69.9148952759708,268.5144388372297,62.235620561884915,-0.40486321775476614,1.2708414966302506,-3.131971698637737
2364,23,268.6861534881825,61.89613892793015,15.0,15.0,171.19615693454017,-52.10261216137938,275.21000383259934,69.4750159346939,268.6861534881825,61.89613892793015,-0.4057644445661106,1.2688624467127478,-3.1446214696502164
2365,23,268.8463075505314,61.545954231523226,15.0,15.0,171.1287045643842,-52.25940537238816,275.4861671491745,69.02340463325152,268.8463075505314,61.545954231523226,-0.40676848373919733,1.267036749926139,-3.1572014621644877
2366,23,268.99529082217157,61.18624138886062,15.0,15.0,171.05464173098807,-52.43106698112496,275.7485600906662,68.56142641618067,268.99529082217157,61.18624138886062,-0.40786823229063407,1.265359033718532,-3.169695020035432
2367,23,269.1334931009983,60.81817531613887,15.0,15.0,170.9744033592361,-52.61645877099983,275.99745484457577,68.0904534449445,269.1334931009983,60.81817531613887,-0.40905653043772494,1.2638238421542285,-3.1820854605334254
2368,23,269.2613041849067,60.44293092955449,15.0,15.0,170.88842950045324,-52.81443465724843,276.23313260262285,67.61186449835853,269.2613041849067,60.44293092955449,-0.41032616464093496,1.2624256445459232,-3.1943560799340798
2369,23,269.379113871792,60.06168314530402,15.0,15.0,170.79716612173516,-53.023841617747934,276.4558835806712,67.12704445860497,269.379113871792,60.06168314530402,-0.41166987081108153,1.2611588440037538,-3.206490158860096
2370,23,269.48731195954923,59.67560687958405,15.0,15.0,170.7010658076859,-53.24352061808261,276.66600698747,66.63738378610051,269.48731195954923,59.67560687958405,-0.413080337654213,1.2600177858667854,-3.21847096736787
2371,23,269.58628824607365,59.28587704859101,15.0,15.0,170.60058837335814,-53.472307525486286,276.8638109410402,66.14427798643706,269.58628824607365,59.28587704859101,-0.41455021012767546,1.2589967659824417,-3.230281769770861
2372,23,269.6764325292607,58.89366856852145,15.0,15.0,170.49620138743308,-53.709034006299746,277.0496123317957,65.64912707253804,269.6764325292607,58.89366856852145,-0.4160720929815921,1.2580900387996137,-3.241905829191216
2373,23,269.75813460700516,58.50015635557202,15.0,15.0,170.38838060492256,-53.952528401645495,277.2237366317485,65.15333502506134,269.75813460700516,58.50015635557202,-0.4176385543608905,1.257291825241727,-3.253326411830815
2374,23,269.83178427720253,58.106515325939036,15.0,15.0,170.2776103089252,-54.20161657612897,277.3865176494031,64.65830925393759,269.83178427720253,58.106515325939036,-0.41924212944404793,1.2565963203267705,-3.2645267909525484
2375,23,269.8977713377478,57.7139203958192,15.0,15.0,170.16438356121006,-54.45512273453768,277.5382972301845,64.16546006375926,269.8977713377478,57.7139203958192,-0.4208753240959683,1.255997700502399,-3.2754902505625485
2376,23,269.95648558653625,57.32354648140895,15.0,15.0,170.049202361637,-54.71187020171057,277.67942490248896,63.67620012552585,269.95648558653625,57.32354648140895,-0.4225306185137489,1.2554901306653932,-3.2862000887838794
2377,23,270.00831682146304,56.936568498904855,15.0,15.0,169.93257771664676,-54.97068216099662,277.81025746966367,63.19194395701723,270.00831682146304,56.936568498904855,-0.4242004708455941,1.2550677708362405,-3.2966396209122037
2378,23,270.0536548404233,56.55416136450344,15.0,15.0,169.8150296172596,-55.2303823470087,277.93115854843956,62.71410741379562,270.0536548404233,56.55416136450344,-0.42587732076475737,1.2547247824611802,-3.306792182143888
2379,23,270.0928894413123,56.17749999440125,15.0,15.0,169.69708692721053,-55.48979568870283,278.0424980545371,62.24410719254283,270.0928894413123,56.17749999440125,-0.4275535929821218,1.2544553343157994,-3.3166411299670173
2380,23,270.1264104220253,55.807759304794736,15.0,15.0,169.57928718201435,-55.74774889917231,278.14465163635,61.783360348112836,270.1264104220253,55.807759304794736,-0.42922170068286514,1.2542536079861084,-3.326169846205804
2381,23,270.1546075804572,55.44611421188052,15.0,15.0,169.46217629989496,-56.00307100893713,278.23800005778264,61.33328382532963,270.1546075804572,55.44611421188052,-0.4308740488745735,1.2541138029049455,-3.33536173870888
2382,23,270.17787071450346,55.09373963185513,15.0,15.0,169.34630820562694,-56.2545938399316,278.32292853146976,60.89529400618245,270.17787071450346,55.09373963185513,-0.4325030376361812,1.254030140923559,-3.34420024267194
2383,23,270.19658962205915,54.75181048091502,15.0,15.0,169.23224436842298,-56.50115241783912,278.3998260037484,60.47080627267165,270.19658962205915,54.75181048091502,-0.43410106525917214,1.253996870400224,-3.3526688215851577
2384,23,270.21115410101953,54.421501675256785,15.0,15.0,169.1205532550568,-56.74158532089463,278.46908439288063,60.06123458513494,270.21115410101953,54.421501675256785,-0.43566053127460735,1.2540082697897603,-3.3607509677956697
2385,23,270.2219539492796,54.103988131076896,15.0,15.0,169.0118096994354,-56.974734963769734,278.5310977821375,59.66799107543984,270.2219539492796,54.103988131076896,-0.43717383936172216,1.2540586507198541,-3.368430202675309
2386,23,270.22937896473485,53.800444764571914,15.0,15.0,168.90659418983043,-57.19944781566447,278.58626156946286,59.29248565396763,270.22937896473485,53.800444764571914,-0.4386334001360308,1.2541423605420237,-3.3756900763834587
2387,23,270.2338189452802,53.51204649193838,15.0,15.0,168.8054920749422,-57.41457455226046,278.63497157552786,58.93612562883186,270.2338189452802,53.51204649193838,-0.44003163381712274,1.2542537843470054,-3.3825141672146475
2388,23,270.2356636888109,53.23996822937283,15.0,15.0,168.7090926899074,-57.61897014172985,278.6776231120838,58.60031533528068,270.2356636888109,53.23996822937283,-0.44136097277856423,1.2543873464361357,-3.3888860805200247
2389,23,270.23530299322215,52.98538489307175,15.0,15.0,168.61798840326858,-57.81149386555144,278.7146100126037,58.28645577272117,270.23530299322215,52.98538489307175,-0.442613863984588,1.2545375112420694,-3.3947894471913935
2390,23,270.23312665640924,52.749471399231666,15.0,15.0,168.5327735858093,-57.99100927544853,278.7463236272988,57.99594424628208,270.23312665640924,52.749471399231666,-0.44378277132048116,1.254698783693755,-3.4002079216957957
2391,23,270.22952447626716,52.53340266404921,15.0,15.0,168.4540435020192,-58.15638408833772,278.77315178468837,57.730174009298054,270.22952447626716,52.53340266404921,-0.44486017782582016,1.25486570902209,-3.405125179647932
2392,23,270.22488625069127,52.33835360372073,15.0,15.0,168.38239312479746,-58.306490021757895,278.7954777220132,57.49053390255584,270.22488625069127,52.33835360372073,-0.4458385878418914,1.2550328720039747,-3.409524914906798
2393,23,270.2196017775767,52.16549913444292,15.0,15.0,168.31841587383104,-58.44020257283471,278.8136789868993,57.27840798559632,270.2196017775767,52.16549913444292,-0.44671052908679243,1.2551948956436587,-3.4133908361819256
2394,23,270.21406085481857,52.01601417241222,15.0,15.0,168.262702277903,-58.55640074442785,278.8281263128299,57.09517515480843,270.21406085481857,52.01601417241222,-0.4474685546738193,1.2553464392912248,-3.416706663133482
2395,23,270.2086532803121,51.8910736338252,15.0,15.0,168.2158385611999,-58.65396672269823,278.839182471151,56.94220874249906,270.2086532803121,51.8910736338252,-0.4481052450907559,1.2554821961987863,-3.419456121949177
2396,23,270.2037688519525,51.791852434878415,15.0,15.0,168.17840515350133,-58.73178551093007,278.8472011025439,56.82087609056303,270.2037688519525,51.791852434878415,-0.4486132101596494,1.2555968905155321,-3.4216229403795326
2397,23,270.1997973676349,51.71952549176828,15.0,15.0,168.15097512395835,-58.78874452503372,278.8525255311489,56.73253809182545,270.1997973676349,51.71952549176828,-0.44898509099847483,1.2556852737229875,-3.423190842211479
2398,23,270.19712862525455,51.675267720691465,15.0,15.0,168.13411253800138,-58.82373315674795,278.8554875648189,56.678548691581085,270.19712862525455,51.675267720691465,-0.44921356200781526,1.2557421205118797,-3.424143541158542
2399,23,270.1961524227065,51.66025403784435,15.0,15.0,168.12837073677906,-58.83564231114633,278.8564062853413,56.660254341316374,270.1961524227065,51.66025403784435,-0.4492913329072414,1.2557622241016664,-3.424464734143988
2400,24,270.19615242270663,51.660254037844375,15.0,15.0,168.1283706920999,-58.835642403806816,278.856406460551,56.66025403784437,270.19615242270663,51.660254037844375,-0.4492913335123577,1.2557622228029153,-3.4244647672820525
2401,24,270.2036935363585,51.64910822099705,15.0,15.0,168.12930534659716,-58.83370398448538,278.85517886586825,56.66426540629821,270.2036935363585,51.64910822099705,-0.44927867476468825,1.2557682853245067,-3.422732401487618
2402,24,270.22611237253716,51.615973029894946,15.0,15.0,168.13200450544278,-58.82810573314913,278.8513728169394,56.676099734457836,270.22611237253716,51.615973029894946,-0.4492421161060818,1.2557880482808528,-3.417582949018297
2403,24,270.26310217407695,51.56130185369795,15.0,15.0,168.13619769059352,-58.81940772498423,278.84458239672114,56.695325342967095,270.26310217407695,51.56130185369795,-0.44918531616341595,1.255826336692677,-3.4090888069281524
2404,24,270.31435618381266,51.48554808156598,15.0,15.0,168.14147116554497,-58.808467056649775,278.83412774026976,56.72133767109155,270.31435618381266,51.48554808156598,-0.44911387335551767,1.255891041932498,-3.397323498831095
2405,24,270.3795676445785,51.38916510265892,15.0,15.0,168.14727714874888,-58.79641930286519,278.81908279571394,56.75335973128264,270.3795676445785,51.38916510265892,-0.4490352041008051,1.2559928380167278,-3.3823615129853373
2406,24,270.45842979920917,51.272606306136645,15.0,15.0,168.15294257803967,-58.7846608699104,278.7983051496178,56.79043913612037,270.45842979920917,51.272606306136645,-0.4489584269247423,1.256144881514418,-3.364278118094683
2407,24,270.55063589053907,51.13632508115904,15.0,15.0,168.15767761020732,-58.77483167752945,278.77046782121704,56.83144255417109,270.55063589053907,51.13632508115904,-0.4488942489842481,1.2563624940984441,-3.3431491593353093
2408,24,270.6558791614027,50.980774816886125,15.0,15.0,168.16058404263202,-58.768797575396675,278.73409297070424,56.87504844908288,270.6558791614027,50.980774816886125,-0.44885485138451364,1.2566628263333683,-3.3190508368268032
2409,24,270.7738528546346,50.80640890247763,15.0,15.0,168.16066383834587,-58.768631901352265,278.6875874813387,56.91973894903198,270.7738528546346,50.80640890247763,-0.4488537696832242,1.2570645011964605,-3.292059468648969
2410,24,270.90425021306925,50.61368072709349,15.0,15.0,168.15682792357313,-58.7765956139819,278.62928036612806,56.96379168158336,270.90425021306925,50.61368072709349,-0.44890576614338074,1.2575872360373475,-3.2622512405486495
2411,24,271.04676447954114,50.403043679893635,15.0,15.0,168.14790540944907,-58.79511547994518,278.55746191977204,57.00527239157189,271.04676447954114,50.403043679893635,-0.4490266905949176,1.2582514421690942,-3.2297019446691935
2412,24,271.2010888968847,50.174951150037906,15.0,15.0,168.13265336906352,-58.82675986490423,278.4704244881983,57.042029135677865,271.2010888968847,50.174951150037906,-0.44923332718310105,1.2590778020183508,-3.1944867099522045
2413,24,271.36691670793465,49.92985652668623,15.0,15.0,168.1097672790913,-58.87421176393359,278.3665046642513,57.071688815517106,271.36691670793465,49.92985652668623,-0.44954322480309217,1.2600868247095016,-3.156679727287122
2414,24,271.5439411555253,49.66821319899853,15.0,15.0,168.07789221388038,-58.94023881051254,278.24412664199195,57.091656769669896,271.5439411555253,49.66821319899853,-0.44997450962799235,1.2612983820773342,-3.116353972995851
2415,24,271.7318554824912,49.39047455613462,15.0,15.0,168.03563486063595,-59.027660119728935,278.10184637691265,57.09912009247809,271.7318554824912,49.39047455613462,-0.450545678812675,1.262731228348214,-3.073580934810103
2416,24,271.9303529316668,49.09709398725445,15.0,15.0,167.98157640864454,-59.13930994773324,277.93839610864586,57.09105528210418,271.9303529316668,49.09709398725445,-0.45127537517574645,1.2644025080483094,-3.0284303450976555
2417,24,272.13912674588676,48.78852488151787,15.0,15.0,167.91428635430563,-59.27799828181573,277.75272871016244,57.06424074098767,272.13912674588676,48.78852488151787,-0.45218214340286156,1.266327258030431,-2.9809699266858836
2418,24,272.35787016798537,48.465220628084865,15.0,15.0,167.8323372575182,-59.446468609358575,277.54406123687016,57.015274557565064,272.35787016798537,48.465220628084865,-0.45328416905078295,1.2685179107954518,-2.9312651571791166
2419,24,272.5862764407973,48.1276346161152,15.0,15.0,167.73432048349582,-59.64735324473858,277.3119169644507,56.94059788854548,272.5862764407973,48.1276346161152,-0.45459900233740225,1.270983807454976,-2.8793790581312844
2420,24,272.82403880715697,47.776220234768836,15.0,15.0,167.61886296642675,-59.883126716471025,277.056165129761,56.83652413637843,272.82403880715697,47.776220234768836,-0.4561432693544568,1.273730729675002,-2.825372015776866
2421,24,273.07085050989883,47.411430873205674,15.0,15.0,167.4846450358484,-60.15605782830362,276.77705752870077,56.69927397770432,273.07085050989883,47.411430873205674,-0.45793237391649666,1.276760460696679,-2.7693016402026793
2422,24,273.3264047918575,47.03371992058558,15.0,15.0,167.33041935071816,-60.468161104099735,276.47526108247143,56.52501614718504,273.3264047918575,47.03371992058558,-0.45998019374689375,1.2800703859995897,-2.711222669825153
2423,24,273.5903948958674,46.64354076606841,15.0,15.0,167.15503098679673,-60.82114840469596,276.1518854627131,56.30991371955828,273.5903948958674,46.64354076606841,-0.46229877509172934,1.283653144317496,-2.6511869277921853
2424,24,273.86251406476305,46.24134679881418,15.0,15.0,166.95743871645317,-61.216381564171485,275.8085048697626,56.05017546419809,273.86251406476305,46.24134679881418,-0.46489803014589215,1.2874963395134977,-2.589243336432206
2425,24,274.142455541379,45.82759140798265,15.0,15.0,166.73673750235025,-61.65482693309569,275.4471730893069,55.742111674749424,274.142455541379,45.82759140798265,-0.4677854418820528,1.2915823232656083,-2.5254379951107753
2426,24,274.42991256854964,45.40272798273376,15.0,15.0,166.49218219362731,-62.137012738456676,275.0704310128911,55.38219370603069,274.42991256854964,45.40272798273376,-0.4709657810094665,1.2958880576161729,-2.4598143258212026
2427,24,274.7245783891095,44.96720991222743,15.0,15.0,166.22321236138515,-62.662990176167,274.681305898075,54.967116286365126,274.7245783891095,44.96720991222743,-0.47444083987902463,1.3003850652265652,-2.392413289534187
2428,24,275.0261462458932,44.52149058562349,15.0,15.0,165.92947813637988,-63.23229914479073,274.2833017645629,54.49386152119128,275.0261462458932,44.52149058562349,-0.4782091882196077,1.3050394736917166,-2.323273674775998
2429,24,275.3343093817351,44.06602339208191,15.0,15.0,165.61086681381613,-63.84393951085234,273.8803804723204,53.95976336877263,275.3343093817351,44.06602339208191,-0.4822659556636467,1.3098121585553861,-2.2524324581181823
2430,24,275.6487610394698,43.60126172076254,15.0,15.0,165.26752986751023,-64.49634876846181,273.4769332043842,53.36257125661619,275.6487610394698,43.60126172076254,-0.48660264611615567,1.3146589877781916,-2.1799252342765607
2431,24,275.9691944619317,43.127658960825265,15.0,15.0,164.8999098700006,-65.18738691942576,273.07774227746205,52.7005114231233,275.9691944619317,43.127658960825265,-0.4912069891503982,1.3195311683971986,-2.105786711375154
2432,24,276.2953028919553,42.64566850142996,15.0,15.0,164.50876665040983,-65.91432935317022,272.68793342308504,51.97234451783916,276.2953028919553,42.64566850142996,-0.49606283376917815,1.3243756940242721,-2.030051264683241
2433,24,276.62677957237526,42.15574373173659,15.0,15.0,164.0952018448836,-66.67386844538112,272.3129189155627,51.17741797954697,276.62677957237526,42.15574373173659,-0.5011500900300632,1.3291358896996504,-1.9527535398437108
2434,24,276.96331774602595,41.65833804090496,15.0,15.0,163.6606808152303,-67.46212451515066,271.9583321639081,50.315711737517134,276.96331774602595,41.65833804090496,-0.5064447241530552,1.3337520484794931,-1.8739290943529394
2435,24,277.30461065574184,41.15390481809504,15.0,15.0,163.2070507431668,-68.2746666760809,271.62995462615027,49.3878758494881,277.30461065574184,41.15390481809504,-0.5119188127489063,1.3381621520177303,-1.7936150639143222
2436,24,277.65035154435753,40.64289745246668,15.0,15.0,162.73655356647134,-69.10654398024653,271.33363613838503,48.395258801110685,277.65035154435753,40.64289745246668,-0.5175406616490394,1.342302665328048,-1.7118508383703417
2437,24,278.0002336547074,40.12576933317976,15.0,15.0,162.2518323278132,-69.95232707878928,271.07520996965104,47.339925344897864,278.0002336547074,40.12576933317976,-0.5232749943981099,1.34610939390795,-1.6286787303340629
2438,24,278.3539502296261,39.602973849394154,15.0,15.0,161.75592947667022,-70.80616040494178,270.86040410939745,46.22466294991878,278.3539502296261,39.602973849394154,-0.5290832147018303,1.349518389507778,-1.5441446185103338
2439,24,278.71119451194807,39.07496439026984,15.0,15.0,161.25227571868123,-71.66182462368795,270.69475045940067,45.052976162788966,278.71119451194807,39.07496439026984,-0.534923745930777,1.3524668890792166,-1.458298547140481
2440,24,279.07165974450777,38.5421943449666,15.0,15.0,160.74466816147117,-72.51280879107159,270.58349372963124,43.82906844067719,279.07165974450777,38.5421943449666,-0.5407524491138425,1.3548942698998776,-1.3711952631334414
2441,24,279.43503917013965,38.00511710264446,15.0,15.0,160.23723677276752,-73.35239133498916,270.53150192183705,42.55781130147744,279.43503917013965,38.00511710264446,-0.5465231186970289,1.3567430026170029,-1.2828946733506728
2442,24,279.80102603167825,37.464186052463226,15.0,15.0,159.73439854910745,-74.17372862355886,270.54318032080755,41.244700937199525,279.80102603167825,37.464186052463226,-0.552188052725234,1.3579595830686375,-1.1934622062455418
2443,24,280.16931357195824,36.919854583582776,15.0,15.0,159.24079928524563,-74.96994954735433,270.6223908982058,39.89580274532756,280.16931357195824,36.919854583582776,-0.5576986911111517,1.3584954233134487,-1.1029690646242378
2444,24,280.5395950338139,36.372576085163075,15.0,15.0,158.76124341756767,-75.73425423198702,270.7723789659259,38.51768454004136,280.5395950338139,36.372576085163075,-0.5630063124266125,1.3583076824142184,-1.0114923596379326
2445,24,280.9115636600798,35.82280394636389,15.0,15.0,158.30061305951423,-76.46001474287756,270.9957087954032,37.11733950117424,280.9115636600798,35.82280394636389,-0.5680627763779944,1.357360018241688,-0.9191151201112058
2446,24,281.28491269359046,35.27099155634521,15.0,15.0,157.8637780124936,-77.14087546793198,271.29420974822585,35.702100194026656,281.28491269359046,35.27099155634521,-0.5728212960369009,1.3556232429339456,-0.8259261757707607
2447,24,281.6593353771804,34.717592304266944,15.0,15.0,157.45549917322975,-77.77085078463998,271.66893424568406,34.27954523853461,281.6593353771804,34.717592304266944,-0.5772372212361433,1.3530758666625824,-0.732019917615596
2448,24,282.03452495368407,34.16305957928897,15.0,15.0,157.080328315424,-78.34441764659162,272.1201286461552,32.85740041348103,282.03452495368407,34.16305957928897,-0.5812688125484251,1.349704516976598,-0.6374959432822254
2449,24,282.4101746659359,33.60784677057107,15.0,15.0,156.74250764915897,-78.85660086178335,272.6472178066508,31.44343614323219,282.4101746659359,33.60784677057107,-0.5848779841464112,1.3455042241277864,-0.5424585995099963
2450,24,282.78597775677065,33.05240726727328,15.0,15.0,156.44587281231097,-79.30304907246395,273.24880378690875,30.045363425127206,282.78597775677065,33.05240726727328,-0.5880309937444069,1.3404785662937397,-0.4470164374224129
2451,24,283.16162746902256,32.49719445855544,15.0,15.0,156.19376299395998,-79.68009976550225,273.92267882061196,28.670730311064688,283.16162746902256,32.49719445855544,-0.5906990588110126,1.3346396723395857,-0.35128159907622103
2452,24,283.5368170455262,31.942661733577438,15.0,15.0,155.98894171697677,-79.9848320182066,274.66585233878743,27.3268210548067,283.5368170455262,31.942661733577438,-0.5928588802965723,1.328008083511057,-0.25536915542702876
2453,24,283.9112397291162,31.389262481499113,15.0,15.0,155.83353142129553,-80.21510608830391,275.47459149560717,26.02055997679379,283.9112397291162,31.389262481499113,-0.5944930581269402,1.3206124790408889,-0.15939641644193392
2454,24,284.28458876262687,30.837450091480473,15.0,15.0,155.72896441528513,-80.3695893595092,276.34447432698255,24.75842198257419,284.28458876262687,30.837450091480473,-0.5955903864855685,1.3124892739048732,-0.0634822335734937
2455,24,284.65655738889274,30.28767795268135,15.0,15.0,155.67595204070415,-80.4477685304455,277.2704543772893,23.54635150293997,284.65655738889274,30.28767795268135,-0.5961460211909569,1.303682099741398,0.03225368669818396
2456,24,285.02683885074845,29.740399454261592,15.0,15.0,155.67447307913142,-80.4499482656158,278.2469353681856,22.3896914089688,285.02683885074845,29.740399454261592,-0.59616151599726,1.2942411821505866,0.12769144186691372
2457,24,285.3951263910283,29.19606798538115,15.0,15.0,155.72378157255702,-80.37723680165651,279.2678542634656,21.293123200378957,285.3951263910283,29.19606798538115,-0.5956447291221527,1.2842226291677812,0.2227115514548086
2458,24,285.76111325256704,28.65513693519991,15.0,15.0,155.82243339589309,-80.23151921742746,280.32677091141244,20.26061947919719,285.76111325256704,28.65513693519991,-0.5946096054836819,1.2736876466632592,0.3171955238494202
2459,24,286.1244926781989,28.118059692877708,15.0,15.0,155.96833015678575,-80.01541923712934,281.41696232563146,19.295409411944206,286.1244926781989,28.118059692877708,-0.5930758438002939,1.2627016968038611,0.4110263649421384
2460,24,286.4849579107586,27.585289647574534,15.0,15.0,156.1587783506748,-79.73225055146249,282.5315195994955,18.399957562176823,286.4849579107586,27.585289647574534,-0.5910684607304629,1.2513336156068668,0.5040890247139369
2461,24,286.84220219308054,27.0572801884502,15.0,15.0,156.39056119638846,-79.38595872570419,283.66344543879455,17.575956151319033,286.84220219308054,27.0572801884502,-0.5886172665218589,1.2396547051302673,0.5962707806942769
2462,24,287.19591876799916,26.53448470466465,15.0,15.0,156.66002023601462,-78.98105482878945,284.8057503407905,16.824330489124364,287.19591876799916,26.53448470466465,-0.5857562681894978,1.2277378150946463,0.6874615595173728
2463,24,287.5458008783491,26.017356585377726,15.0,15.0,156.9631436057066,-78.52254197564099,285.9515455426224,16.14525701514917,287.5458008783491,26.017356585377726,-0.5825230170861676,1.215656427835103,0.7775541995406972
2464,24,287.89154176696485,25.506349219749353,15.0,15.0,157.2956578635692,-78.01583603437675,287.0941310032965,15.538193117742026,287.89154176696485,25.506349219749353,-0.5789579179443862,1.203483759536582,0.8664446586516017
2465,24,288.23283467668074,25.001915996939402,15.0,15.0,157.65312038010796,-77.46668181468624,288.22707686529793,15.001917654559136,288.23283467668074,25.001915996939402,-0.5751035161588913,1.1912918897881903,0.9540321719955012
2466,24,288.5693728503314,24.504510306107814,15.0,15.0,158.03100953311102,-76.88106612321772,289.3442970570507,14.534580894429894,288.5693728503314,24.504510306107814,-0.5710037793523595,1.1791509306471648,1.0402193644776172
2467,24,288.90084953075126,24.014585536414366,15.0,15.0,158.42481027606178,-76.26512914183428,290.44011393807784,14.133762438901812,288.90084953075126,24.014585536414366,-0.5667033882305132,1.1671282456446868,1.1249123226122721
2468,24,289.22695796077494,23.532595077019167,15.0,15.0,158.83009303998597,-75.6250756474662,291.5093131463452,13.796535565753814,289.22695796077494,23.532595077019167,-0.5622470504778994,1.1552877284765628,1.208020629727988
2469,24,289.54739138323686,23.058992317081874,15.0,15.0,159.24258435658686,-74.96708763838542,292.5471880733334,13.519536367286534,289.54739138323686,23.058992317081874,-0.5576788500448644,1.1436891504586568,1.2894573677990313
2470,24,289.8618430409715,22.59423064576248,15.0,15.0,159.65822803141333,-74.29723995069287,293.5495736584671,13.299036032803286,289.8618430409715,22.59423064576248,-0.5530416426808185,1.1323875851276715,1.3691390883778893
2471,24,290.1700061768134,22.13876345222088,15.0,15.0,160.07323612854822,-73.62142043090087,294.5128694527042,13.131014645392455,290.1700061768134,22.13876345222088,-0.5483765070106671,1.1214329175610334,1.4469857543518225
2472,24,290.47157403359705,21.69304412561698,15.0,15.0,160.48412943544162,-72.94525616775286,295.43405214414497,13.011234924630543,290.47157403359705,21.69304412561698,-0.543722258847008,1.1108694450049834,1.5229206536269706
2473,24,290.766239854157,21.25752605511063,15.0,15.0,160.88776744439622,-72.2740471737719,296.3106779601976,12.935314444710158,290.766239854157,21.25752605511063,-0.5391150347881155,1.1007355741797913,1.5968702854211185
2474,24,291.05369688132765,20.83266262986176,15.0,15.0,161.28136820595844,-71.61270874295995,297.14087555597996,12.898794986470023,291.05369688132765,20.83266262986176,-0.5345879494759999,1.0910636191396512,1.6687642196618677
2475,24,291.3336383579435,20.41890723903022,15.0,15.0,161.66251867277313,-70.9657234981389,297.92333016329604,12.897207835938502,291.3336383579435,20.41890723903022,-0.530170829188748,1.0818797017971513,1.7385349300544957
2476,24,291.6057575268392,20.01671327177592,15.0,15.0,162.0291763573053,-70.33710388624881,298.65725990602675,12.926134015021745,291.6057575268392,20.01671327177592,-0.5258900227338364,1.073203755207637,1.8061176016909182
2477,24,291.8697476308491,19.626534117258803,15.0,15.0,162.37966327312463,-69.73036559286403,299.3423852846869,12.981258615487235,291.8697476308491,19.626534117258803,-0.5217682889219568,1.0650496275121715,1.8714499145805397
2478,24,292.12530191280774,19.248823164638697,15.0,15.0,162.7126532196346,-69.14851204160398,299.97889289502376,13.058418599179717,292.12530191280774,19.248823164638697,-0.5178247582728328,1.0574252821551695,1.9344718051384595
2479,24,292.3721136155497,18.88403380307553,15.0,15.0,163.02715350872995,-68.59402983528723,300.5673944737544,13.153643619576371,292.3721136155497,18.88403380307553,-0.5140749650830799,1.0503330877433286,1.9951252083943707
2480,24,292.60987598190934,18.532619421729173,15.0,15.0,163.32248222505535,-68.06889469950917,301.1088823607615,13.263189607011995,292.60987598190934,18.532619421729173,-0.5105309446233774,1.0437701888267221,2.0533537844086647
2481,24,292.83828225472126,18.195033409759557,15.0,15.0,163.59824206659107,-67.5745872210016,301.60468243399555,13.38356503754514,292.83828225472126,18.195033409759557,-0.5072013890793413,1.037728947089833,2.109102633022256
2482,24,293.05702567681993,17.871729156326513,15.0,15.0,163.85429173715744,-67.11211744577788,302.0564055143518,13.511549969661772,293.05702567681993,17.871729156326513,-0.5040918549518832,1.032197441053235,2.1623180015552625
2483,24,293.2657994910398,17.563160050589943,15.0,15.0,164.0907157651955,-66.68205722569479,302.46589815676225,13.644208080870044,293.2657994910398,17.563160050589943,-0.5012050140209561,1.027160011492149,2.212946990352197
2484,24,293.4642969402155,17.269779481709776,15.0,15.0,164.30779351167806,-66.28457908283777,302.83519364483175,13.778892065677525,293.4642969402155,17.269779481709776,-0.49854093966793506,1.0225978394272581,2.260937261113539
2485,24,293.6522112671813,16.992040838845863,15.0,15.0,164.50596801140088,-65.91950030106452,303.1664638938649,13.913242866317503,293.6522112671813,16.992040838845863,-0.4960974203449844,1.0184895437474633,2.3062367527423286
2486,24,293.829235714772,16.730397511158134,15.0,15.0,164.6858151724595,-65.58633095107562,303.46197284538124,14.045183297620952,293.829235714772,16.730397511158134,-0.4938702922552308,1.0148117862558692,2.3487934089783744
2487,24,293.9950635258219,16.485302887806494,15.0,15.0,164.84801374356076,-65.28432460393265,303.72403180935385,14.17290669813022,293.9950635258219,16.485302887806494,-0.4918537838301332,1.0115398731268086,2.3885549214185766
2488,24,294.14938794316555,16.25721035795078,15.0,15.0,164.99331635192758,-65.01253057959468,303.95495708238343,14.294861292157861,294.14938794316555,16.25721035795078,-0.49004086531212987,1.0086483433331954,2.42546849067225
2489,24,294.2919022096374,16.046573310750897,15.0,15.0,165.12252181872313,-64.7698467015388,304.157030044432,14.409730983842223,294.2919022096374,16.046573310750897,-0.4884235976155025,1.0061115364426236,2.45948060742586
2490,24,294.42229956807205,15.853845135366749,15.0,15.0,165.2364488759187,-64.55507167461707,304.33245981688356,14.516413326684017,294.42229956807205,15.853845135366749,-0.4869934755863898,1.0039041341714028,2.4905368541490174
2491,24,294.5402732613039,15.679479220958283,15.0,15.0,165.33591133923517,-64.36695635969433,304.4833484534597,14.613995423269884,294.5402732613039,15.679479220958283,-0.48574176175464095,1.0020016721134166,2.518581727117472
2492,24,294.6455165321676,15.523928956685296,15.0,15.0,165.42169473642505,-64.20425337456166,304.61165853547925,14.701728512859205,294.6455165321676,15.523928956685296,-0.48465980760968264,1.0003810200178103,2.5435584774112847
2493,24,294.73772262349746,15.387647731707744,15.0,15.0,165.49453434849323,-64.06576459650655,304.71918295633884,14.779002002310378,294.73772262349746,15.387647731707744,-0.48373936028985104,0.999020830781502,2.5654089686116546
2494,24,294.8165847781281,15.271088935185487,15.0,15.0,165.55509459301697,-63.95038626940156,304.8075166089469,14.845317691521018,294.8165847781281,15.271088935185487,-0.4829728533065233,0.997901959869059,2.584073548105177
2495,24,294.88179623889397,15.174705956278384,15.0,15.0,165.60394966301217,-63.85715152033387,304.8780296359887,14.900264941107679,294.88179623889397,15.174705956278384,-0.482353680494899,0.9970078581083657,2.599490928238945
2496,24,294.9330502486296,15.09895218414646,15.0,15.0,165.64156533142088,-63.785270161999534,304.9318418681478,14.943497530135431,294.9330502486296,15.09895218414646,-0.48187645276275215,0.9963249416832033,2.6115980730767396
2497,24,294.9700400501695,15.044281007949465,15.0,15.0,165.66828184012925,-63.734165692813306,304.9697980615603,14.974712957631098,294.9700400501695,15.044281007949465,-0.481537237372509,0.9958429436111025,2.620330086203234
2498,24,294.9924588863481,15.011145816847332,15.0,15.0,165.68429781370492,-63.70350940327049,304.9924435548225,14.993634955159322,294.9924588863481,15.011145816847332,-0.48133377941988564,0.9955552510204914,2.625620094925492
2499,24,295.0,15.000000000000002,15.0,15.0,165.68965517241378,-63.693251451563654,305.0,15.0,295.0,15.000000000000002,-0.4812657048460797,0.995459232092684,2.627399126343189
